timestamp,device_id,state,cpu_load,memory_usage,temperature,battery,network_latency,fault_type,anomaly
2026-09-20 10:28:55,DT-001,NORMAL,27.44,39.19,39.6,99.99,20.95,NORMAL,0
2026-09-20 10:28:56,DT-001,NORMAL,25.46,38.99,38.96,99.99,20.89,NORMAL,0
2026-09-20 10:28:57,DT-001,FAULT,24.41,95.47,40.52,99.99,22.45,HIGH_MEMORY,1
2026-09-20 10:28:58,DT-001,FAULT,23.1,97.71,41.64,99.99,20.03,HIGH_MEMORY,1
2026-09-20 10:28:59,DT-001,FAULT,25.45,93.28,43.27,99.98,19.37,HIGH_MEMORY,1
2026-09-20 10:29:00,DT-001,FAULT,26.55,88.42,43.99,99.97,16.98,HIGH_MEMORY,1
2026-09-20 10:29:01,DT-001,FAULT,24.62,90.47,44.07,99.97,18.01,HIGH_MEMORY,1
2026-09-20 10:29:02,DT-001,FAULT,23.59,87.57,45.89,99.96,18.8,HIGH_MEMORY,1
2026-09-20 10:29:03,DT-001,FAULT,22.42,95.27,47.77,99.96,19.23,HIGH_MEMORY,1
2026-09-20 10:29:04,DT-001,FAULT,24.66,88.16,48.23,99.95,18.05,HIGH_MEMORY,1
2026-09-20 10:29:05,DT-001,FAULT,27.23,91.88,48.53,99.95,20.49,HIGH_MEMORY,1
2026-09-20 10:29:06,DT-001,FAULT,26.14,90.99,48.16,99.94,22.59,HIGH_MEMORY,1
2026-09-20 10:29:07,DT-001,FAULT,29.21,94.41,48.45,99.94,20.22,HIGH_MEMORY,1
2026-09-20 10:29:08,DT-001,FAULT,28.87,99.57,49.22,99.93,20.35,HIGH_MEMORY,1
2026-09-20 10:29:09,DT-001,FAULT,26.35,94.61,49.23,99.93,19.06,HIGH_MEMORY,1
2026-09-20 10:29:10,DT-001,FAULT,26.36,92.51,49.73,99.92,17.88,HIGH_MEMORY,1
2026-09-20 10:29:11,DT-001,FAULT,28.95,87.29,50.11,99.91,18.68,HIGH_MEMORY,1
2026-09-20 10:29:12,DT-001,FAULT,29.27,85.29,51.04,99.91,17.86,HIGH_MEMORY,1
2026-09-20 10:29:13,DT-001,FAULT,31.39,99.2,50.28,99.91,20.11,HIGH_MEMORY,1
2026-09-20 10:29:14,DT-001,FAULT,31.17,92.13,50.95,99.9,18.1,HIGH_MEMORY,1
2026-09-20 10:29:15,DT-001,NORMAL,33.07,86.64,49.44,99.9,19.53,NORMAL,0
2026-09-20 10:29:16,DT-001,NORMAL,31.74,83.76,48.72,99.9,19.67,NORMAL,0
2026-09-20 10:29:17,DT-001,NORMAL,30.08,78.8,47.97,99.89,18.19,NORMAL,0
2026-09-20 10:29:18,DT-001,NORMAL,30.78,73.94,47.76,99.88,16.06,NORMAL,0
2026-09-20 10:29:19,DT-001,NORMAL,31.62,69.52,46.45,99.87,16.83,NORMAL,0
2026-09-20 10:29:20,DT-001,NORMAL,32.99,67.68,45.36,99.87,16.78,NORMAL,0
2026-09-20 10:29:21,DT-001,NORMAL,32.51,65.73,45.08,99.86,14.93,NORMAL,0
2026-09-20 10:29:22,DT-001,NORMAL,31.39,64.46,44.21,99.86,15.16,NORMAL,0
2026-09-20 10:29:23,DT-001,NORMAL,30.06,61.11,44.39,99.86,17.6,NORMAL,0
2026-09-20 10:29:24,DT-001,NORMAL,27.63,60.8,44.44,99.85,20.14,NORMAL,0
2026-09-20 10:29:25,DT-001,NORMAL,26.06,58.67,43.58,99.84,17.74,NORMAL,0
2026-09-20 10:29:26,DT-001,NORMAL,29.08,55.96,43.63,99.84,17.55,NORMAL,0
2026-09-20 10:29:27,DT-001,NORMAL,31.84,54.56,43.58,99.84,16.7,NORMAL,0
2026-09-20 10:29:28,DT-001,NORMAL,32.09,53.26,43.58,99.84,17.48,NORMAL,0
2026-09-20 10:29:29,DT-001,NORMAL,33.78,50.7,43.89,99.84,16.04,NORMAL,0
2026-09-20 10:29:30,DT-001,NORMAL,34.35,48.68,42.95,99.83,15.06,NORMAL,0
2026-09-20 10:29:31,DT-001,NORMAL,34.56,47.52,42.78,99.82,17.91,NORMAL,0
2026-09-20 10:29:32,DT-001,NORMAL,35.27,45.82,42.35,99.82,17.03,NORMAL,0
2026-09-20 10:29:33,DT-001,NORMAL,36.1,43.7,42.05,99.81,20.01,NORMAL,0
2026-09-20 10:29:34,DT-001,NORMAL,33.95,42.49,42.47,99.8,22.06,NORMAL,0
2026-09-20 10:29:35,DT-001,NORMAL,31.7,43.44,42.52,99.79,24.48,NORMAL,0
2026-09-20 10:29:36,DT-001,NORMAL,28.87,44.24,41.98,99.78,26.4,NORMAL,0
2026-09-20 10:29:37,DT-001,NORMAL,26.91,42.4,41.86,99.78,26.33,NORMAL,0
2026-09-20 10:29:38,DT-001,NORMAL,25.62,42.64,41.33,99.78,27.89,NORMAL,0
2026-09-20 10:29:39,DT-001,NORMAL,23.86,42.1,40.88,99.78,28.56,NORMAL,0
2026-09-20 10:29:40,DT-001,NORMAL,23.18,42.76,40.86,99.77,25.06,NORMAL,0
2026-09-20 10:29:41,DT-001,NORMAL,25.93,43.94,40.84,99.76,25.0,NORMAL,0
2026-09-20 10:29:42,DT-001,NORMAL,24.33,42.86,41.33,99.76,26.45,NORMAL,0
2026-09-20 10:29:43,DT-001,NORMAL,23.33,41.67,40.63,99.75,27.88,NORMAL,0
2026-09-20 10:29:44,DT-001,NORMAL,24.65,40.26,41.18,99.74,29.66,NORMAL,0
2026-09-20 10:29:45,DT-001,NORMAL,27.24,38.52,41.41,99.74,31.02,NORMAL,0
2026-09-20 10:29:46,DT-001,NORMAL,29.49,39.79,40.93,99.73,27.8,NORMAL,0
2026-09-20 10:29:47,DT-001,NORMAL,31.47,38.81,41.29,99.72,25.97,NORMAL,0
2026-09-20 10:29:48,DT-001,NORMAL,29.86,37.21,40.72,99.72,27.34,NORMAL,0
2026-09-20 10:29:49,DT-001,NORMAL,28.68,38.0,40.5,99.71,26.8,NORMAL,0
2026-09-20 10:29:50,DT-001,NORMAL,26.73,39.9,39.99,99.7,24.85,NORMAL,0
2026-09-20 10:29:51,DT-001,NORMAL,26.71,40.73,39.72,99.69,24.43,NORMAL,0
2026-09-20 10:29:52,DT-001,NORMAL,27.45,39.77,40.05,99.69,26.29,NORMAL,0
2026-09-20 10:29:53,DT-001,NORMAL,28.89,40.67,40.29,99.69,23.34,NORMAL,0
2026-09-20 10:29:54,DT-001,NORMAL,28.08,39.93,40.76,99.68,21.92,NORMAL,0
2026-09-20 10:29:55,DT-001,NORMAL,27.78,39.59,40.39,99.68,21.3,NORMAL,0
2026-09-20 10:29:56,DT-001,NORMAL,28.96,41.08,40.52,99.68,21.43,NORMAL,0
2026-09-20 10:29:57,DT-001,FAULT,31.05,41.26,82.7,99.68,20.97,HIGH_TEMPERATURE,1
2026-09-20 10:29:58,DT-001,FAULT,34.79,42.2,91.92,99.67,20.96,HIGH_TEMPERATURE,1
2026-09-20 10:29:59,DT-001,FAULT,37.25,42.88,78.54,99.67,19.24,HIGH_TEMPERATURE,1
2026-09-20 10:30:00,DT-001,FAULT,39.88,43.85,82.28,99.67,20.02,HIGH_TEMPERATURE,1
2026-09-20 10:30:01,DT-001,FAULT,39.39,42.55,94.94,99.67,21.37,HIGH_TEMPERATURE,1
2026-09-20 10:30:02,DT-001,FAULT,42.29,41.12,83.48,99.66,18.8,HIGH_TEMPERATURE,1
2026-09-20 10:30:03,DT-001,FAULT,45.28,42.1,98.9,99.65,19.44,HIGH_TEMPERATURE,1
2026-09-20 10:30:04,DT-001,FAULT,48.08,42.68,97.74,99.64,19.75,HIGH_TEMPERATURE,1
2026-09-20 10:30:05,DT-001,FAULT,49.27,41.54,89.47,99.64,21.21,HIGH_TEMPERATURE,1
2026-09-20 10:30:06,DT-001,FAULT,46.82,39.87,89.88,99.64,20.12,HIGH_TEMPERATURE,1
2026-09-20 10:30:07,DT-001,FAULT,45.76,40.58,89.94,99.63,19.61,HIGH_TEMPERATURE,1
2026-09-20 10:30:08,DT-001,NORMAL,43.76,41.98,85.06,99.63,21.57,NORMAL,0
2026-09-20 10:30:09,DT-001,NORMAL,41.73,40.0,80.34,99.62,23.32,NORMAL,0
2026-09-20 10:30:10,DT-001,NORMAL,40.12,40.89,76.38,99.61,21.48,NORMAL,0
2026-09-20 10:30:11,DT-001,NORMAL,38.76,39.11,72.5,99.61,20.82,NORMAL,0
2026-09-20 10:30:12,DT-001,NORMAL,37.71,37.86,69.43,99.61,20.16,NORMAL,0
2026-09-20 10:30:13,DT-001,NORMAL,34.39,38.58,65.96,99.6,17.72,NORMAL,0
2026-09-20 10:30:14,DT-001,NORMAL,32.39,38.1,63.74,99.6,19.31,NORMAL,0
2026-09-20 10:30:15,DT-001,NORMAL,30.81,36.79,60.68,99.59,22.08,NORMAL,0
2026-09-20 10:30:16,DT-001,NORMAL,31.54,38.12,58.83,99.59,24.3,NORMAL,0
2026-09-20 10:30:17,DT-001,NORMAL,28.8,37.06,56.41,99.58,24.21,NORMAL,0
2026-09-20 10:30:18,DT-001,NORMAL,30.0,38.31,54.29,99.57,25.13,NORMAL,0
2026-09-20 10:30:19,DT-001,NORMAL,31.72,40.15,52.29,99.57,23.6,NORMAL,0
2026-09-20 10:30:20,DT-001,NORMAL,34.02,39.77,51.37,99.57,24.27,NORMAL,0
2026-09-20 10:30:21,DT-001,NORMAL,31.47,40.77,50.74,99.57,21.8,NORMAL,0
2026-09-20 10:30:22,DT-001,NORMAL,32.85,40.14,49.56,99.56,21.65,NORMAL,0
2026-09-20 10:30:23,DT-001,NORMAL,34.45,41.29,48.04,99.55,22.22,NORMAL,0
2026-09-20 10:30:24,DT-001,NORMAL,35.13,40.93,47.57,99.54,20.75,NORMAL,0
2026-09-20 10:30:25,DT-001,NORMAL,34.82,40.78,46.72,99.54,19.43,NORMAL,0
2026-09-20 10:30:26,DT-001,NORMAL,36.12,39.21,46.6,99.53,19.29,NORMAL,0
2026-09-20 10:30:27,DT-001,NORMAL,34.86,37.59,46.44,99.53,17.81,NORMAL,0
2026-09-20 10:30:28,DT-001,NORMAL,33.51,39.2,46.09,99.53,15.38,NORMAL,0
2026-09-20 10:30:29,DT-001,NORMAL,30.92,40.07,45.46,99.52,16.88,NORMAL,0
2026-09-20 10:30:30,DT-001,NORMAL,30.78,41.12,44.33,99.52,18.22,NORMAL,0
2026-09-20 10:30:31,DT-001,NORMAL,31.14,40.91,43.94,99.51,19.73,NORMAL,0
2026-09-20 10:30:32,DT-001,NORMAL,32.12,40.0,43.19,99.51,18.1,NORMAL,0
2026-09-20 10:30:33,DT-001,NORMAL,32.1,40.94,42.42,99.51,18.2,NORMAL,0
2026-09-20 10:30:34,DT-001,NORMAL,34.47,40.94,41.86,99.51,16.73,NORMAL,0
2026-09-20 10:30:35,DT-001,NORMAL,32.29,39.09,41.73,99.51,19.62,NORMAL,0
2026-09-20 10:30:36,DT-001,NORMAL,33.13,37.84,42.08,99.5,21.67,NORMAL,0
2026-09-20 10:30:37,DT-001,NORMAL,32.65,37.84,41.42,99.5,23.88,NORMAL,0
2026-09-20 10:30:38,DT-001,NORMAL,34.12,37.7,40.67,99.5,21.08,NORMAL,0
2026-09-20 10:30:39,DT-001,NORMAL,34.05,37.22,41.31,99.49,22.4,NORMAL,0
2026-09-20 10:30:40,DT-001,NORMAL,35.22,36.51,41.21,99.49,21.85,NORMAL,0
2026-09-20 10:30:41,DT-001,NORMAL,37.34,36.16,41.27,99.48,22.97,NORMAL,0
2026-09-20 10:30:42,DT-001,NORMAL,35.03,35.5,41.37,99.48,20.91,NORMAL,0
2026-09-20 10:30:43,DT-001,NORMAL,31.84,35.78,41.37,99.48,19.37,NORMAL,0
2026-09-20 10:30:44,DT-001,NORMAL,32.75,36.03,41.5,99.47,20.98,NORMAL,0
2026-09-20 10:30:45,DT-001,NORMAL,33.35,37.99,41.24,99.46,21.68,NORMAL,0
2026-09-20 10:30:46,DT-001,NORMAL,34.78,36.65,40.64,99.46,22.86,NORMAL,0
2026-09-20 10:30:47,DT-001,NORMAL,33.16,35.63,40.85,99.45,24.96,NORMAL,0
2026-09-20 10:30:48,DT-001,NORMAL,32.81,34.56,40.1,99.45,23.51,NORMAL,0
2026-09-20 10:30:49,DT-001,NORMAL,30.32,36.77,40.57,99.44,25.59,NORMAL,0
2026-09-20 10:30:50,DT-001,NORMAL,31.22,36.26,39.85,99.44,24.87,NORMAL,0
2026-09-20 10:30:51,DT-001,NORMAL,33.34,35.49,39.99,99.43,24.34,NORMAL,0
2026-09-20 10:30:52,DT-001,NORMAL,32.19,35.34,40.24,99.42,22.99,NORMAL,0
2026-09-20 10:30:53,DT-001,NORMAL,30.83,37.41,40.66,99.42,22.45,NORMAL,0
2026-09-20 10:30:54,DT-001,NORMAL,29.79,39.36,40.46,99.41,24.84,NORMAL,0
2026-09-20 10:30:55,DT-001,NORMAL,30.04,39.11,39.96,99.41,25.74,NORMAL,0
2026-09-20 10:30:56,DT-001,NORMAL,31.44,38.13,40.04,99.4,24.83,NORMAL,0
2026-09-20 10:30:57,DT-001,NORMAL,29.25,40.02,40.19,99.4,22.5,NORMAL,0
2026-09-20 10:30:58,DT-001,NORMAL,29.61,38.56,40.88,99.39,22.04,NORMAL,0
2026-09-20 10:30:59,DT-001,NORMAL,31.44,38.69,41.11,99.38,20.62,NORMAL,0
2026-09-20 10:31:00,DT-001,NORMAL,33.89,37.9,41.07,99.38,22.83,NORMAL,0
2026-09-20 10:31:01,DT-001,NORMAL,35.55,39.42,40.64,99.37,22.09,NORMAL,0
2026-09-20 10:31:02,DT-001,NORMAL,35.04,40.63,40.26,99.37,22.35,NORMAL,0
2026-09-20 10:31:03,DT-001,NORMAL,34.48,39.31,40.29,99.36,22.4,NORMAL,0
2026-09-20 10:31:04,DT-001,NORMAL,33.79,38.73,39.81,99.36,22.54,NORMAL,0
2026-09-20 10:31:05,DT-001,NORMAL,34.9,37.22,40.19,99.35,23.97,NORMAL,0
2026-09-20 10:31:06,DT-001,NORMAL,35.29,38.65,40.86,99.34,21.07,NORMAL,0
2026-09-20 10:31:07,DT-001,NORMAL,35.25,40.12,41.31,99.34,21.11,NORMAL,0
2026-09-20 10:31:08,DT-001,NORMAL,35.93,39.78,41.4,99.34,20.83,NORMAL,0
2026-09-20 10:31:09,DT-001,NORMAL,34.46,40.5,41.48,99.33,22.65,NORMAL,0
2026-09-20 10:31:10,DT-001,NORMAL,33.37,39.79,41.65,99.32,24.4,NORMAL,0
2026-09-20 10:31:11,DT-001,NORMAL,30.7,40.28,42.09,99.31,25.29,NORMAL,0
2026-09-20 10:31:12,DT-001,NORMAL,28.46,40.73,42.42,99.31,25.81,NORMAL,0
2026-09-20 10:31:13,DT-001,NORMAL,26.16,41.73,41.88,99.3,23.31,NORMAL,0
2026-09-20 10:31:14,DT-001,NORMAL,26.9,42.61,41.21,99.3,24.98,NORMAL,0
2026-09-20 10:31:15,DT-001,NORMAL,25.81,43.83,40.58,99.3,23.16,NORMAL,0
2026-09-20 10:31:16,DT-001,NORMAL,23.58,44.55,41.1,99.29,20.99,NORMAL,0
2026-09-20 10:31:17,DT-001,NORMAL,23.39,44.41,41.19,99.29,19.55,NORMAL,0
2026-09-20 10:31:18,DT-001,NORMAL,22.43,43.55,41.05,99.29,19.98,NORMAL,0
2026-09-20 10:31:19,DT-001,NORMAL,25.85,42.46,41.63,99.28,18.76,NORMAL,0
2026-09-20 10:31:20,DT-001,NORMAL,27.26,43.09,40.82,99.27,18.87,NORMAL,0
2026-09-20 10:31:21,DT-001,NORMAL,26.38,43.86,40.89,99.27,19.72,NORMAL,0
2026-09-20 10:31:22,DT-001,NORMAL,27.7,44.27,41.03,99.26,20.44,NORMAL,0
2026-09-20 10:31:23,DT-001,NORMAL,28.72,43.15,40.84,99.26,21.65,NORMAL,0
2026-09-20 10:31:24,DT-001,NORMAL,27.75,43.73,40.29,99.25,21.7,NORMAL,0
2026-09-20 10:31:25,DT-001,NORMAL,28.14,44.85,40.74,99.25,23.28,NORMAL,0
2026-09-20 10:31:26,DT-001,NORMAL,29.98,45.25,40.43,99.25,25.45,NORMAL,0
2026-09-20 10:31:27,DT-001,NORMAL,32.5,46.02,40.71,99.24,27.43,NORMAL,0
2026-09-20 10:31:28,DT-001,NORMAL,31.53,46.46,39.94,99.24,26.44,NORMAL,0
2026-09-20 10:31:29,DT-001,NORMAL,32.3,46.12,40.41,99.23,23.69,NORMAL,0
2026-09-20 10:31:30,DT-001,NORMAL,29.51,46.89,40.46,99.22,21.81,NORMAL,0
2026-09-20 10:31:31,DT-001,NORMAL,31.31,47.68,40.13,99.21,19.69,NORMAL,0
2026-09-20 10:31:32,DT-001,NORMAL,30.12,46.88,39.53,99.2,17.75,NORMAL,0
2026-09-20 10:31:33,DT-001,NORMAL,31.03,47.07,40.22,99.2,19.28,NORMAL,0
2026-09-20 10:31:34,DT-001,NORMAL,30.47,44.92,40.19,99.2,21.79,NORMAL,0
2026-09-20 10:31:35,DT-001,NORMAL,29.72,44.22,40.82,99.19,19.45,NORMAL,0
2026-09-20 10:31:36,DT-001,NORMAL,29.99,45.52,40.53,99.18,17.83,NORMAL,0
2026-09-20 10:31:37,DT-001,NORMAL,31.87,44.81,40.71,99.18,18.57,NORMAL,0
2026-09-20 10:31:38,DT-001,FAULT,38.39,45.36,90.9,99.17,19.01,HIGH_TEMPERATURE,1
2026-09-20 10:31:39,DT-001,FAULT,41.04,45.81,99.65,99.16,17.9,HIGH_TEMPERATURE,1
2026-09-20 10:31:40,DT-001,FAULT,44.1,46.3,85.88,99.15,16.13,HIGH_TEMPERATURE,1
2026-09-20 10:31:41,DT-001,FAULT,43.49,43.93,80.5,99.15,16.09,HIGH_TEMPERATURE,1
2026-09-20 10:31:42,DT-001,FAULT,45.49,43.04,91.53,99.15,14.97,HIGH_TEMPERATURE,1
2026-09-20 10:31:43,DT-001,FAULT,50.39,43.31,99.97,99.14,12.94,HIGH_TEMPERATURE,1
2026-09-20 10:31:44,DT-001,FAULT,48.69,41.57,85.09,99.14,15.81,HIGH_TEMPERATURE,1
2026-09-20 10:31:45,DT-001,FAULT,46.28,41.86,91.14,99.13,15.58,HIGH_TEMPERATURE,1
2026-09-20 10:31:46,DT-001,FAULT,47.44,41.42,97.31,99.13,16.86,HIGH_TEMPERATURE,1
2026-09-20 10:31:47,DT-001,FAULT,51.32,41.03,86.77,99.12,18.94,HIGH_TEMPERATURE,1
2026-09-20 10:31:48,DT-001,FAULT,48.63,40.25,88.43,99.12,20.06,HIGH_TEMPERATURE,1
2026-09-20 10:31:49,DT-001,FAULT,49.31,39.98,79.32,99.11,18.05,HIGH_TEMPERATURE,1
2026-09-20 10:31:50,DT-001,NORMAL,48.3,39.66,75.93,99.1,17.83,NORMAL,0
2026-09-20 10:31:51,DT-001,NORMAL,44.05,38.93,72.06,99.1,18.09,NORMAL,0
2026-09-20 10:31:52,DT-001,NORMAL,42.54,40.29,68.64,99.1,16.2,NORMAL,0
2026-09-20 10:31:53,DT-001,NORMAL,39.81,40.0,65.86,99.09,17.24,NORMAL,0
2026-09-20 10:31:54,DT-001,NORMAL,39.14,40.39,63.51,99.08,14.97,NORMAL,0
2026-09-20 10:31:55,DT-001,NORMAL,39.64,41.87,60.94,99.08,13.55,NORMAL,0
2026-09-20 10:31:56,DT-001,NORMAL,36.35,42.55,59.53,99.08,14.36,NORMAL,0
2026-09-20 10:31:57,DT-001,NORMAL,35.47,41.06,57.3,99.07,17.3,NORMAL,0
2026-09-20 10:31:58,DT-001,NORMAL,36.99,39.72,55.94,99.07,15.31,NORMAL,0
2026-09-20 10:31:59,DT-001,NORMAL,35.88,40.13,54.22,99.07,15.85,NORMAL,0
2026-09-20 10:32:00,DT-001,NORMAL,33.19,40.76,52.93,99.07,15.23,NORMAL,0
2026-09-20 10:32:01,DT-001,NORMAL,35.49,39.08,51.21,99.06,17.15,NORMAL,0
2026-09-20 10:32:02,DT-001,NORMAL,33.8,37.81,50.09,99.05,15.43,NORMAL,0
2026-09-20 10:32:03,DT-001,NORMAL,31.96,38.24,49.32,99.05,15.33,NORMAL,0
2026-09-20 10:32:04,DT-001,NORMAL,31.42,38.27,47.78,99.05,15.42,NORMAL,0
2026-09-20 10:32:05,DT-001,NORMAL,32.04,37.68,46.87,99.04,14.11,NORMAL,0
2026-09-20 10:32:06,DT-001,NORMAL,31.62,38.6,45.98,99.03,12.57,NORMAL,0
2026-09-20 10:32:07,DT-001,NORMAL,30.92,37.22,45.92,99.02,11.81,NORMAL,0
2026-09-20 10:32:08,DT-001,NORMAL,28.54,37.98,45.37,99.02,14.12,NORMAL,0
2026-09-20 10:32:09,DT-001,NORMAL,31.16,38.7,44.32,99.02,13.39,NORMAL,0
2026-09-20 10:32:10,DT-001,NORMAL,29.17,39.77,43.28,99.01,14.74,NORMAL,0
2026-09-20 10:32:11,DT-001,NORMAL,29.6,40.08,43.21,99.0,16.04,NORMAL,0
2026-09-20 10:32:12,DT-001,NORMAL,28.68,41.76,42.63,99.0,16.27,NORMAL,0
2026-09-20 10:32:13,DT-001,NORMAL,30.41,41.92,42.15,99.0,16.43,NORMAL,0
2026-09-20 10:32:14,DT-001,NORMAL,29.66,40.96,42.14,98.99,14.58,NORMAL,0
2026-09-20 10:32:15,DT-001,NORMAL,29.07,41.15,42.58,98.98,12.64,NORMAL,0
2026-09-20 10:32:16,DT-001,NORMAL,29.55,39.91,42.48,98.98,15.85,NORMAL,0
2026-09-20 10:32:17,DT-001,NORMAL,31.28,41.14,42.92,98.98,17.05,NORMAL,0
2026-09-20 10:32:18,DT-001,NORMAL,32.27,42.79,42.67,98.97,16.61,NORMAL,0
2026-09-20 10:32:19,DT-001,NORMAL,31.44,43.5,42.66,98.97,17.66,NORMAL,0
2026-09-20 10:32:20,DT-001,NORMAL,30.37,43.36,42.23,98.97,19.79,NORMAL,0
2026-09-20 10:32:21,DT-001,NORMAL,30.89,41.76,41.4,98.96,22.06,NORMAL,0
2026-09-20 10:32:22,DT-001,NORMAL,31.64,42.17,40.73,98.95,19.61,NORMAL,0
2026-09-20 10:32:23,DT-001,NORMAL,32.25,41.34,40.12,98.95,22.07,NORMAL,0
2026-09-20 10:32:24,DT-001,NORMAL,34.26,39.74,40.35,98.94,19.26,NORMAL,0
2026-09-20 10:32:25,DT-001,NORMAL,36.27,39.2,40.7,98.94,22.03,NORMAL,0
2026-09-20 10:32:26,DT-001,NORMAL,34.54,40.31,40.64,98.93,23.12,NORMAL,0
2026-09-20 10:32:27,DT-001,NORMAL,34.96,41.64,40.75,98.93,20.94,NORMAL,0
2026-09-20 10:32:28,DT-001,NORMAL,35.5,41.92,41.25,98.92,18.38,NORMAL,0
2026-09-20 10:32:29,DT-001,NORMAL,36.14,43.42,41.29,98.91,20.08,NORMAL,0
2026-09-20 10:32:30,DT-001,NORMAL,34.12,44.75,41.57,98.9,18.42,NORMAL,0
2026-09-20 10:32:31,DT-001,NORMAL,34.09,44.07,41.8,98.9,18.59,NORMAL,0
2026-09-20 10:32:32,DT-001,NORMAL,31.85,42.58,41.77,98.89,16.31,NORMAL,0
2026-09-20 10:32:33,DT-001,NORMAL,30.97,43.88,41.9,98.88,14.65,NORMAL,0
2026-09-20 10:32:34,DT-001,NORMAL,29.04,43.31,41.73,98.87,12.98,NORMAL,0
2026-09-20 10:32:35,DT-001,NORMAL,30.85,44.37,42.17,98.87,13.13,NORMAL,0
2026-09-20 10:32:36,DT-001,NORMAL,30.15,42.42,41.56,98.87,11.65,NORMAL,0
2026-09-20 10:32:37,DT-001,NORMAL,29.24,40.91,40.74,98.86,12.34,NORMAL,0
2026-09-20 10:32:38,DT-001,NORMAL,30.72,40.7,40.83,98.85,10.5,NORMAL,0
2026-09-20 10:32:39,DT-001,NORMAL,28.75,42.22,40.9,98.84,12.95,NORMAL,0
2026-09-20 10:32:40,DT-001,NORMAL,26.83,41.06,41.01,98.84,11.29,NORMAL,0
2026-09-20 10:32:41,DT-001,NORMAL,27.15,41.08,41.1,98.83,13.34,NORMAL,0
2026-09-20 10:32:42,DT-001,NORMAL,24.74,40.44,41.09,98.83,14.92,NORMAL,0
2026-09-20 10:32:43,DT-001,NORMAL,24.52,42.03,41.05,98.82,15.47,NORMAL,0
2026-09-20 10:32:44,DT-001,FAULT,25.8,43.56,40.59,98.82,251.02,HIGH_NETWORK_LATENCY,1
2026-09-20 10:32:45,DT-001,FAULT,27.48,43.66,40.92,98.81,136.85,HIGH_NETWORK_LATENCY,1
2026-09-20 10:32:46,DT-001,FAULT,27.98,44.43,40.36,98.81,384.25,HIGH_NETWORK_LATENCY,1
2026-09-20 10:32:47,DT-001,FAULT,28.89,45.11,39.7,98.8,231.51,HIGH_NETWORK_LATENCY,1
2026-09-20 10:32:48,DT-001,FAULT,26.54,43.51,39.07,98.79,495.87,HIGH_NETWORK_LATENCY,1
2026-09-20 10:32:49,DT-001,FAULT,27.12,42.27,39.52,98.79,416.72,HIGH_NETWORK_LATENCY,1
2026-09-20 10:32:50,DT-001,NORMAL,26.5,40.69,39.38,98.78,378.36,NORMAL,0
2026-09-20 10:32:51,DT-001,NORMAL,26.24,42.33,39.44,98.77,344.82,NORMAL,0
2026-09-20 10:32:52,DT-001,NORMAL,28.24,42.91,38.89,98.77,314.08,NORMAL,0
2026-09-20 10:32:53,DT-001,NORMAL,27.45,41.11,39.23,98.76,285.22,NORMAL,0
2026-09-20 10:32:54,DT-001,NORMAL,28.73,40.47,38.65,98.76,257.9,NORMAL,0
2026-09-20 10:32:55,DT-001,NORMAL,27.64,42.15,39.43,98.76,234.86,NORMAL,0
2026-09-20 10:32:56,DT-001,NORMAL,29.5,42.58,40.14,98.75,213.95,NORMAL,0
2026-09-20 10:32:57,DT-001,NORMAL,27.04,40.76,40.53,98.75,193.92,NORMAL,0
2026-09-20 10:32:58,DT-001,NORMAL,27.9,41.33,41.12,98.75,177.95,NORMAL,0
2026-09-20 10:32:59,DT-001,NORMAL,28.27,40.83,41.22,98.74,160.07,NORMAL,0
2026-09-20 10:33:00,DT-001,NORMAL,28.44,40.34,41.19,98.74,144.77,NORMAL,0
2026-09-20 10:33:01,DT-001,NORMAL,31.28,39.54,41.67,98.74,130.25,NORMAL,0
2026-09-20 10:33:02,DT-001,NORMAL,30.89,41.02,41.42,98.74,120.21,NORMAL,0
2026-09-20 10:33:03,DT-001,NORMAL,29.83,40.37,40.66,98.73,112.3,NORMAL,0
2026-09-20 10:33:04,DT-001,NORMAL,30.99,41.87,40.79,98.72,103.12,NORMAL,0
2026-09-20 10:33:05,DT-001,NORMAL,29.27,40.38,41.13,98.72,95.1,NORMAL,0
2026-09-20 10:33:06,DT-001,NORMAL,30.99,40.53,41.18,98.72,86.56,NORMAL,0
2026-09-20 10:33:07,DT-001,NORMAL,32.07,40.57,41.45,98.71,77.6,NORMAL,0
2026-09-20 10:33:08,DT-001,NORMAL,32.63,40.33,41.56,98.71,73.88,NORMAL,0
2026-09-20 10:33:09,DT-001,NORMAL,33.12,39.15,42.08,98.7,70.71,NORMAL,0
2026-09-20 10:33:10,DT-001,NORMAL,30.78,37.99,41.39,98.7,66.77,NORMAL,0
2026-09-20 10:33:11,DT-001,NORMAL,33.08,39.61,41.75,98.7,62.82,NORMAL,0
2026-09-20 10:33:12,DT-001,NORMAL,30.75,38.94,41.62,98.69,56.75,NORMAL,0
2026-09-20 10:33:13,DT-001,NORMAL,28.81,39.62,41.77,98.69,54.93,NORMAL,0
2026-09-20 10:33:14,DT-001,NORMAL,30.68,37.96,40.94,98.68,51.85,NORMAL,0
2026-09-20 10:33:15,DT-001,NORMAL,32.06,37.86,41.05,98.68,49.35,NORMAL,0
2026-09-20 10:33:16,DT-001,NORMAL,34.32,38.01,41.38,98.67,45.32,NORMAL,0
2026-09-20 10:33:17,DT-001,NORMAL,31.51,38.0,41.22,98.67,43.37,NORMAL,0
2026-09-20 10:33:18,DT-001,NORMAL,32.54,39.04,41.62,98.66,39.03,NORMAL,0
2026-09-20 10:33:19,DT-001,NORMAL,32.62,38.48,41.41,98.66,35.77,NORMAL,0
2026-09-20 10:33:20,DT-001,NORMAL,31.22,38.22,41.43,98.65,36.17,NORMAL,0
2026-09-20 10:33:21,DT-001,NORMAL,30.17,38.68,41.02,98.65,34.54,NORMAL,0
2026-09-20 10:33:22,DT-001,NORMAL,30.14,38.12,40.23,98.64,33.12,NORMAL,0
2026-09-20 10:33:23,DT-001,NORMAL,28.59,37.78,39.56,98.63,33.87,NORMAL,0
2026-09-20 10:33:24,DT-001,NORMAL,28.57,38.13,40.11,98.63,34.55,NORMAL,0
2026-09-20 10:33:25,DT-001,NORMAL,30.14,37.84,39.95,98.62,31.44,NORMAL,0
2026-09-20 10:33:26,DT-001,NORMAL,27.82,38.07,40.34,98.62,32.94,NORMAL,0
2026-09-20 10:33:27,DT-001,NORMAL,25.98,39.97,40.15,98.61,30.78,NORMAL,0
2026-09-20 10:33:28,DT-001,NORMAL,27.76,38.89,40.15,98.61,27.24,NORMAL,0
2026-09-20 10:33:29,DT-001,NORMAL,27.08,38.91,40.07,98.6,26.6,NORMAL,0
2026-09-20 10:33:30,DT-001,NORMAL,27.99,37.8,40.77,98.59,24.86,NORMAL,0
2026-09-20 10:33:31,DT-001,NORMAL,29.96,38.14,40.99,98.59,26.08,NORMAL,0
2026-09-20 10:33:32,DT-001,NORMAL,30.9,40.05,41.02,98.58,26.69,NORMAL,0
2026-09-20 10:33:33,DT-001,NORMAL,28.26,39.96,41.59,98.57,27.51,NORMAL,0
2026-09-20 10:33:34,DT-001,NORMAL,29.63,40.26,40.95,98.57,27.41,NORMAL,0
2026-09-20 10:33:35,DT-001,NORMAL,27.76,40.88,40.18,98.56,24.56,NORMAL,0
2026-09-20 10:33:36,DT-001,FAULT,29.78,41.48,97.2,98.55,26.37,HIGH_TEMPERATURE,1
2026-09-20 10:33:37,DT-001,FAULT,29.01,40.03,89.56,98.55,26.61,HIGH_TEMPERATURE,1
2026-09-20 10:33:38,DT-001,FAULT,30.56,41.51,93.86,98.54,27.42,HIGH_TEMPERATURE,1
2026-09-20 10:33:39,DT-001,FAULT,36.41,41.76,82.95,98.54,26.99,HIGH_TEMPERATURE,1
2026-09-20 10:33:40,DT-001,FAULT,39.35,40.82,85.67,98.53,25.3,HIGH_TEMPERATURE,1
2026-09-20 10:33:41,DT-001,FAULT,44.1,39.92,99.56,98.53,24.12,HIGH_TEMPERATURE,1
2026-09-20 10:33:42,DT-001,FAULT,47.36,41.03,85.62,98.52,24.87,HIGH_TEMPERATURE,1
2026-09-20 10:33:43,DT-001,FAULT,44.99,40.85,93.32,98.52,26.72,HIGH_TEMPERATURE,1
2026-09-20 10:33:44,DT-001,FAULT,44.38,41.08,92.03,98.51,26.22,HIGH_TEMPERATURE,1
2026-09-20 10:33:45,DT-001,FAULT,47.12,41.75,90.11,98.5,22.92,HIGH_TEMPERATURE,1
2026-09-20 10:33:46,DT-001,FAULT,46.51,43.14,99.21,98.5,21.01,HIGH_TEMPERATURE,1
2026-09-20 10:33:47,DT-001,FAULT,50.33,44.3,93.91,98.49,21.1,HIGH_TEMPERATURE,1
2026-09-20 10:33:48,DT-001,FAULT,52.51,42.7,99.94,98.49,23.25,HIGH_TEMPERATURE,1
2026-09-20 10:33:49,DT-001,FAULT,53.08,44.0,78.2,98.48,24.96,HIGH_TEMPERATURE,1
2026-09-20 10:33:50,DT-001,FAULT,53.34,45.34,88.87,98.47,24.7,HIGH_TEMPERATURE,1
2026-09-20 10:33:51,DT-001,FAULT,54.19,44.69,88.1,98.47,22.41,HIGH_TEMPERATURE,1
2026-09-20 10:33:52,DT-001,FAULT,54.36,45.07,81.86,98.47,23.56,HIGH_TEMPERATURE,1
2026-09-20 10:33:53,DT-001,FAULT,54.77,45.74,82.07,98.46,24.11,HIGH_TEMPERATURE,1
2026-09-20 10:33:54,DT-001,NORMAL,50.93,44.31,77.48,98.46,26.15,NORMAL,0
2026-09-20 10:33:55,DT-001,NORMAL,50.04,42.12,73.95,98.45,23.17,NORMAL,0
2026-09-20 10:33:56,DT-001,NORMAL,46.99,41.57,70.56,98.44,23.96,NORMAL,0
2026-09-20 10:33:57,DT-001,NORMAL,43.23,42.91,67.21,98.44,22.04,NORMAL,0
2026-09-20 10:33:58,DT-001,NORMAL,40.03,43.51,64.64,98.43,22.11,NORMAL,0
2026-09-20 10:33:59,DT-001,NORMAL,39.23,43.75,61.77,98.43,23.27,NORMAL,0
2026-09-20 10:34:00,DT-001,NORMAL,36.05,43.18,59.89,98.43,23.29,NORMAL,0
2026-09-20 10:34:01,DT-001,NORMAL,35.7,42.88,58.0,98.43,22.03,NORMAL,0
2026-09-20 10:34:02,DT-001,NORMAL,33.06,41.53,56.32,98.43,21.89,NORMAL,0
2026-09-20 10:34:03,DT-001,NORMAL,32.5,41.43,54.63,98.42,21.49,NORMAL,0
2026-09-20 10:34:04,DT-001,NORMAL,33.46,40.91,53.62,98.42,21.77,NORMAL,0
2026-09-20 10:34:05,DT-001,NORMAL,32.27,39.25,52.97,98.41,19.26,NORMAL,0
2026-09-20 10:34:06,DT-001,NORMAL,29.52,39.0,52.06,98.4,21.92,NORMAL,0
2026-09-20 10:34:07,DT-001,NORMAL,29.14,40.87,50.69,98.39,23.92,NORMAL,0
2026-09-20 10:34:08,DT-001,NORMAL,30.21,41.37,49.67,98.38,22.71,NORMAL,0
2026-09-20 10:34:09,DT-001,NORMAL,30.39,41.33,49.03,98.38,19.76,NORMAL,0
2026-09-20 10:34:10,DT-001,FAULT,32.67,41.36,85.62,98.37,18.42,HIGH_TEMPERATURE,1
2026-09-20 10:34:11,DT-001,FAULT,39.18,42.03,94.85,98.37,18.14,HIGH_TEMPERATURE,1
2026-09-20 10:34:12,DT-001,FAULT,35.89,40.77,93.47,98.37,18.85,HIGH_TEMPERATURE,1
2026-09-20 10:34:13,DT-001,FAULT,39.12,40.34,79.24,98.36,20.93,HIGH_TEMPERATURE,1
2026-09-20 10:34:14,DT-001,FAULT,38.67,41.45,92.8,98.36,21.37,HIGH_TEMPERATURE,1
2026-09-20 10:34:15,DT-001,FAULT,41.48,40.02,79.34,98.36,20.15,HIGH_TEMPERATURE,1
2026-09-20 10:34:16,DT-001,FAULT,47.09,41.5,99.39,98.35,20.12,HIGH_TEMPERATURE,1
2026-09-20 10:34:17,DT-001,FAULT,50.08,42.38,86.28,98.35,18.21,HIGH_TEMPERATURE,1
2026-09-20 10:34:18,DT-001,FAULT,50.74,43.4,98.12,98.34,20.04,HIGH_TEMPERATURE,1
2026-09-20 10:34:19,DT-001,FAULT,55.8,43.26,92.23,98.34,18.43,HIGH_TEMPERATURE,1
2026-09-20 10:34:20,DT-001,FAULT,58.11,41.47,92.82,98.34,17.34,HIGH_TEMPERATURE,1
2026-09-20 10:34:21,DT-001,FAULT,61.66,40.2,88.55,98.33,17.92,HIGH_TEMPERATURE,1
2026-09-20 10:34:22,DT-001,FAULT,62.59,41.83,80.58,98.32,20.63,HIGH_TEMPERATURE,1
2026-09-20 10:34:23,DT-001,FAULT,63.1,40.72,90.15,98.32,22.81,HIGH_TEMPERATURE,1
2026-09-20 10:34:24,DT-001,FAULT,59.64,40.77,88.94,98.32,22.59,HIGH_TEMPERATURE,1
2026-09-20 10:34:25,DT-001,FAULT,62.08,40.58,87.11,98.31,21.64,HIGH_TEMPERATURE,1
2026-09-20 10:34:26,DT-001,FAULT,58.13,39.25,87.19,98.3,21.9,HIGH_TEMPERATURE,1
2026-09-20 10:34:27,DT-001,FAULT,55.69,38.89,93.07,98.29,22.55,HIGH_TEMPERATURE,1
2026-09-20 10:34:28,DT-001,FAULT,55.7,40.68,95.49,98.29,20.5,HIGH_TEMPERATURE,1
2026-09-20 10:34:29,DT-001,NORMAL,53.07,42.11,90.0,98.28,18.07,NORMAL,0
2026-09-20 10:34:30,DT-001,NORMAL,52.63,43.5,85.24,98.27,17.79,NORMAL,0
2026-09-20 10:34:31,DT-001,NORMAL,48.92,43.9,80.01,98.27,17.32,NORMAL,0
2026-09-20 10:34:32,DT-001,NORMAL,47.93,43.93,75.99,98.26,14.93,NORMAL,0
2026-09-20 10:34:33,DT-001,NORMAL,43.5,43.64,72.06,98.26,12.83,NORMAL,0
2026-09-20 10:34:34,DT-001,NORMAL,43.09,44.38,69.45,98.25,11.36,NORMAL,0
2026-09-20 10:34:35,DT-001,NORMAL,40.12,44.04,66.96,98.25,11.67,NORMAL,0
2026-09-20 10:34:36,DT-001,NORMAL,38.6,43.87,64.97,98.25,13.5,NORMAL,0
2026-09-20 10:34:37,DT-001,NORMAL,38.57,44.77,62.84,98.25,13.5,NORMAL,0
2026-09-20 10:34:38,DT-001,NORMAL,35.31,42.53,60.09,98.24,13.79,NORMAL,0
2026-09-20 10:34:39,DT-001,NORMAL,35.14,43.56,57.5,98.24,11.94,NORMAL,0
2026-09-20 10:34:40,DT-001,NORMAL,36.61,44.6,55.71,98.24,10.45,NORMAL,0
2026-09-20 10:34:41,DT-001,NORMAL,38.11,44.37,53.47,98.23,10.4,NORMAL,0
2026-09-20 10:34:42,DT-001,NORMAL,37.77,44.84,52.43,98.22,9.08,NORMAL,0
2026-09-20 10:34:43,DT-001,NORMAL,35.59,45.56,51.02,98.22,9.26,NORMAL,0
2026-09-20 10:34:44,DT-001,NORMAL,33.09,46.76,50.24,98.21,12.9,NORMAL,0
2026-09-20 10:34:45,DT-001,NORMAL,32.44,47.31,48.99,98.2,16.06,NORMAL,0
2026-09-20 10:34:46,DT-001,NORMAL,33.67,44.88,47.76,98.19,16.41,NORMAL,0
2026-09-20 10:34:47,DT-001,NORMAL,35.69,44.15,47.25,98.19,14.53,NORMAL,0
2026-09-20 10:34:48,DT-001,NORMAL,36.73,44.5,45.92,98.18,16.22,NORMAL,0
2026-09-20 10:34:49,DT-001,NORMAL,37.35,43.39,44.76,98.18,15.56,NORMAL,0
2026-09-20 10:34:50,DT-001,NORMAL,35.37,41.73,43.84,98.18,16.3,NORMAL,0
2026-09-20 10:34:51,DT-001,NORMAL,32.27,41.03,42.87,98.17,15.72,NORMAL,0
2026-09-20 10:34:52,DT-001,NORMAL,30.92,40.52,41.98,98.16,18.34,NORMAL,0
2026-09-20 10:34:53,DT-001,NORMAL,31.22,39.28,41.61,98.16,17.43,NORMAL,0
2026-09-20 10:34:54,DT-001,NORMAL,28.74,39.12,41.34,98.16,15.4,NORMAL,0
2026-09-20 10:34:55,DT-001,NORMAL,27.5,39.66,41.34,98.16,13.74,NORMAL,0
2026-09-20 10:34:56,DT-001,NORMAL,30.17,39.09,41.38,98.15,13.45,NORMAL,0
2026-09-20 10:34:57,DT-001,NORMAL,31.86,40.47,41.92,98.15,13.13,NORMAL,0
2026-09-20 10:34:58,DT-001,NORMAL,30.06,39.76,42.4,98.14,12.69,NORMAL,0
2026-09-20 10:34:59,DT-001,NORMAL,30.0,40.05,41.79,98.13,15.13,NORMAL,0
2026-09-20 10:35:00,DT-001,NORMAL,27.92,40.28,41.74,98.13,16.6,NORMAL,0
2026-09-20 10:35:01,DT-001,NORMAL,30.57,40.11,41.87,98.12,15.81,NORMAL,0
2026-09-20 10:35:02,DT-001,NORMAL,32.24,41.17,41.55,98.12,16.95,NORMAL,0
2026-09-20 10:35:03,DT-001,NORMAL,32.87,41.82,41.81,98.12,19.91,NORMAL,0
2026-09-20 10:35:04,DT-001,NORMAL,32.05,41.67,42.24,98.11,20.15,NORMAL,0
2026-09-20 10:35:05,DT-001,NORMAL,31.08,42.92,42.07,98.11,17.9,NORMAL,0
2026-09-20 10:35:06,DT-001,NORMAL,31.83,42.11,42.07,98.1,20.72,NORMAL,0
2026-09-20 10:35:07,DT-001,NORMAL,31.1,42.81,42.53,98.1,18.0,NORMAL,0
2026-09-20 10:35:08,DT-001,NORMAL,31.05,42.59,42.4,98.09,17.91,NORMAL,0
2026-09-20 10:35:09,DT-001,NORMAL,32.42,42.65,42.16,98.09,15.55,NORMAL,0
2026-09-20 10:35:10,DT-001,NORMAL,31.72,44.05,41.39,98.08,14.06,NORMAL,0
2026-09-20 10:35:11,DT-001,NORMAL,31.31,42.59,41.23,98.08,14.32,NORMAL,0
2026-09-20 10:35:12,DT-001,NORMAL,30.2,41.61,41.55,98.08,16.77,NORMAL,0
2026-09-20 10:35:13,DT-001,NORMAL,31.13,40.24,42.09,98.07,15.34,NORMAL,0
2026-09-20 10:35:14,DT-001,NORMAL,31.34,41.87,41.5,98.07,14.1,NORMAL,0
2026-09-20 10:35:15,DT-001,NORMAL,30.84,39.99,41.51,98.07,15.19,NORMAL,0
2026-09-20 10:35:16,DT-001,NORMAL,31.86,38.93,41.72,98.06,13.31,NORMAL,0
2026-09-20 10:35:17,DT-001,NORMAL,33.69,37.91,41.3,98.05,12.69,NORMAL,0
2026-09-20 10:35:18,DT-001,NORMAL,33.47,38.62,41.31,98.05,13.89,NORMAL,0
2026-09-20 10:35:19,DT-001,NORMAL,34.99,39.18,41.63,98.04,13.41,NORMAL,0
2026-09-20 10:35:20,DT-001,NORMAL,32.25,37.94,40.92,98.04,12.36,NORMAL,0
2026-09-20 10:35:21,DT-001,NORMAL,32.08,37.86,40.3,98.03,11.43,NORMAL,0
2026-09-20 10:35:22,DT-001,NORMAL,32.92,38.59,40.99,98.03,12.23,NORMAL,0
2026-09-20 10:35:23,DT-001,NORMAL,31.62,38.56,40.25,98.03,10.36,NORMAL,0
2026-09-20 10:35:24,DT-001,NORMAL,33.16,40.37,40.23,98.02,12.32,NORMAL,0
2026-09-20 10:35:25,DT-001,NORMAL,34.68,40.29,39.61,98.02,14.5,NORMAL,0
2026-09-20 10:35:26,DT-001,NORMAL,33.0,40.4,39.17,98.02,16.36,NORMAL,0
2026-09-20 10:35:27,DT-001,NORMAL,32.97,38.97,38.7,98.01,18.47,NORMAL,0
2026-09-20 10:35:28,DT-001,NORMAL,34.41,37.42,39.14,98.0,21.26,NORMAL,0
2026-09-20 10:35:29,DT-001,NORMAL,35.75,38.58,38.94,97.99,20.87,NORMAL,0
2026-09-20 10:35:30,DT-001,NORMAL,36.89,38.51,39.76,97.98,19.36,NORMAL,0
2026-09-20 10:35:31,DT-001,NORMAL,36.67,38.12,40.08,97.98,17.62,NORMAL,0
2026-09-20 10:35:32,DT-001,NORMAL,34.42,37.25,39.44,97.97,16.68,NORMAL,0
2026-09-20 10:35:33,DT-001,NORMAL,33.03,38.26,39.19,97.97,18.94,NORMAL,0
2026-09-20 10:35:34,DT-001,NORMAL,33.69,36.98,39.94,97.96,21.31,NORMAL,0
2026-09-20 10:35:35,DT-001,NORMAL,35.31,35.94,40.47,97.96,22.32,NORMAL,0
2026-09-20 10:35:36,DT-001,NORMAL,36.19,36.98,40.41,97.96,20.84,NORMAL,0
2026-09-20 10:35:37,DT-001,NORMAL,35.31,37.76,40.92,97.96,20.84,NORMAL,0
2026-09-20 10:35:38,DT-001,NORMAL,37.13,37.51,41.47,97.95,18.07,NORMAL,0
2026-09-20 10:35:39,DT-001,NORMAL,37.68,38.59,41.27,97.95,17.5,NORMAL,0
2026-09-20 10:35:40,DT-001,NORMAL,37.1,37.72,41.04,97.94,16.5,NORMAL,0
2026-09-20 10:35:41,DT-001,NORMAL,35.51,38.23,41.03,97.94,16.0,NORMAL,0
2026-09-20 10:35:42,DT-001,NORMAL,32.52,36.96,41.34,97.93,14.37,NORMAL,0
2026-09-20 10:35:43,DT-001,NORMAL,31.95,35.47,41.86,97.93,15.95,NORMAL,0
2026-09-20 10:35:44,DT-001,NORMAL,32.57,34.69,42.3,97.93,17.19,NORMAL,0
2026-09-20 10:35:45,DT-001,NORMAL,31.62,36.68,41.59,97.92,16.42,NORMAL,0
2026-09-20 10:35:46,DT-001,NORMAL,30.02,37.57,41.72,97.92,16.66,NORMAL,0
2026-09-20 10:35:47,DT-001,NORMAL,28.54,38.46,40.84,97.92,18.7,NORMAL,0
2026-09-20 10:35:48,DT-001,NORMAL,28.27,37.29,40.14,97.91,20.08,NORMAL,0
2026-09-20 10:35:49,DT-001,NORMAL,27.43,38.93,39.6,97.91,21.44,NORMAL,0
2026-09-20 10:35:50,DT-001,NORMAL,30.35,37.75,39.69,97.91,22.1,NORMAL,0
2026-09-20 10:35:51,DT-001,NORMAL,31.52,38.44,39.22,97.9,22.9,NORMAL,0
2026-09-20 10:35:52,DT-001,NORMAL,29.13,37.16,39.66,97.9,21.99,NORMAL,0
2026-09-20 10:35:53,DT-001,NORMAL,28.22,36.15,39.37,97.9,22.07,NORMAL,0
2026-09-20 10:35:54,DT-001,NORMAL,28.98,37.53,39.71,97.89,22.72,NORMAL,0
2026-09-20 10:35:55,DT-001,NORMAL,29.18,37.82,40.09,97.88,20.05,NORMAL,0
2026-09-20 10:35:56,DT-001,NORMAL,31.71,38.02,39.53,97.88,20.55,NORMAL,0
2026-09-20 10:35:57,DT-001,NORMAL,34.12,39.97,40.2,97.88,22.44,NORMAL,0
2026-09-20 10:35:58,DT-001,NORMAL,32.98,40.63,40.56,97.87,23.66,NORMAL,0
2026-09-20 10:35:59,DT-001,FAULT,94.43,38.91,41.87,97.86,23.33,HIGH_CPU,1
2026-09-20 10:36:00,DT-001,FAULT,89.16,39.74,42.7,97.85,23.62,HIGH_CPU,1
2026-09-20 10:36:01,DT-001,FAULT,94.51,38.7,45.55,97.85,22.67,HIGH_CPU,1
2026-09-20 10:36:02,DT-001,FAULT,85.87,37.27,46.45,97.84,24.27,HIGH_CPU,1
2026-09-20 10:36:03,DT-001,FAULT,96.11,37.37,47.2,97.84,25.15,HIGH_CPU,1
2026-09-20 10:36:04,DT-001,NORMAL,90.59,36.43,47.13,97.83,26.16,NORMAL,0
2026-09-20 10:36:05,DT-001,NORMAL,82.73,35.44,46.82,97.83,27.63,NORMAL,0
2026-09-20 10:36:06,DT-001,NORMAL,74.92,37.0,45.81,97.83,28.02,NORMAL,0
2026-09-20 10:36:07,DT-001,NORMAL,68.14,37.14,45.03,97.83,27.58,NORMAL,0
2026-09-20 10:36:08,DT-001,NORMAL,63.0,36.0,44.63,97.82,25.35,NORMAL,0
2026-09-20 10:36:09,DT-001,NORMAL,57.24,37.7,43.8,97.81,24.19,NORMAL,0
2026-09-20 10:36:10,DT-001,NORMAL,56.85,39.22,43.5,97.8,25.07,NORMAL,0
2026-09-20 10:36:11,DT-001,NORMAL,53.2,39.0,43.47,97.8,22.28,NORMAL,0
2026-09-20 10:36:12,DT-001,NORMAL,50.89,40.54,42.66,97.79,24.65,NORMAL,0
2026-09-20 10:36:13,DT-001,NORMAL,46.47,40.36,42.08,97.79,23.25,NORMAL,0
2026-09-20 10:36:14,DT-001,NORMAL,42.17,39.25,41.96,97.78,23.59,NORMAL,0
2026-09-20 10:36:15,DT-001,NORMAL,41.45,39.3,42.16,97.78,25.39,NORMAL,0
2026-09-20 10:36:16,DT-001,NORMAL,38.93,37.59,41.81,97.78,24.03,NORMAL,0
2026-09-20 10:36:17,DT-001,NORMAL,40.07,39.46,40.91,97.77,25.51,NORMAL,0
2026-09-20 10:36:18,DT-001,NORMAL,36.92,39.62,40.45,97.77,22.58,NORMAL,0
2026-09-20 10:36:19,DT-001,NORMAL,37.37,38.19,41.01,97.76,22.43,NORMAL,0
2026-09-20 10:36:20,DT-001,NORMAL,35.95,40.08,40.31,97.76,20.21,NORMAL,0
2026-09-20 10:36:21,DT-001,NORMAL,33.06,40.32,40.18,97.75,18.77,NORMAL,0
2026-09-20 10:36:22,DT-001,NORMAL,31.75,41.37,40.46,97.74,17.91,NORMAL,0
2026-09-20 10:36:23,DT-001,NORMAL,29.28,40.16,40.81,97.73,16.25,NORMAL,0
2026-09-20 10:36:24,DT-001,NORMAL,29.17,39.81,40.78,97.72,15.05,NORMAL,0
2026-09-20 10:36:25,DT-001,NORMAL,27.98,38.46,40.21,97.72,17.31,NORMAL,0
2026-09-20 10:36:26,DT-001,NORMAL,25.7,39.82,39.94,97.72,16.22,NORMAL,0
2026-09-20 10:36:27,DT-001,NORMAL,26.21,40.48,39.6,97.71,14.06,NORMAL,0
2026-09-20 10:36:28,DT-001,NORMAL,26.33,41.32,39.28,97.7,16.3,NORMAL,0
2026-09-20 10:36:29,DT-001,NORMAL,24.06,42.38,40.05,97.7,18.42,NORMAL,0
2026-09-20 10:36:30,DT-001,NORMAL,25.36,42.66,40.16,97.7,20.26,NORMAL,0
2026-09-20 10:36:31,DT-001,FAULT,89.97,42.19,40.7,97.69,22.02,HIGH_CPU,1
2026-09-20 10:36:32,DT-001,FAULT,85.44,40.78,43.1,97.68,21.25,HIGH_CPU,1
2026-09-20 10:36:33,DT-001,FAULT,85.52,39.67,44.58,97.68,23.19,HIGH_CPU,1
2026-09-20 10:36:34,DT-001,FAULT,89.2,38.97,45.27,97.67,20.5,HIGH_CPU,1
2026-09-20 10:36:35,DT-001,FAULT,96.92,40.46,47.76,97.67,22.08,HIGH_CPU,1
2026-09-20 10:36:36,DT-001,FAULT,92.54,39.9,48.82,97.66,24.1,HIGH_CPU,1
2026-09-20 10:36:37,DT-001,FAULT,85.88,39.26,50.52,97.65,25.2,HIGH_CPU,1
2026-09-20 10:36:38,DT-001,FAULT,94.85,40.3,51.72,97.64,22.52,HIGH_CPU,1
2026-09-20 10:36:39,DT-001,FAULT,97.7,41.77,52.5,97.63,20.75,HIGH_CPU,1
2026-09-20 10:36:40,DT-001,FAULT,97.09,42.81,54.14,97.63,21.18,HIGH_CPU,1
2026-09-20 10:36:41,DT-001,FAULT,93.45,40.83,54.4,97.62,21.4,HIGH_CPU,1
2026-09-20 10:36:42,DT-001,NORMAL,89.16,40.72,52.68,97.62,19.05,NORMAL,0
2026-09-20 10:36:43,DT-001,NORMAL,81.73,40.74,50.69,97.61,17.53,NORMAL,0
2026-09-20 10:36:44,DT-001,NORMAL,77.73,42.18,50.12,97.6,15.2,NORMAL,0
2026-09-20 10:36:45,DT-001,NORMAL,75.21,42.95,49.61,97.6,18.16,NORMAL,0
2026-09-20 10:36:46,DT-001,NORMAL,73.07,42.28,48.07,97.59,16.39,NORMAL,0
2026-09-20 10:36:47,DT-001,NORMAL,71.19,43.1,47.93,97.59,14.99,NORMAL,0
2026-09-20 10:36:48,DT-001,NORMAL,68.11,44.33,47.55,97.58,15.97,NORMAL,0
2026-09-20 10:36:49,DT-001,NORMAL,63.26,44.58,46.26,97.58,18.8,NORMAL,0
2026-09-20 10:36:50,DT-001,NORMAL,59.35,45.9,46.3,97.58,19.47,NORMAL,0
2026-09-20 10:36:51,DT-001,NORMAL,58.94,44.31,45.77,97.57,17.58,NORMAL,0
2026-09-20 10:36:52,DT-001,NORMAL,54.63,45.61,44.71,97.56,15.6,NORMAL,0
2026-09-20 10:36:53,DT-001,NORMAL,52.92,46.44,44.16,97.56,14.69,NORMAL,0
2026-09-20 10:36:54,DT-001,NORMAL,49.31,44.39,43.03,97.55,16.48,NORMAL,0
2026-09-20 10:36:55,DT-001,NORMAL,49.46,43.92,42.55,97.55,14.68,NORMAL,0
2026-09-20 10:36:56,DT-001,NORMAL,49.48,44.07,42.57,97.54,12.91,NORMAL,0
2026-09-20 10:36:57,DT-001,NORMAL,46.42,43.01,42.96,97.54,11.83,NORMAL,0
2026-09-20 10:36:58,DT-001,NORMAL,46.03,42.88,43.24,97.54,13.16,NORMAL,0
2026-09-20 10:36:59,DT-001,NORMAL,44.34,40.91,43.55,97.54,15.95,NORMAL,0
2026-09-20 10:37:00,DT-001,NORMAL,40.75,39.76,42.75,97.53,17.55,NORMAL,0
2026-09-20 10:37:01,DT-001,NORMAL,38.41,38.99,42.1,97.53,18.18,NORMAL,0
2026-09-20 10:37:02,DT-001,NORMAL,35.7,38.59,41.78,97.53,19.24,NORMAL,0
2026-09-20 10:37:03,DT-001,NORMAL,33.5,37.03,41.13,97.53,17.06,NORMAL,0
2026-09-20 10:37:04,DT-001,NORMAL,32.12,36.95,41.0,97.52,15.15,NORMAL,0
2026-09-20 10:37:05,DT-001,NORMAL,30.21,38.65,40.71,97.52,14.35,NORMAL,0
2026-09-20 10:37:06,DT-001,NORMAL,28.71,37.95,40.01,97.51,15.82,NORMAL,0
2026-09-20 10:37:07,DT-001,NORMAL,27.99,38.3,40.69,97.5,16.53,NORMAL,0
2026-09-20 10:37:08,DT-001,NORMAL,29.91,38.18,40.67,97.49,16.74,NORMAL,0
2026-09-20 10:37:09,DT-001,NORMAL,29.79,36.85,41.18,97.49,17.08,NORMAL,0
2026-09-20 10:37:10,DT-001,NORMAL,31.44,37.8,41.24,97.49,18.76,NORMAL,0
2026-09-20 10:37:11,DT-001,NORMAL,33.91,39.72,41.56,97.48,18.47,NORMAL,0
2026-09-20 10:37:12,DT-001,NORMAL,33.17,41.54,41.59,97.48,17.31,NORMAL,0
2026-09-20 10:37:13,DT-001,NORMAL,35.09,39.83,41.27,97.47,16.64,NORMAL,0
2026-09-20 10:37:14,DT-001,NORMAL,34.35,41.19,41.55,97.47,17.1,NORMAL,0
2026-09-20 10:37:15,DT-001,NORMAL,33.46,39.8,41.52,97.46,19.77,NORMAL,0
2026-09-20 10:37:16,DT-001,NORMAL,33.45,38.39,41.06,97.45,18.95,NORMAL,0
2026-09-20 10:37:17,DT-001,NORMAL,32.47,38.5,41.11,97.45,17.84,NORMAL,0
2026-09-20 10:37:18,DT-001,NORMAL,32.81,39.34,40.34,97.44,17.14,NORMAL,0
2026-09-20 10:37:19,DT-001,NORMAL,33.86,40.92,40.88,97.44,19.14,NORMAL,0
2026-09-20 10:37:20,DT-001,NORMAL,32.29,40.8,41.07,97.44,21.22,NORMAL,0
2026-09-20 10:37:21,DT-001,NORMAL,34.62,40.52,41.43,97.44,20.65,NORMAL,0
2026-09-20 10:37:22,DT-001,NORMAL,32.47,39.43,41.76,97.43,21.99,NORMAL,0
2026-09-20 10:37:23,DT-001,NORMAL,33.96,39.54,41.09,97.43,21.82,NORMAL,0
2026-09-20 10:37:24,DT-001,NORMAL,35.46,40.95,40.3,97.43,23.44,NORMAL,0
2026-09-20 10:37:25,DT-001,NORMAL,33.56,40.7,40.87,97.42,21.88,NORMAL,0
2026-09-20 10:37:26,DT-001,NORMAL,33.23,41.12,40.24,97.42,21.0,NORMAL,0
2026-09-20 10:37:27,DT-001,NORMAL,31.17,42.34,40.35,97.42,19.08,NORMAL,0
2026-09-20 10:37:28,DT-001,NORMAL,32.4,42.78,40.0,97.41,17.35,NORMAL,0
2026-09-20 10:37:29,DT-001,NORMAL,34.67,43.79,40.21,97.41,16.37,NORMAL,0
2026-09-20 10:37:30,DT-001,NORMAL,31.61,44.42,40.58,97.41,18.96,NORMAL,0
2026-09-20 10:37:31,DT-001,NORMAL,31.99,42.21,40.16,97.4,18.01,NORMAL,0
2026-09-20 10:37:32,DT-001,NORMAL,32.56,41.71,39.97,97.39,16.87,NORMAL,0
2026-09-20 10:37:33,DT-001,NORMAL,33.27,42.71,39.82,97.39,17.25,NORMAL,0
2026-09-20 10:37:34,DT-001,NORMAL,34.79,41.99,40.05,97.39,16.43,NORMAL,0
2026-09-20 10:37:35,DT-001,NORMAL,31.96,43.55,40.25,97.38,15.5,NORMAL,0
2026-09-20 10:37:36,DT-001,NORMAL,33.88,42.47,39.72,97.37,18.11,NORMAL,0
2026-09-20 10:37:37,DT-001,NORMAL,35.13,42.58,39.98,97.36,19.49,NORMAL,0
2026-09-20 10:37:38,DT-001,NORMAL,37.3,41.46,39.87,97.36,17.03,NORMAL,0
2026-09-20 10:37:39,DT-001,NORMAL,36.96,40.19,40.21,97.36,17.52,NORMAL,0
2026-09-20 10:37:40,DT-001,NORMAL,38.46,40.79,40.2,97.35,19.6,NORMAL,0
2026-09-20 10:37:41,DT-001,NORMAL,35.89,39.27,39.64,97.35,21.31,NORMAL,0
2026-09-20 10:37:42,DT-001,NORMAL,33.59,39.99,39.44,97.35,20.4,NORMAL,0
2026-09-20 10:37:43,DT-001,NORMAL,32.19,41.02,39.25,97.34,19.25,NORMAL,0
2026-09-20 10:37:44,DT-001,NORMAL,31.81,42.24,39.45,97.33,17.01,NORMAL,0
2026-09-20 10:37:45,DT-001,NORMAL,31.63,43.34,39.33,97.33,14.9,NORMAL,0
2026-09-20 10:37:46,DT-001,NORMAL,29.51,41.93,39.27,97.33,17.6,NORMAL,0
2026-09-20 10:37:47,DT-001,NORMAL,28.57,42.51,39.74,97.32,18.55,NORMAL,0
2026-09-20 10:37:48,DT-001,NORMAL,29.44,40.48,39.44,97.31,16.91,NORMAL,0
2026-09-20 10:37:49,DT-001,NORMAL,29.44,41.38,38.91,97.31,17.94,NORMAL,0
2026-09-20 10:37:50,DT-001,NORMAL,32.01,40.82,38.35,97.3,17.46,NORMAL,0
2026-09-20 10:37:51,DT-001,FAULT,29.72,38.95,84.87,97.3,19.75,HIGH_TEMPERATURE,1
2026-09-20 10:37:52,DT-001,FAULT,32.36,38.36,88.03,97.3,22.19,HIGH_TEMPERATURE,1
2026-09-20 10:37:53,DT-001,FAULT,36.01,38.28,88.78,97.3,24.65,HIGH_TEMPERATURE,1
2026-09-20 10:37:54,DT-001,FAULT,34.65,39.92,99.67,97.3,22.7,HIGH_TEMPERATURE,1
2026-09-20 10:37:55,DT-001,FAULT,34.81,39.95,86.25,97.29,24.01,HIGH_TEMPERATURE,1
2026-09-20 10:37:56,DT-001,FAULT,36.03,40.39,96.39,97.29,21.49,HIGH_TEMPERATURE,1
2026-09-20 10:37:57,DT-001,FAULT,36.78,40.15,82.52,97.29,22.43,HIGH_TEMPERATURE,1
2026-09-20 10:37:58,DT-001,FAULT,35.55,39.85,93.42,97.29,22.85,HIGH_TEMPERATURE,1
2026-09-20 10:37:59,DT-001,FAULT,40.19,39.91,88.95,97.28,24.1,HIGH_TEMPERATURE,1
2026-09-20 10:38:00,DT-001,FAULT,43.42,41.11,81.53,97.28,23.21,HIGH_TEMPERATURE,1
2026-09-20 10:38:01,DT-001,FAULT,44.84,41.68,79.96,97.28,20.25,HIGH_TEMPERATURE,1
2026-09-20 10:38:02,DT-001,NORMAL,43.33,43.13,76.36,97.28,21.44,NORMAL,0
2026-09-20 10:38:03,DT-001,NORMAL,42.77,42.66,73.42,97.27,18.86,NORMAL,0
2026-09-20 10:38:04,DT-001,NORMAL,43.52,43.66,69.87,97.27,18.58,NORMAL,0
2026-09-20 10:38:05,DT-001,NORMAL,44.06,44.7,66.18,97.27,19.51,NORMAL,0
2026-09-20 10:38:06,DT-001,NORMAL,44.79,45.87,63.23,97.26,18.88,NORMAL,0
2026-09-20 10:38:07,DT-001,NORMAL,41.22,44.92,60.84,97.25,20.01,NORMAL,0
2026-09-20 10:38:08,DT-001,NORMAL,39.68,45.82,58.28,97.25,21.23,NORMAL,0
2026-09-20 10:38:09,DT-001,NORMAL,40.57,43.81,57.04,97.24,21.48,NORMAL,0
2026-09-20 10:38:10,DT-001,NORMAL,40.11,44.44,55.5,97.23,23.39,NORMAL,0
2026-09-20 10:38:11,DT-001,NORMAL,41.22,43.93,53.93,97.23,22.73,NORMAL,0
2026-09-20 10:38:12,DT-001,NORMAL,40.93,41.78,53.07,97.22,23.77,NORMAL,0
2026-09-20 10:38:13,DT-001,NORMAL,38.35,43.25,52.3,97.22,24.41,NORMAL,0
2026-09-20 10:38:14,DT-001,NORMAL,37.15,43.74,51.04,97.21,24.73,NORMAL,0
2026-09-20 10:38:15,DT-001,NORMAL,38.2,44.77,50.1,97.21,26.6,NORMAL,0
2026-09-20 10:38:16,DT-001,NORMAL,37.21,44.28,48.61,97.2,24.98,NORMAL,0
2026-09-20 10:38:17,DT-001,NORMAL,35.29,43.88,47.82,97.2,26.19,NORMAL,0
2026-09-20 10:38:18,DT-001,NORMAL,34.46,43.75,46.45,97.19,24.58,NORMAL,0
2026-09-20 10:38:19,DT-001,NORMAL,35.34,41.64,45.66,97.19,24.39,NORMAL,0
2026-09-20 10:38:20,DT-001,NORMAL,36.38,43.15,45.29,97.18,24.28,NORMAL,0
2026-09-20 10:38:21,DT-001,NORMAL,35.51,42.26,45.23,97.17,25.71,NORMAL,0
2026-09-20 10:38:22,DT-001,NORMAL,36.4,42.39,45.02,97.17,24.89,NORMAL,0
2026-09-20 10:38:23,DT-001,NORMAL,36.62,40.36,44.31,97.16,26.02,NORMAL,0
2026-09-20 10:38:24,DT-001,NORMAL,35.28,38.91,44.45,97.16,27.15,NORMAL,0
2026-09-20 10:38:25,DT-001,NORMAL,34.26,38.13,43.57,97.16,28.34,NORMAL,0
2026-09-20 10:38:26,DT-001,NORMAL,35.59,37.21,42.98,97.15,25.06,NORMAL,0
2026-09-20 10:38:27,DT-001,NORMAL,35.96,36.13,43.24,97.15,25.03,NORMAL,0
2026-09-20 10:38:28,DT-001,NORMAL,37.87,34.73,43.26,97.14,24.17,NORMAL,0
2026-09-20 10:38:29,DT-001,NORMAL,39.37,36.27,43.52,97.13,21.99,NORMAL,0
2026-09-20 10:38:30,DT-001,NORMAL,36.29,37.21,43.33,97.13,23.85,NORMAL,0
2026-09-20 10:38:31,DT-001,NORMAL,36.25,38.18,42.63,97.13,22.62,NORMAL,0
2026-09-20 10:38:32,DT-001,NORMAL,37.27,37.06,42.51,97.12,22.42,NORMAL,0
2026-09-20 10:38:33,DT-001,NORMAL,36.8,36.69,42.6,97.11,20.65,NORMAL,0
2026-09-20 10:38:34,DT-001,NORMAL,37.28,37.69,42.95,97.11,21.72,NORMAL,0
2026-09-20 10:38:35,DT-001,NORMAL,34.81,38.07,42.85,97.1,22.96,NORMAL,0
2026-09-20 10:38:36,DT-001,NORMAL,34.78,39.86,42.87,97.1,24.79,NORMAL,0
2026-09-20 10:38:37,DT-001,NORMAL,36.34,39.59,41.88,97.1,23.67,NORMAL,0
2026-09-20 10:38:38,DT-001,NORMAL,33.31,38.8,42.1,97.09,24.29,NORMAL,0
2026-09-20 10:38:39,DT-001,NORMAL,30.61,39.94,41.47,97.08,23.1,NORMAL,0
2026-09-20 10:38:40,DT-001,NORMAL,31.18,40.58,41.41,97.08,23.58,NORMAL,0
2026-09-20 10:38:41,DT-001,NORMAL,31.12,41.59,41.55,97.07,20.78,NORMAL,0
2026-09-20 10:38:42,DT-001,NORMAL,30.56,42.47,41.66,97.06,18.29,NORMAL,0
2026-09-20 10:38:43,DT-001,NORMAL,28.9,43.55,42.02,97.06,16.98,NORMAL,0
2026-09-20 10:38:44,DT-001,NORMAL,30.14,42.72,41.94,97.05,15.64,NORMAL,0
2026-09-20 10:38:45,DT-001,NORMAL,28.47,42.26,42.44,97.05,18.58,NORMAL,0
2026-09-20 10:38:46,DT-001,NORMAL,26.57,40.38,41.88,97.05,16.89,NORMAL,0
2026-09-20 10:38:47,DT-001,NORMAL,24.24,40.22,42.32,97.05,19.51,NORMAL,0
2026-09-20 10:38:48,DT-001,NORMAL,26.3,40.65,42.58,97.04,21.13,NORMAL,0
2026-09-20 10:38:49,DT-001,NORMAL,24.36,41.33,42.36,97.03,21.13,NORMAL,0
2026-09-20 10:38:50,DT-001,NORMAL,23.08,41.36,41.99,97.03,23.08,NORMAL,0
2026-09-20 10:38:51,DT-001,NORMAL,22.86,40.48,42.44,97.02,22.64,NORMAL,0
2026-09-20 10:38:52,DT-001,NORMAL,24.94,40.97,41.64,97.02,20.97,NORMAL,0
2026-09-20 10:38:53,DT-001,NORMAL,27.71,39.95,40.81,97.01,20.24,NORMAL,0
2026-09-20 10:38:54,DT-001,NORMAL,25.85,39.08,41.05,97.01,20.3,NORMAL,0
2026-09-20 10:38:55,DT-001,NORMAL,26.34,39.2,40.93,97.01,21.09,NORMAL,0
2026-09-20 10:38:56,DT-001,NORMAL,24.45,37.83,41.52,97.0,21.16,NORMAL,0
2026-09-20 10:38:57,DT-001,NORMAL,23.44,38.51,40.95,96.99,22.86,NORMAL,0
2026-09-20 10:38:58,DT-001,NORMAL,25.87,40.02,41.2,96.99,24.28,NORMAL,0
2026-09-20 10:38:59,DT-001,NORMAL,27.29,38.3,41.4,96.99,21.55,NORMAL,0
2026-09-20 10:39:00,DT-001,NORMAL,26.22,36.93,41.72,96.98,20.9,NORMAL,0
2026-09-20 10:39:01,DT-001,NORMAL,26.08,36.57,41.39,96.98,18.14,NORMAL,0
2026-09-20 10:39:02,DT-001,NORMAL,24.12,37.8,40.59,96.97,17.56,NORMAL,0
2026-09-20 10:39:03,DT-001,NORMAL,23.57,38.69,40.69,96.97,20.1,NORMAL,0
2026-09-20 10:39:04,DT-001,NORMAL,25.95,37.13,40.12,96.97,21.43,NORMAL,0
2026-09-20 10:39:05,DT-001,NORMAL,28.25,36.68,40.31,96.96,23.37,NORMAL,0
2026-09-20 10:39:06,DT-001,NORMAL,30.4,37.55,40.93,96.96,25.06,NORMAL,0
2026-09-20 10:39:07,DT-001,NORMAL,27.89,38.05,40.69,96.96,22.31,NORMAL,0
2026-09-20 10:39:08,DT-001,NORMAL,29.4,39.06,40.2,96.95,23.98,NORMAL,0
2026-09-20 10:39:09,DT-001,NORMAL,27.76,39.58,39.83,96.95,24.51,NORMAL,0
2026-09-20 10:39:10,DT-001,NORMAL,25.57,40.52,40.55,96.94,24.84,NORMAL,0
2026-09-20 10:39:11,DT-001,NORMAL,26.94,39.57,40.06,96.94,26.79,NORMAL,0
2026-09-20 10:39:12,DT-001,NORMAL,28.17,38.66,39.74,96.93,24.46,NORMAL,0
2026-09-20 10:39:13,DT-001,NORMAL,27.43,39.37,40.05,96.93,24.37,NORMAL,0
2026-09-20 10:39:14,DT-001,NORMAL,30.16,38.24,39.77,96.93,25.08,NORMAL,0
2026-09-20 10:39:15,DT-001,NORMAL,28.94,37.91,40.06,96.92,24.46,NORMAL,0
2026-09-20 10:39:16,DT-001,NORMAL,30.53,38.07,39.49,96.92,21.76,NORMAL,0
2026-09-20 10:39:17,DT-001,NORMAL,32.24,39.67,39.1,96.91,22.27,NORMAL,0
2026-09-20 10:39:18,DT-001,NORMAL,34.13,40.96,39.38,96.9,22.47,NORMAL,0
2026-09-20 10:39:19,DT-001,NORMAL,32.17,39.2,39.1,96.89,22.44,NORMAL,0
2026-09-20 10:39:20,DT-001,NORMAL,30.06,38.89,39.75,96.89,24.12,NORMAL,0
2026-09-20 10:39:21,DT-001,NORMAL,30.06,37.53,39.58,96.89,22.3,NORMAL,0
2026-09-20 10:39:22,DT-001,NORMAL,32.65,38.44,39.99,96.88,20.23,NORMAL,0
2026-09-20 10:39:23,DT-001,NORMAL,32.74,39.93,39.48,96.88,22.58,NORMAL,0
2026-09-20 10:39:24,DT-001,NORMAL,33.88,38.98,39.2,96.87,23.23,NORMAL,0
2026-09-20 10:39:25,DT-001,NORMAL,35.07,38.68,39.88,96.87,20.42,NORMAL,0
2026-09-20 10:39:26,DT-001,NORMAL,32.42,40.49,40.08,96.86,21.69,NORMAL,0
2026-09-20 10:39:27,DT-001,NORMAL,32.55,40.0,39.9,96.86,23.67,NORMAL,0
2026-09-20 10:39:28,DT-001,NORMAL,30.96,41.7,39.51,96.85,25.01,NORMAL,0
2026-09-20 10:39:29,DT-001,NORMAL,32.44,42.93,38.85,96.84,24.19,NORMAL,0
2026-09-20 10:39:30,DT-001,NORMAL,32.28,41.84,38.46,96.84,24.32,NORMAL,0
2026-09-20 10:39:31,DT-001,NORMAL,32.92,41.35,38.37,96.84,24.83,NORMAL,0
2026-09-20 10:39:32,DT-001,NORMAL,33.12,41.75,38.4,96.84,22.34,NORMAL,0
2026-09-20 10:39:33,DT-001,NORMAL,30.83,41.62,39.13,96.84,20.31,NORMAL,0
2026-09-20 10:39:34,DT-001,NORMAL,30.84,41.12,39.89,96.83,22.32,NORMAL,0
2026-09-20 10:39:35,DT-001,NORMAL,32.49,42.61,39.49,96.82,21.93,NORMAL,0
2026-09-20 10:39:36,DT-001,NORMAL,30.73,42.03,39.03,96.82,23.18,NORMAL,0
2026-09-20 10:39:37,DT-001,NORMAL,30.71,40.63,39.39,96.81,23.39,NORMAL,0
2026-09-20 10:39:38,DT-001,NORMAL,29.98,39.25,38.76,96.8,25.26,NORMAL,0
2026-09-20 10:39:39,DT-001,NORMAL,31.75,39.7,38.42,96.8,25.27,NORMAL,0
2026-09-20 10:39:40,DT-001,NORMAL,31.74,40.64,37.99,96.79,26.92,NORMAL,0
2026-09-20 10:39:41,DT-001,NORMAL,28.87,42.15,38.45,96.78,25.8,NORMAL,0
2026-09-20 10:39:42,DT-001,NORMAL,30.05,41.68,39.23,96.78,26.67,NORMAL,0
2026-09-20 10:39:43,DT-001,NORMAL,31.69,42.98,39.8,96.77,25.6,NORMAL,0
2026-09-20 10:39:44,DT-001,NORMAL,32.96,44.16,39.22,96.77,25.27,NORMAL,0
2026-09-20 10:39:45,DT-001,NORMAL,29.99,44.62,38.59,96.76,24.85,NORMAL,0
2026-09-20 10:39:46,DT-001,NORMAL,28.4,45.25,38.6,96.76,23.97,NORMAL,0
2026-09-20 10:39:47,DT-001,NORMAL,27.27,44.86,38.83,96.76,26.23,NORMAL,0
2026-09-20 10:39:48,DT-001,NORMAL,25.95,44.56,39.03,96.75,25.92,NORMAL,0
2026-09-20 10:39:49,DT-001,NORMAL,28.99,44.38,39.52,96.75,23.38,NORMAL,0
2026-09-20 10:39:50,DT-001,NORMAL,27.03,42.97,39.98,96.74,20.88,NORMAL,0
2026-09-20 10:39:51,DT-001,NORMAL,28.88,43.76,40.14,96.73,18.37,NORMAL,0
2026-09-20 10:39:52,DT-001,NORMAL,29.72,44.48,40.59,96.73,19.08,NORMAL,0
2026-09-20 10:39:53,DT-001,NORMAL,28.47,43.57,40.69,96.72,21.5,NORMAL,0
2026-09-20 10:39:54,DT-001,NORMAL,29.47,42.44,41.29,96.72,22.82,NORMAL,0
2026-09-20 10:39:55,DT-001,NORMAL,29.49,40.43,41.67,96.71,22.64,NORMAL,0
2026-09-20 10:39:56,DT-001,NORMAL,31.07,40.43,41.79,96.71,23.32,NORMAL,0
2026-09-20 10:39:57,DT-001,NORMAL,31.8,42.1,41.01,96.7,22.44,NORMAL,0
2026-09-20 10:39:58,DT-001,NORMAL,31.11,40.81,40.21,96.7,24.46,NORMAL,0
2026-09-20 10:39:59,DT-001,NORMAL,32.22,40.94,40.31,96.69,25.72,NORMAL,0
2026-09-20 10:40:00,DT-001,NORMAL,34.5,40.68,40.14,96.69,23.39,NORMAL,0
2026-09-20 10:40:01,DT-001,NORMAL,34.37,40.63,39.9,96.69,23.12,NORMAL,0
2026-09-20 10:40:02,DT-001,NORMAL,34.14,41.62,39.55,96.69,22.15,NORMAL,0
2026-09-20 10:40:03,DT-001,NORMAL,32.34,40.88,39.99,96.68,24.07,NORMAL,0
2026-09-20 10:40:04,DT-001,NORMAL,32.0,39.92,39.82,96.67,22.16,NORMAL,0
2026-09-20 10:40:05,DT-001,NORMAL,33.42,39.61,39.63,96.67,23.03,NORMAL,0
2026-09-20 10:40:06,DT-001,NORMAL,31.93,39.29,40.02,96.66,23.02,NORMAL,0
2026-09-20 10:40:07,DT-001,NORMAL,30.74,38.35,40.13,96.66,24.05,NORMAL,0
2026-09-20 10:40:08,DT-001,NORMAL,28.99,39.37,39.73,96.66,22.37,NORMAL,0
2026-09-20 10:40:09,DT-001,NORMAL,30.9,40.64,39.55,96.65,20.08,NORMAL,0
2026-09-20 10:40:10,DT-001,NORMAL,33.27,40.55,38.89,96.64,22.55,NORMAL,0
2026-09-20 10:40:11,DT-001,NORMAL,32.25,39.83,39.57,96.63,22.7,NORMAL,0
2026-09-20 10:40:12,DT-001,NORMAL,30.31,40.8,39.63,96.63,23.78,NORMAL,0
2026-09-20 10:40:13,DT-001,NORMAL,30.42,40.44,40.3,96.63,22.57,NORMAL,0
2026-09-20 10:40:14,DT-001,NORMAL,31.87,40.24,39.72,96.62,21.32,NORMAL,0
2026-09-20 10:40:15,DT-001,FAULT,32.12,88.56,41.12,96.62,21.45,HIGH_MEMORY,1
2026-09-20 10:40:16,DT-001,FAULT,32.52,90.58,42.79,96.62,22.39,HIGH_MEMORY,1
2026-09-20 10:40:17,DT-001,FAULT,31.07,86.5,42.88,96.61,20.69,HIGH_MEMORY,1
2026-09-20 10:40:18,DT-001,FAULT,29.54,87.24,44.13,96.61,23.1,HIGH_MEMORY,1
2026-09-20 10:40:19,DT-001,FAULT,27.84,95.81,46.11,96.6,22.88,HIGH_MEMORY,1
2026-09-20 10:40:20,DT-001,FAULT,26.98,85.9,47.32,96.6,23.62,HIGH_MEMORY,1
2026-09-20 10:40:21,DT-001,FAULT,27.15,93.41,48.41,96.6,22.51,HIGH_MEMORY,1
2026-09-20 10:40:22,DT-001,FAULT,26.13,87.98,48.39,96.59,24.76,HIGH_MEMORY,1
2026-09-20 10:40:23,DT-001,FAULT,27.32,92.31,49.56,96.58,25.22,HIGH_MEMORY,1
2026-09-20 10:40:24,DT-001,FAULT,29.69,87.51,50.01,96.58,22.78,HIGH_MEMORY,1
2026-09-20 10:40:25,DT-001,FAULT,28.85,87.43,49.95,96.57,20.18,HIGH_MEMORY,1
2026-09-20 10:40:26,DT-001,FAULT,27.97,91.67,50.42,96.56,18.93,HIGH_MEMORY,1
2026-09-20 10:40:27,DT-001,FAULT,27.44,85.35,51.64,96.56,17.33,HIGH_MEMORY,1
2026-09-20 10:40:28,DT-001,FAULT,28.57,86.55,51.36,96.56,15.8,HIGH_MEMORY,1
2026-09-20 10:40:29,DT-001,FAULT,30.76,86.25,50.43,96.55,17.65,HIGH_MEMORY,1
2026-09-20 10:40:30,DT-001,FAULT,28.82,89.26,51.38,96.55,16.52,HIGH_MEMORY,1
2026-09-20 10:40:31,DT-001,FAULT,26.95,89.88,50.78,96.54,18.82,HIGH_MEMORY,1
2026-09-20 10:40:32,DT-001,NORMAL,27.47,84.07,49.62,96.53,20.0,NORMAL,0
2026-09-20 10:40:33,DT-001,NORMAL,28.25,80.14,48.86,96.53,20.13,NORMAL,0
2026-09-20 10:40:34,DT-001,NORMAL,27.4,75.57,48.03,96.52,19.8,NORMAL,0
2026-09-20 10:40:35,DT-001,NORMAL,26.36,71.31,46.51,96.51,21.7,NORMAL,0
2026-09-20 10:40:36,DT-001,NORMAL,26.56,66.41,46.46,96.5,21.41,NORMAL,0
2026-09-20 10:40:37,DT-001,FAULT,27.43,64.83,45.89,96.5,286.1,HIGH_NETWORK_LATENCY,1
2026-09-20 10:40:38,DT-001,FAULT,26.33,63.12,45.51,96.49,150.1,HIGH_NETWORK_LATENCY,1
2026-09-20 10:40:39,DT-001,FAULT,27.38,60.87,45.39,96.49,223.31,HIGH_NETWORK_LATENCY,1
2026-09-20 10:40:40,DT-001,FAULT,28.44,58.9,44.52,96.49,171.92,HIGH_NETWORK_LATENCY,1
2026-09-20 10:40:41,DT-001,FAULT,26.49,56.85,44.0,96.48,241.84,HIGH_NETWORK_LATENCY,1
2026-09-20 10:40:42,DT-001,FAULT,24.96,56.86,42.91,96.47,167.51,HIGH_NETWORK_LATENCY,1
2026-09-20 10:40:43,DT-001,FAULT,25.14,53.4,42.03,96.47,279.69,HIGH_NETWORK_LATENCY,1
2026-09-20 10:40:44,DT-001,FAULT,27.16,52.05,41.64,96.46,150.48,HIGH_NETWORK_LATENCY,1
2026-09-20 10:40:45,DT-001,FAULT,28.8,49.57,41.14,96.46,189.01,HIGH_NETWORK_LATENCY,1
2026-09-20 10:40:46,DT-001,FAULT,31.06,47.72,40.86,96.46,391.58,HIGH_NETWORK_LATENCY,1
2026-09-20 10:40:47,DT-001,FAULT,30.33,48.66,40.41,96.45,399.42,HIGH_NETWORK_LATENCY,1
2026-09-20 10:40:48,DT-001,FAULT,28.1,48.39,39.95,96.44,475.76,HIGH_NETWORK_LATENCY,1
2026-09-20 10:40:49,DT-001,FAULT,26.45,48.37,40.3,96.44,302.87,HIGH_NETWORK_LATENCY,1
2026-09-20 10:40:50,DT-001,FAULT,25.72,47.03,39.63,96.43,209.67,HIGH_NETWORK_LATENCY,1
2026-09-20 10:40:51,DT-001,NORMAL,23.53,47.39,39.79,96.43,189.31,NORMAL,0
2026-09-20 10:40:52,DT-001,NORMAL,24.61,47.34,40.08,96.43,173.84,NORMAL,0
2026-09-20 10:40:53,DT-001,NORMAL,25.15,47.27,39.84,96.42,159.86,NORMAL,0
2026-09-20 10:40:54,DT-001,NORMAL,24.86,45.3,39.91,96.42,145.81,NORMAL,0
2026-09-20 10:40:55,DT-001,NORMAL,25.69,45.29,39.7,96.41,134.49,NORMAL,0
2026-09-20 10:40:56,DT-001,FAULT,27.33,43.86,39.06,96.4,326.24,HIGH_NETWORK_LATENCY,1
2026-09-20 10:40:57,DT-001,FAULT,27.54,43.72,39.22,96.4,449.71,HIGH_NETWORK_LATENCY,1
2026-09-20 10:40:58,DT-001,FAULT,28.32,44.64,38.81,96.39,431.38,HIGH_NETWORK_LATENCY,1
2026-09-20 10:40:59,DT-001,FAULT,28.71,44.01,39.33,96.39,455.51,HIGH_NETWORK_LATENCY,1
2026-09-20 10:41:00,DT-001,FAULT,29.49,43.12,39.57,96.38,487.52,HIGH_NETWORK_LATENCY,1
2026-09-20 10:41:01,DT-001,FAULT,31.26,41.69,39.87,96.37,227.59,HIGH_NETWORK_LATENCY,1
2026-09-20 10:41:02,DT-001,FAULT,30.65,40.88,39.3,96.37,476.36,HIGH_NETWORK_LATENCY,1
2026-09-20 10:41:03,DT-001,FAULT,28.85,39.11,38.81,96.37,363.87,HIGH_NETWORK_LATENCY,1
2026-09-20 10:41:04,DT-001,FAULT,28.36,39.16,39.11,96.36,203.87,HIGH_NETWORK_LATENCY,1
2026-09-20 10:41:05,DT-001,FAULT,29.7,37.49,39.8,96.35,436.19,HIGH_NETWORK_LATENCY,1
2026-09-20 10:41:06,DT-001,FAULT,29.56,38.24,39.62,96.35,432.37,HIGH_NETWORK_LATENCY,1
2026-09-20 10:41:07,DT-001,FAULT,31.19,36.83,39.83,96.34,437.09,HIGH_NETWORK_LATENCY,1
2026-09-20 10:41:08,DT-001,FAULT,28.79,36.12,39.87,96.34,266.43,HIGH_NETWORK_LATENCY,1
2026-09-20 10:41:09,DT-001,FAULT,27.26,37.08,39.99,96.33,332.09,HIGH_NETWORK_LATENCY,1
2026-09-20 10:41:10,DT-001,FAULT,28.86,38.33,40.1,96.32,282.29,HIGH_NETWORK_LATENCY,1
2026-09-20 10:41:11,DT-001,FAULT,26.84,39.55,40.16,96.32,322.88,HIGH_NETWORK_LATENCY,1
2026-09-20 10:41:12,DT-001,NORMAL,29.49,41.04,40.22,96.31,294.46,NORMAL,0
2026-09-20 10:41:13,DT-001,NORMAL,30.26,42.11,39.94,96.31,267.26,NORMAL,0
2026-09-20 10:41:14,DT-001,NORMAL,30.51,42.78,39.74,96.3,245.01,NORMAL,0
2026-09-20 10:41:15,DT-001,FAULT,88.33,42.57,43.19,96.3,221.43,HIGH_CPU,1
2026-09-20 10:41:16,DT-001,FAULT,93.34,43.47,46.0,96.3,201.58,HIGH_CPU,1
2026-09-20 10:41:17,DT-001,FAULT,93.73,41.46,46.66,96.29,182.71,HIGH_CPU,1
2026-09-20 10:41:18,DT-001,FAULT,95.85,39.84,48.43,96.29,167.7,HIGH_CPU,1
2026-09-20 10:41:19,DT-001,FAULT,93.93,41.03,49.46,96.28,155.13,HIGH_CPU,1
2026-09-20 10:41:20,DT-001,FAULT,90.22,41.2,50.54,96.28,143.08,HIGH_CPU,1
2026-09-20 10:41:21,DT-001,FAULT,94.03,42.41,51.04,96.28,131.6,HIGH_CPU,1
2026-09-20 10:41:22,DT-001,FAULT,87.24,41.74,51.66,96.28,120.65,HIGH_CPU,1
2026-09-20 10:41:23,DT-001,FAULT,93.93,39.95,52.84,96.27,110.29,HIGH_CPU,1
2026-09-20 10:41:24,DT-001,FAULT,93.57,39.2,52.5,96.27,99.01,HIGH_CPU,1
2026-09-20 10:41:25,DT-001,FAULT,87.02,37.78,53.37,96.26,89.11,HIGH_CPU,1
2026-09-20 10:41:26,DT-001,FAULT,88.69,38.55,52.74,96.26,83.48,HIGH_CPU,1
2026-09-20 10:41:27,DT-001,FAULT,91.35,38.06,53.78,96.26,78.05,HIGH_CPU,1
2026-09-20 10:41:28,DT-001,FAULT,94.24,38.59,54.69,96.25,74.88,HIGH_CPU,1
2026-09-20 10:41:29,DT-001,NORMAL,85.91,37.1,53.68,96.25,68.71,NORMAL,0
2026-09-20 10:41:30,DT-001,NORMAL,82.22,35.99,51.67,96.24,66.15,NORMAL,0
2026-09-20 10:41:31,DT-001,NORMAL,78.73,34.64,50.78,96.24,61.26,NORMAL,0
2026-09-20 10:41:32,DT-001,FAULT,72.26,87.12,50.91,96.24,58.38,HIGH_MEMORY,1
2026-09-20 10:41:33,DT-001,FAULT,65.43,89.26,51.73,96.24,52.76,HIGH_MEMORY,1
2026-09-20 10:41:34,DT-001,FAULT,62.52,89.07,52.56,96.24,48.88,HIGH_MEMORY,1
2026-09-20 10:41:35,DT-001,FAULT,60.14,88.47,51.68,96.23,46.8,HIGH_MEMORY,1
2026-09-20 10:41:36,DT-001,FAULT,59.7,87.8,51.5,96.22,44.29,HIGH_MEMORY,1
2026-09-20 10:41:37,DT-001,FAULT,56.5,90.0,50.75,96.22,42.02,HIGH_MEMORY,1
2026-09-20 10:41:38,DT-001,FAULT,52.0,99.67,50.72,96.21,38.39,HIGH_MEMORY,1
2026-09-20 10:41:39,DT-001,FAULT,51.48,85.44,51.52,96.2,38.25,HIGH_MEMORY,1
2026-09-20 10:41:40,DT-001,FAULT,48.15,90.73,52.88,96.19,34.2,HIGH_MEMORY,1
2026-09-20 10:41:41,DT-001,FAULT,46.94,99.56,53.07,96.19,30.91,HIGH_MEMORY,1
2026-09-20 10:41:42,DT-001,FAULT,44.32,97.0,53.13,96.19,30.04,HIGH_MEMORY,1
2026-09-20 10:41:43,DT-001,NORMAL,44.0,91.39,51.29,96.18,31.61,NORMAL,0
2026-09-20 10:41:44,DT-001,NORMAL,44.94,87.75,49.9,96.17,32.87,NORMAL,0
2026-09-20 10:41:45,DT-001,NORMAL,42.46,84.34,49.24,96.17,33.63,NORMAL,0
2026-09-20 10:41:46,DT-001,NORMAL,40.73,79.7,48.94,96.16,34.61,NORMAL,0
2026-09-20 10:41:47,DT-001,NORMAL,41.17,74.32,47.59,96.15,33.75,NORMAL,0
2026-09-20 10:41:48,DT-001,NORMAL,40.41,69.92,46.45,96.14,31.62,NORMAL,0
2026-09-20 10:41:49,DT-001,NORMAL,39.24,66.93,45.95,96.14,29.78,NORMAL,0
2026-09-20 10:41:50,DT-001,NORMAL,38.27,62.93,44.92,96.14,30.23,NORMAL,0
2026-09-20 10:41:51,DT-001,FAULT,38.15,61.26,99.0,96.13,27.46,HIGH_TEMPERATURE,1
2026-09-20 10:41:52,DT-001,FAULT,41.0,59.81,95.08,96.13,26.32,HIGH_TEMPERATURE,1
2026-09-20 10:41:53,DT-001,FAULT,44.86,58.62,89.8,96.12,26.08,HIGH_TEMPERATURE,1
2026-09-20 10:41:54,DT-001,FAULT,45.71,55.1,97.31,96.11,27.51,HIGH_TEMPERATURE,1
2026-09-20 10:41:55,DT-001,FAULT,45.29,55.33,99.18,96.11,28.19,HIGH_TEMPERATURE,1
2026-09-20 10:41:56,DT-001,FAULT,48.03,55.18,84.48,96.1,25.57,HIGH_TEMPERATURE,1
2026-09-20 10:41:57,DT-001,FAULT,48.15,55.12,89.01,96.1,22.8,HIGH_TEMPERATURE,1
2026-09-20 10:41:58,DT-001,FAULT,49.06,55.02,78.55,96.09,21.57,HIGH_TEMPERATURE,1
2026-09-20 10:41:59,DT-001,FAULT,52.86,54.95,92.27,96.09,20.46,HIGH_TEMPERATURE,1
2026-09-20 10:42:00,DT-001,FAULT,52.29,54.29,79.88,96.09,21.14,HIGH_TEMPERATURE,1
2026-09-20 10:42:01,DT-001,FAULT,52.14,54.57,78.97,96.08,21.3,HIGH_TEMPERATURE,1
2026-09-20 10:42:02,DT-001,FAULT,49.3,54.45,94.92,96.08,19.25,HIGH_TEMPERATURE,1
2026-09-20 10:42:03,DT-001,FAULT,51.13,53.84,97.77,96.08,17.6,HIGH_TEMPERATURE,1
2026-09-20 10:42:04,DT-001,FAULT,49.38,53.41,95.76,96.07,17.83,HIGH_TEMPERATURE,1
2026-09-20 10:42:05,DT-001,FAULT,47.44,51.05,91.23,96.07,17.74,HIGH_TEMPERATURE,1
2026-09-20 10:42:06,DT-001,FAULT,48.03,49.14,82.07,96.06,16.38,HIGH_TEMPERATURE,1
2026-09-20 10:42:07,DT-001,FAULT,45.85,46.95,85.28,96.06,17.3,HIGH_TEMPERATURE,1
2026-09-20 10:42:08,DT-001,FAULT,45.02,48.03,93.4,96.05,18.44,HIGH_TEMPERATURE,1
2026-09-20 10:42:09,DT-001,NORMAL,46.03,48.13,87.86,96.05,20.05,NORMAL,0
2026-09-20 10:42:10,DT-001,NORMAL,46.58,48.47,83.44,96.04,17.69,NORMAL,0
2026-09-20 10:42:11,DT-001,NORMAL,42.88,48.92,78.85,96.04,16.36,NORMAL,0
2026-09-20 10:42:12,DT-001,NORMAL,39.2,48.28,75.66,96.04,14.49,NORMAL,0
2026-09-20 10:42:13,DT-001,NORMAL,38.85,48.49,72.39,96.03,16.92,NORMAL,0
2026-09-20 10:42:14,DT-001,NORMAL,38.37,48.09,69.77,96.02,17.21,NORMAL,0
2026-09-20 10:42:15,DT-001,NORMAL,37.52,48.39,67.34,96.02,16.36,NORMAL,0
2026-09-20 10:42:16,DT-001,NORMAL,34.71,47.42,65.03,96.02,15.14,NORMAL,0
2026-09-20 10:42:17,DT-001,NORMAL,33.78,45.04,62.31,96.01,14.08,NORMAL,0
2026-09-20 10:42:18,DT-001,NORMAL,34.42,43.65,59.46,96.0,14.94,NORMAL,0
2026-09-20 10:42:19,DT-001,NORMAL,31.9,42.69,57.36,96.0,17.93,NORMAL,0
2026-09-20 10:42:20,DT-001,NORMAL,30.05,43.62,56.24,95.99,18.0,NORMAL,0
2026-09-20 10:42:21,DT-001,NORMAL,28.08,42.02,54.56,95.99,20.34,NORMAL,0
2026-09-20 10:42:22,DT-001,NORMAL,29.97,43.36,52.46,95.98,20.65,NORMAL,0
2026-09-20 10:42:23,DT-001,NORMAL,30.27,41.29,51.33,95.98,22.84,NORMAL,0
2026-09-20 10:42:24,DT-001,NORMAL,27.9,39.9,50.68,95.97,21.88,NORMAL,0
2026-09-20 10:42:25,DT-001,NORMAL,26.31,40.29,49.17,95.97,23.21,NORMAL,0
2026-09-20 10:42:26,DT-001,NORMAL,28.61,41.01,47.92,95.97,24.93,NORMAL,0
2026-09-20 10:42:27,DT-001,NORMAL,30.53,40.2,47.16,95.97,23.76,NORMAL,0
2026-09-20 10:42:28,DT-001,NORMAL,28.87,38.72,46.46,95.96,25.57,NORMAL,0
2026-09-20 10:42:29,DT-001,NORMAL,28.12,38.78,46.35,95.96,24.08,NORMAL,0
2026-09-20 10:42:30,DT-001,NORMAL,26.13,40.64,45.74,95.95,22.08,NORMAL,0
2026-09-20 10:42:31,DT-001,NORMAL,25.91,41.89,44.61,95.95,19.41,NORMAL,0
2026-09-20 10:42:32,DT-001,NORMAL,28.33,41.1,44.71,95.94,20.91,NORMAL,0
2026-09-20 10:42:33,DT-001,NORMAL,25.92,41.92,44.44,95.94,19.2,NORMAL,0
2026-09-20 10:42:34,DT-001,NORMAL,26.5,42.71,44.24,95.94,17.43,NORMAL,0
2026-09-20 10:42:35,DT-001,NORMAL,29.33,42.66,43.24,95.93,17.95,NORMAL,0
2026-09-20 10:42:36,DT-001,NORMAL,31.79,43.48,43.03,95.93,17.14,NORMAL,0
2026-09-20 10:42:37,DT-001,NORMAL,31.83,41.52,42.05,95.92,15.0,NORMAL,0
2026-09-20 10:42:38,DT-001,NORMAL,29.41,40.98,42.14,95.91,16.2,NORMAL,0
2026-09-20 10:42:39,DT-001,NORMAL,29.18,40.36,41.68,95.91,17.97,NORMAL,0
2026-09-20 10:42:40,DT-001,NORMAL,26.98,41.85,41.89,95.91,15.98,NORMAL,0
2026-09-20 10:42:41,DT-001,NORMAL,28.36,40.21,41.43,95.9,17.82,NORMAL,0
2026-09-20 10:42:42,DT-001,NORMAL,30.94,38.91,41.86,95.9,17.3,NORMAL,0
2026-09-20 10:42:43,DT-001,NORMAL,33.1,38.41,42.19,95.89,17.5,NORMAL,0
2026-09-20 10:42:44,DT-001,NORMAL,30.7,38.49,42.47,95.89,16.93,NORMAL,0
2026-09-20 10:42:45,DT-001,NORMAL,30.67,38.3,42.53,95.89,17.54,NORMAL,0
2026-09-20 10:42:46,DT-001,NORMAL,29.53,38.33,42.41,95.89,16.41,NORMAL,0
2026-09-20 10:42:47,DT-001,NORMAL,29.49,36.93,41.75,95.88,16.39,NORMAL,0
2026-09-20 10:42:48,DT-001,NORMAL,29.9,36.67,41.85,95.88,17.67,NORMAL,0
2026-09-20 10:42:49,DT-001,NORMAL,31.05,38.22,41.11,95.87,16.96,NORMAL,0
2026-09-20 10:42:50,DT-001,NORMAL,30.65,37.71,40.87,95.87,18.27,NORMAL,0
2026-09-20 10:42:51,DT-001,NORMAL,32.32,37.31,40.99,95.87,16.91,NORMAL,0
2026-09-20 10:42:52,DT-001,NORMAL,32.52,38.5,41.33,95.86,18.09,NORMAL,0
2026-09-20 10:42:53,DT-001,NORMAL,31.14,39.07,41.13,95.86,20.32,NORMAL,0
2026-09-20 10:42:54,DT-001,NORMAL,32.62,39.81,41.62,95.85,21.46,NORMAL,0
2026-09-20 10:42:55,DT-001,NORMAL,35.0,40.12,41.61,95.84,23.2,NORMAL,0
2026-09-20 10:42:56,DT-001,NORMAL,32.14,41.55,42.13,95.84,23.2,NORMAL,0
2026-09-20 10:42:57,DT-001,NORMAL,29.82,40.62,41.24,95.84,23.37,NORMAL,0
2026-09-20 10:42:58,DT-001,NORMAL,30.98,40.22,41.02,95.84,21.27,NORMAL,0
2026-09-20 10:42:59,DT-001,NORMAL,31.18,41.43,40.72,95.83,20.0,NORMAL,0
2026-09-20 10:43:00,DT-001,NORMAL,29.04,39.53,40.86,95.83,22.08,NORMAL,0
2026-09-20 10:43:01,DT-001,NORMAL,31.7,38.26,40.25,95.82,23.81,NORMAL,0
2026-09-20 10:43:02,DT-001,NORMAL,32.59,39.99,40.4,95.82,23.02,NORMAL,0
2026-09-20 10:43:03,DT-001,NORMAL,31.71,39.0,40.26,95.82,22.71,NORMAL,0
2026-09-20 10:43:04,DT-001,NORMAL,32.68,38.27,40.84,95.81,19.92,NORMAL,0
2026-09-20 10:43:05,DT-001,NORMAL,32.32,37.97,40.88,95.8,17.66,NORMAL,0
2026-09-20 10:43:06,DT-001,NORMAL,32.23,39.47,41.15,95.8,17.99,NORMAL,0
2026-09-20 10:43:07,DT-001,NORMAL,32.6,38.6,41.22,95.79,19.1,NORMAL,0
2026-09-20 10:43:08,DT-001,NORMAL,32.55,39.03,41.26,95.78,19.38,NORMAL,0
2026-09-20 10:43:09,DT-001,FAULT,32.7,38.52,40.92,95.77,183.65,HIGH_NETWORK_LATENCY,1
2026-09-20 10:43:10,DT-001,FAULT,33.48,39.02,40.55,95.77,359.13,HIGH_NETWORK_LATENCY,1
2026-09-20 10:43:11,DT-001,FAULT,33.56,39.38,40.72,95.76,130.37,HIGH_NETWORK_LATENCY,1
2026-09-20 10:43:12,DT-001,FAULT,33.12,38.1,40.04,95.76,354.0,HIGH_NETWORK_LATENCY,1
2026-09-20 10:43:13,DT-001,FAULT,31.59,37.41,40.38,95.75,400.81,HIGH_NETWORK_LATENCY,1
2026-09-20 10:43:14,DT-001,FAULT,32.29,37.2,39.88,95.74,188.71,HIGH_NETWORK_LATENCY,1
2026-09-20 10:43:15,DT-001,FAULT,32.21,35.8,40.59,95.73,432.26,HIGH_NETWORK_LATENCY,1
2026-09-20 10:43:16,DT-001,FAULT,33.81,37.13,40.4,95.73,395.88,HIGH_NETWORK_LATENCY,1
2026-09-20 10:43:17,DT-001,FAULT,31.64,37.7,40.85,95.73,431.42,HIGH_NETWORK_LATENCY,1
2026-09-20 10:43:18,DT-001,FAULT,29.06,37.8,40.73,95.72,470.53,HIGH_NETWORK_LATENCY,1
2026-09-20 10:43:19,DT-001,FAULT,27.71,38.68,40.5,95.72,285.2,HIGH_NETWORK_LATENCY,1
2026-09-20 10:43:20,DT-001,FAULT,26.8,39.88,40.28,95.72,483.23,HIGH_NETWORK_LATENCY,1
2026-09-20 10:43:21,DT-001,FAULT,24.95,40.01,40.04,95.71,367.79,HIGH_NETWORK_LATENCY,1
2026-09-20 10:43:22,DT-001,FAULT,24.22,39.18,40.47,95.71,295.22,HIGH_NETWORK_LATENCY,1
2026-09-20 10:43:23,DT-001,FAULT,25.75,38.33,40.67,95.7,377.53,HIGH_NETWORK_LATENCY,1
2026-09-20 10:43:24,DT-001,FAULT,28.84,37.83,39.9,95.7,276.27,HIGH_NETWORK_LATENCY,1
2026-09-20 10:43:25,DT-001,FAULT,29.09,38.71,39.7,95.69,132.94,HIGH_NETWORK_LATENCY,1
2026-09-20 10:43:26,DT-001,FAULT,29.82,37.25,39.86,95.68,347.77,HIGH_NETWORK_LATENCY,1
2026-09-20 10:43:27,DT-001,FAULT,27.8,39.17,39.28,95.68,410.27,HIGH_NETWORK_LATENCY,1
2026-09-20 10:43:28,DT-001,FAULT,28.82,40.34,38.9,95.68,231.94,HIGH_NETWORK_LATENCY,1
2026-09-20 10:43:29,DT-001,NORMAL,26.65,40.14,39.72,95.67,211.78,NORMAL,0
2026-09-20 10:43:30,DT-001,NORMAL,28.44,39.25,40.16,95.66,190.24,NORMAL,0
2026-09-20 10:43:31,DT-001,NORMAL,31.27,38.46,40.59,95.66,170.89,NORMAL,0
2026-09-20 10:43:32,DT-001,NORMAL,29.53,38.23,40.74,95.66,156.02,NORMAL,0
2026-09-20 10:43:33,DT-001,NORMAL,30.19,36.99,40.58,95.66,139.91,NORMAL,0
2026-09-20 10:43:34,DT-001,NORMAL,31.4,38.29,39.83,95.65,128.74,NORMAL,0
2026-09-20 10:43:35,DT-001,FAULT,99.1,39.18,42.41,95.65,117.95,HIGH_CPU,1
2026-09-20 10:43:36,DT-001,FAULT,85.05,40.5,45.48,95.64,108.37,HIGH_CPU,1
2026-09-20 10:43:37,DT-001,FAULT,95.23,40.38,46.83,95.63,98.77,HIGH_CPU,1
2026-09-20 10:43:38,DT-001,FAULT,86.21,42.0,47.48,95.63,93.38,HIGH_CPU,1
2026-09-20 10:43:39,DT-001,FAULT,87.87,42.33,48.66,95.63,85.42,HIGH_CPU,1
2026-09-20 10:43:40,DT-001,FAULT,96.03,42.57,48.87,95.62,79.6,HIGH_CPU,1
2026-09-20 10:43:41,DT-001,FAULT,93.11,43.1,49.73,95.62,71.28,HIGH_CPU,1
2026-09-20 10:43:42,DT-001,FAULT,85.84,43.99,51.26,95.61,63.65,HIGH_CPU,1
2026-09-20 10:43:43,DT-001,FAULT,95.17,42.22,53.33,95.6,59.06,HIGH_CPU,1
2026-09-20 10:43:44,DT-001,FAULT,94.81,42.28,54.55,95.6,53.22,HIGH_CPU,1
2026-09-20 10:43:45,DT-001,FAULT,85.75,40.42,55.0,95.6,48.13,HIGH_CPU,1
2026-09-20 10:43:46,DT-001,FAULT,86.59,40.22,55.02,95.6,47.03,HIGH_CPU,1
2026-09-20 10:43:47,DT-001,FAULT,99.73,39.19,56.31,95.59,46.01,HIGH_CPU,1
2026-09-20 10:43:48,DT-001,FAULT,96.9,40.99,57.32,95.59,45.22,HIGH_CPU,1
2026-09-20 10:43:49,DT-001,FAULT,95.44,40.3,57.15,95.59,42.24,HIGH_CPU,1
2026-09-20 10:43:50,DT-001,FAULT,94.19,41.8,57.33,95.59,41.9,HIGH_CPU,1
2026-09-20 10:43:51,DT-001,FAULT,94.78,41.57,57.66,95.59,37.49,HIGH_CPU,1
2026-09-20 10:43:52,DT-001,NORMAL,89.96,42.4,56.17,95.58,36.49,NORMAL,0
2026-09-20 10:43:53,DT-001,NORMAL,83.49,43.73,54.71,95.58,33.12,NORMAL,0
2026-09-20 10:43:54,DT-001,NORMAL,80.57,43.82,53.65,95.58,29.13,NORMAL,0
2026-09-20 10:43:55,DT-001,NORMAL,73.45,43.54,51.7,95.58,29.63,NORMAL,0
2026-09-20 10:43:56,DT-001,NORMAL,67.59,44.16,50.76,95.57,27.01,NORMAL,0
2026-09-20 10:43:57,DT-001,NORMAL,64.83,45.43,49.65,95.57,27.23,NORMAL,0
2026-09-20 10:43:58,DT-001,NORMAL,62.13,44.12,48.59,95.57,28.15,NORMAL,0
2026-09-20 10:43:59,DT-001,NORMAL,56.45,44.57,48.34,95.57,28.88,NORMAL,0
2026-09-20 10:44:00,DT-001,NORMAL,51.73,45.54,47.83,95.56,27.05,NORMAL,0
2026-09-20 10:44:01,DT-001,NORMAL,50.51,44.35,47.44,95.56,24.18,NORMAL,0
2026-09-20 10:44:02,DT-001,NORMAL,50.46,43.47,46.3,95.55,23.67,NORMAL,0
2026-09-20 10:44:03,DT-001,NORMAL,46.5,44.66,45.6,95.55,21.34,NORMAL,0
2026-09-20 10:44:04,DT-001,NORMAL,45.56,45.91,44.61,95.55,22.25,NORMAL,0
2026-09-20 10:44:05,DT-001,NORMAL,42.04,46.58,44.09,95.55,21.18,NORMAL,0
2026-09-20 10:44:06,DT-001,NORMAL,41.4,46.97,43.88,95.54,19.28,NORMAL,0
2026-09-20 10:44:07,DT-001,NORMAL,42.17,44.78,44.01,95.53,22.03,NORMAL,0
2026-09-20 10:44:08,DT-001,NORMAL,42.78,43.51,43.94,95.53,20.46,NORMAL,0
2026-09-20 10:44:09,DT-001,NORMAL,41.93,44.57,43.68,95.53,20.81,NORMAL,0
2026-09-20 10:44:10,DT-001,FAULT,97.15,44.95,45.71,95.52,20.16,HIGH_CPU,1
2026-09-20 10:44:11,DT-001,FAULT,91.1,44.44,45.97,95.51,21.18,HIGH_CPU,1
2026-09-20 10:44:12,DT-001,FAULT,87.43,43.06,48.01,95.51,21.98,HIGH_CPU,1
2026-09-20 10:44:13,DT-001,FAULT,95.55,43.05,49.27,95.51,19.83,HIGH_CPU,1
2026-09-20 10:44:14,DT-001,FAULT,90.77,43.2,51.02,95.51,20.53,HIGH_CPU,1
2026-09-20 10:44:15,DT-001,FAULT,93.63,42.15,51.69,95.5,21.09,HIGH_CPU,1
2026-09-20 10:44:16,DT-001,NORMAL,87.92,41.34,51.15,95.5,23.19,NORMAL,0
2026-09-20 10:44:17,DT-001,NORMAL,79.7,40.79,49.98,95.5,22.15,NORMAL,0
2026-09-20 10:44:18,DT-001,NORMAL,75.84,40.93,49.38,95.5,21.05,NORMAL,0
2026-09-20 10:44:19,DT-001,NORMAL,72.06,41.69,48.8,95.49,22.04,NORMAL,0
2026-09-20 10:44:20,DT-001,NORMAL,69.26,40.88,48.5,95.48,21.42,NORMAL,0
2026-09-20 10:44:21,DT-001,NORMAL,64.65,40.62,47.65,95.47,21.11,NORMAL,0
2026-09-20 10:44:22,DT-001,NORMAL,62.94,41.99,46.81,95.47,21.94,NORMAL,0
2026-09-20 10:44:23,DT-001,NORMAL,62.23,43.17,45.68,95.46,19.52,NORMAL,0
2026-09-20 10:44:24,DT-001,NORMAL,57.27,44.51,44.51,95.46,17.47,NORMAL,0
2026-09-20 10:44:25,DT-001,NORMAL,52.66,42.99,44.71,95.46,17.27,NORMAL,0
2026-09-20 10:44:26,DT-001,NORMAL,52.72,42.6,44.12,95.45,14.96,NORMAL,0
2026-09-20 10:44:27,DT-001,NORMAL,47.87,43.42,44.19,95.45,14.58,NORMAL,0
2026-09-20 10:44:28,DT-001,NORMAL,46.92,44.11,43.75,95.44,15.28,NORMAL,0
2026-09-20 10:44:29,DT-001,NORMAL,45.0,43.95,43.95,95.44,17.32,NORMAL,0
2026-09-20 10:44:30,DT-001,NORMAL,42.81,42.79,44.05,95.44,16.42,NORMAL,0
2026-09-20 10:44:31,DT-001,NORMAL,42.17,41.29,43.7,95.43,15.03,NORMAL,0
2026-09-20 10:44:32,DT-001,NORMAL,43.14,42.22,42.84,95.43,18.19,NORMAL,0
2026-09-20 10:44:33,DT-001,NORMAL,41.51,41.53,42.13,95.43,19.26,NORMAL,0
2026-09-20 10:44:34,DT-001,NORMAL,38.46,41.19,42.6,95.42,17.29,NORMAL,0
2026-09-20 10:44:35,DT-001,FAULT,40.03,42.61,41.85,95.41,312.82,HIGH_NETWORK_LATENCY,1
2026-09-20 10:44:36,DT-001,FAULT,39.82,41.61,42.23,95.4,497.74,HIGH_NETWORK_LATENCY,1
2026-09-20 10:44:37,DT-001,FAULT,39.74,42.53,42.34,95.39,162.68,HIGH_NETWORK_LATENCY,1
2026-09-20 10:44:38,DT-001,FAULT,38.65,40.62,42.36,95.39,354.66,HIGH_NETWORK_LATENCY,1
2026-09-20 10:44:39,DT-001,FAULT,36.28,40.05,41.88,95.38,320.04,HIGH_NETWORK_LATENCY,1
2026-09-20 10:44:40,DT-001,FAULT,37.17,41.0,41.25,95.38,377.28,HIGH_NETWORK_LATENCY,1
2026-09-20 10:44:41,DT-001,FAULT,38.92,42.62,40.97,95.38,314.39,HIGH_NETWORK_LATENCY,1
2026-09-20 10:44:42,DT-001,FAULT,35.63,42.95,40.73,95.37,266.72,HIGH_NETWORK_LATENCY,1
2026-09-20 10:44:43,DT-001,FAULT,32.44,42.1,40.38,95.37,201.96,HIGH_NETWORK_LATENCY,1
2026-09-20 10:44:44,DT-001,NORMAL,33.5,41.59,40.26,95.37,185.0,NORMAL,0
2026-09-20 10:44:45,DT-001,NORMAL,34.38,41.12,40.72,95.36,166.57,NORMAL,0
2026-09-20 10:44:46,DT-001,NORMAL,36.58,41.1,40.41,95.35,152.41,NORMAL,0
2026-09-20 10:44:47,DT-001,NORMAL,33.26,41.49,40.04,95.35,138.96,NORMAL,0
2026-09-20 10:44:48,DT-001,NORMAL,35.17,40.26,40.51,95.35,127.01,NORMAL,0
2026-09-20 10:44:49,DT-001,NORMAL,33.59,40.54,40.45,95.34,114.83,NORMAL,0
2026-09-20 10:44:50,DT-001,NORMAL,31.36,39.76,40.61,95.33,103.31,NORMAL,0
2026-09-20 10:44:51,DT-001,NORMAL,30.08,38.63,41.14,95.32,92.44,NORMAL,0
2026-09-20 10:44:52,DT-001,NORMAL,30.03,40.46,41.16,95.32,85.09,NORMAL,0
2026-09-20 10:44:53,DT-001,NORMAL,28.72,41.09,41.73,95.31,77.89,NORMAL,0
2026-09-20 10:44:54,DT-001,NORMAL,26.24,40.11,41.68,95.31,71.89,NORMAL,0
2026-09-20 10:44:55,DT-001,NORMAL,25.85,38.49,41.31,95.31,69.16,NORMAL,0
2026-09-20 10:44:56,DT-001,NORMAL,25.14,39.14,40.57,95.3,64.94,NORMAL,0
2026-09-20 10:44:57,DT-001,NORMAL,26.16,38.03,40.26,95.3,62.31,NORMAL,0
2026-09-20 10:44:58,DT-001,NORMAL,25.31,38.94,40.03,95.29,57.27,NORMAL,0
2026-09-20 10:44:59,DT-001,NORMAL,23.82,38.26,40.43,95.29,55.82,NORMAL,0
2026-09-20 10:45:00,DT-001,NORMAL,22.91,38.45,40.86,95.28,52.55,NORMAL,0
2026-09-20 10:45:01,DT-001,NORMAL,26.06,39.85,41.08,95.28,50.93,NORMAL,0
2026-09-20 10:45:02,DT-001,NORMAL,28.7,38.48,40.45,95.28,47.02,NORMAL,0
2026-09-20 10:45:03,DT-001,NORMAL,26.88,38.42,41.1,95.27,46.86,NORMAL,0
2026-09-20 10:45:04,DT-001,NORMAL,26.14,39.46,40.44,95.27,45.22,NORMAL,0
2026-09-20 10:45:05,DT-001,NORMAL,25.49,38.47,41.09,95.26,44.12,NORMAL,0
2026-09-20 10:45:06,DT-001,NORMAL,23.34,38.57,40.88,95.26,39.18,NORMAL,0
2026-09-20 10:45:07,DT-001,NORMAL,24.51,38.6,41.38,95.26,36.19,NORMAL,0
2026-09-20 10:45:08,DT-001,FAULT,86.36,37.68,44.51,95.26,33.77,HIGH_CPU,1
2026-09-20 10:45:09,DT-001,FAULT,95.93,39.53,45.33,95.26,32.4,HIGH_CPU,1
2026-09-20 10:45:10,DT-001,FAULT,87.87,38.13,46.47,95.26,29.63,HIGH_CPU,1
2026-09-20 10:45:11,DT-001,FAULT,92.56,38.45,48.92,95.26,27.12,HIGH_CPU,1
2026-09-20 10:45:12,DT-001,FAULT,90.32,38.93,49.7,95.25,24.69,HIGH_CPU,1
2026-09-20 10:45:13,DT-001,FAULT,86.65,38.05,49.45,95.24,22.19,HIGH_CPU,1
2026-09-20 10:45:14,DT-001,FAULT,86.74,38.99,50.15,95.24,21.04,HIGH_CPU,1
2026-09-20 10:45:15,DT-001,FAULT,89.36,38.41,52.53,95.23,21.23,HIGH_CPU,1
2026-09-20 10:45:16,DT-001,NORMAL,81.1,39.8,51.24,95.23,19.37,NORMAL,0
2026-09-20 10:45:17,DT-001,NORMAL,75.94,38.4,50.03,95.22,17.19,NORMAL,0
2026-09-20 10:45:18,DT-001,NORMAL,70.81,38.88,48.45,95.21,20.06,NORMAL,0
2026-09-20 10:45:19,DT-001,NORMAL,69.3,38.41,47.75,95.2,18.01,NORMAL,0
2026-09-20 10:45:20,DT-001,NORMAL,66.58,37.77,47.28,95.2,16.99,NORMAL,0
2026-09-20 10:45:21,DT-001,NORMAL,63.7,37.64,46.52,95.19,16.77,NORMAL,0
2026-09-20 10:45:22,DT-001,NORMAL,59.14,38.84,45.3,95.19,17.08,NORMAL,0
2026-09-20 10:45:23,DT-001,NORMAL,54.25,37.51,44.13,95.19,18.33,NORMAL,0
2026-09-20 10:45:24,DT-001,NORMAL,51.19,38.41,43.21,95.18,16.32,NORMAL,0
2026-09-20 10:45:25,DT-001,NORMAL,50.43,39.53,43.31,95.18,17.56,NORMAL,0
2026-09-20 10:45:26,DT-001,NORMAL,47.1,39.01,43.5,95.17,20.25,NORMAL,0
2026-09-20 10:45:27,DT-001,NORMAL,45.02,40.61,42.98,95.17,19.56,NORMAL,0
2026-09-20 10:45:28,DT-001,NORMAL,40.99,40.75,43.2,95.17,20.71,NORMAL,0
2026-09-20 10:45:29,DT-001,NORMAL,37.92,41.45,42.86,95.16,21.59,NORMAL,0
2026-09-20 10:45:30,DT-001,NORMAL,38.13,41.57,42.54,95.16,21.47,NORMAL,0
2026-09-20 10:45:31,DT-001,NORMAL,37.29,43.1,42.46,95.15,23.9,NORMAL,0
2026-09-20 10:45:32,DT-001,NORMAL,34.01,41.16,42.7,95.15,24.82,NORMAL,0
2026-09-20 10:45:33,DT-001,FAULT,34.67,40.48,83.45,95.15,25.21,HIGH_TEMPERATURE,1
2026-09-20 10:45:34,DT-001,FAULT,36.34,41.91,78.43,95.14,23.81,HIGH_TEMPERATURE,1
2026-09-20 10:45:35,DT-001,FAULT,38.43,43.03,93.31,95.13,22.17,HIGH_TEMPERATURE,1
2026-09-20 10:45:36,DT-001,FAULT,43.59,42.29,80.2,95.13,23.62,HIGH_TEMPERATURE,1
2026-09-20 10:45:37,DT-001,FAULT,43.52,42.07,85.99,95.12,23.87,HIGH_TEMPERATURE,1
2026-09-20 10:45:38,DT-001,FAULT,42.39,43.11,84.32,95.12,23.68,HIGH_TEMPERATURE,1
2026-09-20 10:45:39,DT-001,FAULT,44.31,42.45,96.57,95.11,21.11,HIGH_TEMPERATURE,1
2026-09-20 10:45:40,DT-001,FAULT,45.25,40.64,95.5,95.1,19.43,HIGH_TEMPERATURE,1
2026-09-20 10:45:41,DT-001,FAULT,45.78,41.68,86.85,95.1,17.87,HIGH_TEMPERATURE,1
2026-09-20 10:45:42,DT-001,FAULT,46.84,42.46,96.98,95.1,19.18,HIGH_TEMPERATURE,1
2026-09-20 10:45:43,DT-001,FAULT,46.67,43.87,89.72,95.09,21.62,HIGH_TEMPERATURE,1
2026-09-20 10:45:44,DT-001,FAULT,47.2,43.25,86.01,95.09,21.58,HIGH_TEMPERATURE,1
2026-09-20 10:45:45,DT-001,FAULT,43.91,43.59,96.26,95.08,20.44,HIGH_TEMPERATURE,1
2026-09-20 10:45:46,DT-001,FAULT,42.95,42.92,91.23,95.08,19.08,HIGH_TEMPERATURE,1
2026-09-20 10:45:47,DT-001,FAULT,41.75,41.52,90.32,95.07,18.98,HIGH_TEMPERATURE,1
2026-09-20 10:45:48,DT-001,FAULT,44.66,39.7,95.68,95.07,17.78,HIGH_TEMPERATURE,1
2026-09-20 10:45:49,DT-001,FAULT,41.86,41.0,96.91,95.06,15.41,HIGH_TEMPERATURE,1
2026-09-20 10:45:50,DT-001,NORMAL,42.66,42.34,91.09,95.06,16.72,NORMAL,0
2026-09-20 10:45:51,DT-001,NORMAL,43.79,42.91,85.46,95.06,18.31,NORMAL,0
2026-09-20 10:45:52,DT-001,NORMAL,42.53,43.81,81.56,95.05,17.14,NORMAL,0
2026-09-20 10:45:53,DT-001,NORMAL,39.86,42.07,77.85,95.04,17.88,NORMAL,0
2026-09-20 10:45:54,DT-001,NORMAL,40.22,40.91,73.95,95.04,16.34,NORMAL,0
2026-09-20 10:45:55,DT-001,NORMAL,38.87,39.93,70.68,95.04,16.03,NORMAL,0
2026-09-20 10:45:56,DT-001,NORMAL,36.99,39.66,67.88,95.03,18.47,NORMAL,0
2026-09-20 10:45:57,DT-001,NORMAL,35.55,40.47,65.55,95.03,21.15,NORMAL,0
2026-09-20 10:45:58,DT-001,NORMAL,36.84,41.01,63.63,95.02,22.59,NORMAL,0
2026-09-20 10:45:59,DT-001,NORMAL,36.44,40.22,61.93,95.02,24.02,NORMAL,0
2026-09-20 10:46:00,DT-001,NORMAL,37.78,41.49,59.58,95.01,23.04,NORMAL,0
2026-09-20 10:46:01,DT-001,NORMAL,35.68,39.86,58.08,95.01,21.17,NORMAL,0
2026-09-20 10:46:02,DT-001,NORMAL,37.36,40.35,56.82,95.0,20.55,NORMAL,0
2026-09-20 10:46:03,DT-001,NORMAL,38.6,41.48,55.77,94.99,20.02,NORMAL,0
2026-09-20 10:46:04,DT-001,NORMAL,38.91,42.69,54.66,94.99,21.09,NORMAL,0
2026-09-20 10:46:05,DT-001,NORMAL,37.22,42.79,53.64,94.98,20.73,NORMAL,0
2026-09-20 10:46:06,DT-001,FAULT,89.71,43.56,52.92,94.97,21.35,HIGH_CPU,1
2026-09-20 10:46:07,DT-001,FAULT,97.7,43.26,54.68,94.97,22.64,HIGH_CPU,1
2026-09-20 10:46:08,DT-001,FAULT,95.31,42.28,55.83,94.96,21.08,HIGH_CPU,1
2026-09-20 10:46:09,DT-001,FAULT,99.17,40.97,56.89,94.96,23.01,HIGH_CPU,1
2026-09-20 10:46:10,DT-001,FAULT,98.6,42.49,58.76,94.95,23.39,HIGH_CPU,1
2026-09-20 10:46:11,DT-001,FAULT,88.9,42.96,57.59,94.95,22.67,HIGH_CPU,1
2026-09-20 10:46:12,DT-001,FAULT,98.8,44.28,57.18,94.94,22.05,HIGH_CPU,1
2026-09-20 10:46:13,DT-001,FAULT,96.73,42.47,57.35,94.94,23.8,HIGH_CPU,1
2026-09-20 10:46:14,DT-001,FAULT,89.24,40.9,58.48,94.93,26.09,HIGH_CPU,1
2026-09-20 10:46:15,DT-001,FAULT,94.27,40.48,58.94,94.93,24.2,HIGH_CPU,1
2026-09-20 10:46:16,DT-001,NORMAL,88.83,40.28,56.34,94.93,22.82,NORMAL,0
2026-09-20 10:46:17,DT-001,NORMAL,83.96,41.02,55.01,94.92,21.22,NORMAL,0
2026-09-20 10:46:18,DT-001,NORMAL,76.18,40.32,53.12,94.91,23.78,NORMAL,0
2026-09-20 10:46:19,DT-001,NORMAL,74.09,40.64,52.17,94.91,22.08,NORMAL,0
2026-09-20 10:46:20,DT-001,NORMAL,68.61,40.19,50.77,94.9,22.19,NORMAL,0
2026-09-20 10:46:21,DT-001,NORMAL,63.46,40.19,50.31,94.89,19.98,NORMAL,0
2026-09-20 10:46:22,DT-001,NORMAL,60.27,38.88,48.73,94.89,17.98,NORMAL,0
2026-09-20 10:46:23,DT-001,NORMAL,59.05,39.88,48.47,94.89,20.21,NORMAL,0
2026-09-20 10:46:24,DT-001,NORMAL,57.56,39.05,47.35,94.88,19.2,NORMAL,0
2026-09-20 10:46:25,DT-001,NORMAL,56.23,37.89,47.12,94.87,20.89,NORMAL,0
2026-09-20 10:46:26,DT-001,NORMAL,51.71,37.12,45.74,94.87,21.91,NORMAL,0
2026-09-20 10:46:27,DT-001,NORMAL,52.21,38.95,44.51,94.87,22.85,NORMAL,0
2026-09-20 10:46:28,DT-001,NORMAL,49.95,40.3,44.59,94.87,20.37,NORMAL,0
2026-09-20 10:46:29,DT-001,NORMAL,46.23,39.08,44.14,94.86,22.44,NORMAL,0
2026-09-20 10:46:30,DT-001,NORMAL,45.06,40.87,43.76,94.86,21.75,NORMAL,0
2026-09-20 10:46:31,DT-001,NORMAL,45.0,41.42,43.94,94.86,22.55,NORMAL,0
2026-09-20 10:46:32,DT-001,NORMAL,42.93,41.6,44.2,94.85,20.43,NORMAL,0
2026-09-20 10:46:33,DT-001,NORMAL,43.42,42.01,43.71,94.84,20.89,NORMAL,0
2026-09-20 10:46:34,DT-001,FAULT,88.17,42.65,44.78,94.83,21.18,HIGH_CPU,1
2026-09-20 10:46:35,DT-001,FAULT,90.72,41.75,45.46,94.83,23.5,HIGH_CPU,1
2026-09-20 10:46:36,DT-001,FAULT,87.44,43.24,48.0,94.83,25.05,HIGH_CPU,1
2026-09-20 10:46:37,DT-001,FAULT,91.49,43.83,50.03,94.83,24.5,HIGH_CPU,1
2026-09-20 10:46:38,DT-001,FAULT,92.69,44.11,50.48,94.82,25.84,HIGH_CPU,1
2026-09-20 10:46:39,DT-001,FAULT,97.16,43.62,51.75,94.82,26.64,HIGH_CPU,1
2026-09-20 10:46:40,DT-001,FAULT,88.36,42.99,52.28,94.81,25.78,HIGH_CPU,1
2026-09-20 10:46:41,DT-001,FAULT,91.56,42.67,54.06,94.81,24.07,HIGH_CPU,1
2026-09-20 10:46:42,DT-001,FAULT,92.85,41.14,53.71,94.8,25.51,HIGH_CPU,1
2026-09-20 10:46:43,DT-001,FAULT,86.42,39.5,54.0,94.8,24.55,HIGH_CPU,1
2026-09-20 10:46:44,DT-001,FAULT,86.71,38.66,54.57,94.8,24.12,HIGH_CPU,1
2026-09-20 10:46:45,DT-001,FAULT,89.46,37.65,55.13,94.8,25.74,HIGH_CPU,1
2026-09-20 10:46:46,DT-001,FAULT,98.07,38.5,55.17,94.79,27.69,HIGH_CPU,1
2026-09-20 10:46:47,DT-001,FAULT,93.02,39.54,54.82,94.78,24.79,HIGH_CPU,1
2026-09-20 10:46:48,DT-001,FAULT,99.49,38.4,55.51,94.78,26.3,HIGH_CPU,1
2026-09-20 10:46:49,DT-001,FAULT,95.35,38.99,56.43,94.77,26.61,HIGH_CPU,1
2026-09-20 10:46:50,DT-001,FAULT,99.56,37.74,56.8,94.77,23.34,HIGH_CPU,1
2026-09-20 10:46:51,DT-001,FAULT,96.85,38.5,56.72,94.77,23.68,HIGH_CPU,1
2026-09-20 10:46:52,DT-001,FAULT,87.29,38.52,57.42,94.77,21.51,HIGH_CPU,1
2026-09-20 10:46:53,DT-001,NORMAL,81.4,39.96,55.8,94.77,21.74,NORMAL,0
2026-09-20 10:46:54,DT-001,NORMAL,73.84,38.2,54.41,94.76,24.15,NORMAL,0
2026-09-20 10:46:55,DT-001,NORMAL,70.73,38.72,53.04,94.76,23.67,NORMAL,0
2026-09-20 10:46:56,DT-001,NORMAL,67.15,39.25,52.0,94.75,23.24,NORMAL,0
2026-09-20 10:46:57,DT-001,NORMAL,63.59,39.04,50.53,94.75,25.03,NORMAL,0
2026-09-20 10:46:58,DT-001,NORMAL,60.09,39.12,50.11,94.74,25.6,NORMAL,0
2026-09-20 10:46:59,DT-001,FAULT,61.18,38.99,98.28,94.74,26.04,HIGH_TEMPERATURE,1
2026-09-20 10:47:00,DT-001,FAULT,63.93,38.97,87.17,94.73,24.84,HIGH_TEMPERATURE,1
2026-09-20 10:47:01,DT-001,FAULT,64.81,38.57,82.56,94.72,22.53,HIGH_TEMPERATURE,1
2026-09-20 10:47:02,DT-001,FAULT,63.81,38.65,95.46,94.72,22.24,HIGH_TEMPERATURE,1
2026-09-20 10:47:03,DT-001,FAULT,63.78,37.83,83.74,94.71,21.25,HIGH_TEMPERATURE,1
2026-09-20 10:47:04,DT-001,FAULT,59.78,39.35,80.51,94.7,20.25,HIGH_TEMPERATURE,1
2026-09-20 10:47:05,DT-001,FAULT,59.92,39.36,94.94,94.69,21.68,HIGH_TEMPERATURE,1
2026-09-20 10:47:06,DT-001,FAULT,63.8,40.7,79.11,94.69,19.37,HIGH_TEMPERATURE,1
2026-09-20 10:47:07,DT-001,FAULT,66.33,42.29,91.41,94.68,20.96,HIGH_TEMPERATURE,1
2026-09-20 10:47:08,DT-001,FAULT,62.35,42.29,82.52,94.68,18.8,HIGH_TEMPERATURE,1
2026-09-20 10:47:09,DT-001,FAULT,62.17,42.81,81.39,94.67,20.92,HIGH_TEMPERATURE,1
2026-09-20 10:47:10,DT-001,NORMAL,56.92,41.46,77.93,94.66,18.16,NORMAL,0
2026-09-20 10:47:11,DT-001,NORMAL,54.08,40.54,73.66,94.66,19.51,NORMAL,0
2026-09-20 10:47:12,DT-001,NORMAL,52.37,39.57,70.66,94.66,21.11,NORMAL,0
2026-09-20 10:47:13,DT-001,NORMAL,49.75,41.12,68.17,94.65,21.09,NORMAL,0
2026-09-20 10:47:14,DT-001,NORMAL,50.17,40.8,65.74,94.64,21.07,NORMAL,0
2026-09-20 10:47:15,DT-001,NORMAL,47.28,40.37,63.56,94.63,20.39,NORMAL,0
2026-09-20 10:47:16,DT-001,NORMAL,47.84,39.07,61.31,94.62,22.94,NORMAL,0
2026-09-20 10:47:17,DT-001,NORMAL,48.08,40.87,59.06,94.62,23.73,NORMAL,0
2026-09-20 10:47:18,DT-001,NORMAL,47.47,40.11,56.93,94.61,25.52,NORMAL,0
2026-09-20 10:47:19,DT-001,NORMAL,43.82,39.75,55.45,94.6,25.64,NORMAL,0
2026-09-20 10:47:20,DT-001,NORMAL,42.12,39.22,54.35,94.59,26.56,NORMAL,0
2026-09-20 10:47:21,DT-001,NORMAL,38.66,39.43,52.76,94.58,27.96,NORMAL,0
2026-09-20 10:47:22,DT-001,NORMAL,38.02,38.46,51.5,94.58,26.3,NORMAL,0
2026-09-20 10:47:23,DT-001,NORMAL,34.64,40.02,50.41,94.58,27.47,NORMAL,0
2026-09-20 10:47:24,DT-001,NORMAL,33.76,40.04,49.7,94.57,25.42,NORMAL,0
2026-09-20 10:47:25,DT-001,NORMAL,31.35,40.96,49.37,94.57,25.27,NORMAL,0
2026-09-20 10:47:26,DT-001,FAULT,35.85,42.62,89.73,94.56,25.43,HIGH_TEMPERATURE,1
2026-09-20 10:47:27,DT-001,FAULT,37.05,41.58,93.72,94.55,25.82,HIGH_TEMPERATURE,1
2026-09-20 10:47:28,DT-001,FAULT,38.54,40.8,80.16,94.54,24.49,HIGH_TEMPERATURE,1
2026-09-20 10:47:29,DT-001,FAULT,41.31,39.22,87.82,94.53,23.91,HIGH_TEMPERATURE,1
2026-09-20 10:47:30,DT-001,FAULT,42.44,39.62,88.97,94.53,22.25,HIGH_TEMPERATURE,1
2026-09-20 10:47:31,DT-001,FAULT,41.5,41.21,81.18,94.52,23.77,HIGH_TEMPERATURE,1
2026-09-20 10:47:32,DT-001,FAULT,43.86,39.75,82.68,94.51,21.33,HIGH_TEMPERATURE,1
2026-09-20 10:47:33,DT-001,FAULT,44.41,41.37,86.99,94.5,21.75,HIGH_TEMPERATURE,1
2026-09-20 10:47:34,DT-001,FAULT,45.79,39.58,84.67,94.5,24.22,HIGH_TEMPERATURE,1
2026-09-20 10:47:35,DT-001,FAULT,46.86,38.34,97.56,94.5,25.93,HIGH_TEMPERATURE,1
2026-09-20 10:47:36,DT-001,FAULT,49.76,38.46,87.19,94.49,27.34,HIGH_TEMPERATURE,1
2026-09-20 10:47:37,DT-001,FAULT,51.95,40.06,91.33,94.49,27.79,HIGH_TEMPERATURE,1
2026-09-20 10:47:38,DT-001,NORMAL,49.54,39.87,86.12,94.48,26.07,NORMAL,0
2026-09-20 10:47:39,DT-001,NORMAL,48.48,39.56,81.12,94.48,25.68,NORMAL,0
2026-09-20 10:47:40,DT-001,NORMAL,48.74,40.45,77.22,94.47,26.23,NORMAL,0
2026-09-20 10:47:41,DT-001,NORMAL,48.46,41.15,73.59,94.47,25.93,NORMAL,0
2026-09-20 10:47:42,DT-001,NORMAL,47.26,41.31,69.58,94.46,23.66,NORMAL,0
2026-09-20 10:47:43,DT-001,NORMAL,47.67,39.82,67.25,94.46,20.7,NORMAL,0
2026-09-20 10:47:44,DT-001,NORMAL,44.53,40.57,65.09,94.45,22.28,NORMAL,0
2026-09-20 10:47:45,DT-001,NORMAL,42.55,38.88,63.1,94.45,21.72,NORMAL,0
2026-09-20 10:47:46,DT-001,NORMAL,43.24,38.33,60.44,94.45,19.38,NORMAL,0
2026-09-20 10:47:47,DT-001,NORMAL,39.99,37.62,57.8,94.45,18.94,NORMAL,0
2026-09-20 10:47:48,DT-001,NORMAL,39.61,37.23,55.34,94.45,18.45,NORMAL,0
2026-09-20 10:47:49,DT-001,NORMAL,38.18,36.87,53.63,94.44,16.56,NORMAL,0
2026-09-20 10:47:50,DT-001,NORMAL,38.72,37.5,52.26,94.43,16.28,NORMAL,0
2026-09-20 10:47:51,DT-001,NORMAL,35.48,37.62,50.9,94.43,16.16,NORMAL,0
2026-09-20 10:47:52,DT-001,NORMAL,37.01,37.03,50.47,94.42,15.17,NORMAL,0
2026-09-20 10:47:53,DT-001,NORMAL,37.85,36.62,49.29,94.42,16.39,NORMAL,0
2026-09-20 10:47:54,DT-001,NORMAL,39.59,36.5,49.06,94.41,16.95,NORMAL,0
2026-09-20 10:47:55,DT-001,NORMAL,40.86,36.68,47.44,94.41,19.03,NORMAL,0
2026-09-20 10:47:56,DT-001,NORMAL,42.32,35.21,47.32,94.4,19.66,NORMAL,0
2026-09-20 10:47:57,DT-001,NORMAL,40.44,35.16,46.78,94.4,19.75,NORMAL,0
2026-09-20 10:47:58,DT-001,NORMAL,40.69,35.87,45.81,94.39,17.74,NORMAL,0
2026-09-20 10:47:59,DT-001,NORMAL,39.92,35.49,45.13,94.39,20.43,NORMAL,0
2026-09-20 10:48:00,DT-001,NORMAL,39.92,35.37,44.28,94.38,20.14,NORMAL,0
2026-09-20 10:48:01,DT-001,NORMAL,41.53,35.26,43.79,94.37,17.51,NORMAL,0
2026-09-20 10:48:02,DT-001,NORMAL,41.17,33.95,43.38,94.37,18.69,NORMAL,0
2026-09-20 10:48:03,DT-001,NORMAL,42.19,35.28,43.42,94.36,20.37,NORMAL,0
2026-09-20 10:48:04,DT-001,NORMAL,38.69,34.07,43.55,94.35,21.27,NORMAL,0
2026-09-20 10:48:05,DT-001,NORMAL,39.51,35.84,42.99,94.35,22.59,NORMAL,0
2026-09-20 10:48:06,DT-001,NORMAL,35.9,36.12,43.32,94.35,20.82,NORMAL,0
2026-09-20 10:48:07,DT-001,FAULT,38.48,37.65,99.56,94.34,19.24,HIGH_TEMPERATURE,1
2026-09-20 10:48:08,DT-001,FAULT,38.33,37.86,99.65,94.33,16.65,HIGH_TEMPERATURE,1
2026-09-20 10:48:09,DT-001,FAULT,38.75,37.27,94.25,94.33,15.33,HIGH_TEMPERATURE,1
2026-09-20 10:48:10,DT-001,FAULT,42.71,36.37,98.54,94.32,13.79,HIGH_TEMPERATURE,1
2026-09-20 10:48:11,DT-001,FAULT,46.89,37.56,99.34,94.32,11.83,HIGH_TEMPERATURE,1
2026-09-20 10:48:12,DT-001,FAULT,49.07,38.46,92.81,94.32,12.26,HIGH_TEMPERATURE,1
2026-09-20 10:48:13,DT-001,FAULT,51.55,37.97,89.4,94.31,10.99,HIGH_TEMPERATURE,1
2026-09-20 10:48:14,DT-001,FAULT,51.07,36.53,89.71,94.31,14.15,HIGH_TEMPERATURE,1
2026-09-20 10:48:15,DT-001,FAULT,51.82,36.28,82.96,94.3,17.38,HIGH_TEMPERATURE,1
2026-09-20 10:48:16,DT-001,FAULT,52.25,38.16,91.76,94.3,15.28,HIGH_TEMPERATURE,1
2026-09-20 10:48:17,DT-001,FAULT,52.03,36.63,83.44,94.29,17.59,HIGH_TEMPERATURE,1
2026-09-20 10:48:18,DT-001,FAULT,55.3,38.16,79.6,94.28,16.41,HIGH_TEMPERATURE,1
2026-09-20 10:48:19,DT-001,FAULT,54.33,36.89,98.17,94.28,19.33,HIGH_TEMPERATURE,1
2026-09-20 10:48:20,DT-001,FAULT,57.06,37.9,79.21,94.28,21.03,HIGH_TEMPERATURE,1
2026-09-20 10:48:21,DT-001,FAULT,57.07,36.67,86.84,94.28,22.82,HIGH_TEMPERATURE,1
2026-09-20 10:48:22,DT-001,FAULT,56.02,38.32,88.21,94.28,22.29,HIGH_TEMPERATURE,1
2026-09-20 10:48:23,DT-001,NORMAL,51.27,39.03,83.64,94.28,22.15,NORMAL,0
2026-09-20 10:48:24,DT-001,NORMAL,47.02,37.37,79.59,94.27,23.78,NORMAL,0
2026-09-20 10:48:25,DT-001,NORMAL,43.3,37.67,75.42,94.27,24.05,NORMAL,0
2026-09-20 10:48:26,DT-001,NORMAL,40.01,36.26,71.34,94.26,23.72,NORMAL,0
2026-09-20 10:48:27,DT-001,NORMAL,38.24,36.93,68.27,94.26,23.18,NORMAL,0
2026-09-20 10:48:28,DT-001,NORMAL,36.29,38.93,65.47,94.25,20.94,NORMAL,0
2026-09-20 10:48:29,DT-001,NORMAL,37.39,39.25,62.28,94.25,23.42,NORMAL,0
2026-09-20 10:48:30,DT-001,NORMAL,35.03,37.77,59.6,94.24,24.12,NORMAL,0
2026-09-20 10:48:31,DT-001,NORMAL,35.57,39.26,57.74,94.24,22.62,NORMAL,0
2026-09-20 10:48:32,DT-001,NORMAL,32.88,40.69,56.56,94.23,24.63,NORMAL,0
2026-09-20 10:48:33,DT-001,NORMAL,33.63,40.5,54.49,94.23,25.61,NORMAL,0
2026-09-20 10:48:34,DT-001,NORMAL,34.93,40.01,52.89,94.22,22.39,NORMAL,0
2026-09-20 10:48:35,DT-001,FAULT,39.61,38.72,85.92,94.22,24.38,HIGH_TEMPERATURE,1
2026-09-20 10:48:36,DT-001,FAULT,38.25,38.07,96.65,94.21,22.18,HIGH_TEMPERATURE,1
2026-09-20 10:48:37,DT-001,FAULT,39.06,37.1,81.02,94.21,23.75,HIGH_TEMPERATURE,1
2026-09-20 10:48:38,DT-001,FAULT,41.09,36.8,86.19,94.21,22.67,HIGH_TEMPERATURE,1
2026-09-20 10:48:39,DT-001,FAULT,44.54,38.2,80.61,94.2,23.55,HIGH_TEMPERATURE,1
2026-09-20 10:48:40,DT-001,NORMAL,41.41,38.5,76.83,94.2,22.81,NORMAL,0
2026-09-20 10:48:41,DT-001,NORMAL,42.54,39.59,73.27,94.19,21.42,NORMAL,0
2026-09-20 10:48:42,DT-001,NORMAL,39.92,40.1,69.63,94.19,21.32,NORMAL,0
2026-09-20 10:48:43,DT-001,NORMAL,38.87,40.91,67.07,94.18,21.81,NORMAL,0
2026-09-20 10:48:44,DT-001,NORMAL,37.38,42.2,64.73,94.18,21.73,NORMAL,0
2026-09-20 10:48:45,DT-001,NORMAL,37.79,42.07,62.23,94.17,21.42,NORMAL,0
2026-09-20 10:48:46,DT-001,NORMAL,37.76,42.91,60.22,94.17,23.41,NORMAL,0
2026-09-20 10:48:47,DT-001,NORMAL,35.55,41.6,58.09,94.16,21.21,NORMAL,0
2026-09-20 10:48:48,DT-001,NORMAL,33.67,39.95,56.65,94.16,21.19,NORMAL,0
2026-09-20 10:48:49,DT-001,NORMAL,30.82,40.0,54.75,94.16,20.71,NORMAL,0
2026-09-20 10:48:50,DT-001,NORMAL,30.73,39.18,52.59,94.15,19.37,NORMAL,0
2026-09-20 10:48:51,DT-001,NORMAL,32.82,38.52,51.33,94.15,17.16,NORMAL,0
2026-09-20 10:48:52,DT-001,NORMAL,31.07,37.3,50.0,94.14,16.55,NORMAL,0
2026-09-20 10:48:53,DT-001,NORMAL,29.61,38.45,49.38,94.13,15.22,NORMAL,0
2026-09-20 10:48:54,DT-001,NORMAL,27.7,39.88,48.76,94.13,14.41,NORMAL,0
2026-09-20 10:48:55,DT-001,NORMAL,26.75,39.34,48.6,94.12,16.71,NORMAL,0
2026-09-20 10:48:56,DT-001,NORMAL,24.44,39.96,48.44,94.11,19.01,NORMAL,0
2026-09-20 10:48:57,DT-001,NORMAL,26.2,38.92,47.21,94.1,19.39,NORMAL,0
2026-09-20 10:48:58,DT-001,NORMAL,28.28,38.46,45.9,94.09,19.07,NORMAL,0
2026-09-20 10:48:59,DT-001,NORMAL,28.01,38.39,45.81,94.09,17.21,NORMAL,0
2026-09-20 10:49:00,DT-001,NORMAL,27.15,39.41,45.23,94.09,16.71,NORMAL,0
2026-09-20 10:49:01,DT-001,NORMAL,27.04,40.38,45.09,94.08,15.95,NORMAL,0
2026-09-20 10:49:02,DT-001,NORMAL,27.7,38.65,44.06,94.07,19.03,NORMAL,0
2026-09-20 10:49:03,DT-001,NORMAL,29.54,40.28,43.76,94.07,18.48,NORMAL,0
2026-09-20 10:49:04,DT-001,NORMAL,27.23,39.84,43.35,94.06,21.13,NORMAL,0
2026-09-20 10:49:05,DT-001,NORMAL,26.46,38.67,43.26,94.06,22.78,NORMAL,0
2026-09-20 10:49:06,DT-001,NORMAL,24.26,37.72,43.53,94.06,20.91,NORMAL,0
2026-09-20 10:49:07,DT-001,NORMAL,24.96,37.79,42.99,94.06,19.89,NORMAL,0
2026-09-20 10:49:08,DT-001,NORMAL,24.88,39.77,42.16,94.05,21.21,NORMAL,0
2026-09-20 10:49:09,DT-001,NORMAL,27.57,38.74,42.47,94.05,22.81,NORMAL,0
2026-09-20 10:49:10,DT-001,NORMAL,25.97,39.13,41.95,94.05,23.7,NORMAL,0
2026-09-20 10:49:11,DT-001,NORMAL,24.76,40.99,41.68,94.04,23.89,NORMAL,0
2026-09-20 10:49:12,DT-001,NORMAL,24.36,41.14,41.5,94.03,21.01,NORMAL,0
2026-09-20 10:49:13,DT-001,NORMAL,25.72,42.53,41.13,94.03,22.49,NORMAL,0
2026-09-20 10:49:14,DT-001,NORMAL,27.89,43.54,40.89,94.02,22.88,NORMAL,0
2026-09-20 10:49:15,DT-001,NORMAL,27.48,43.76,41.09,94.02,23.66,NORMAL,0
2026-09-20 10:49:16,DT-001,NORMAL,29.81,42.15,41.53,94.02,24.2,NORMAL,0
2026-09-20 10:49:17,DT-001,NORMAL,31.05,43.38,41.97,94.01,25.19,NORMAL,0
2026-09-20 10:49:18,DT-001,NORMAL,30.24,43.96,41.78,94.01,24.19,NORMAL,0
2026-09-20 10:49:19,DT-001,NORMAL,28.64,41.93,40.92,94.0,24.72,NORMAL,0
2026-09-20 10:49:20,DT-001,NORMAL,27.93,41.37,40.39,94.0,22.9,NORMAL,0
2026-09-20 10:49:21,DT-001,NORMAL,26.17,41.85,40.3,93.99,20.35,NORMAL,0
2026-09-20 10:49:22,DT-001,NORMAL,27.71,41.44,40.22,93.99,18.49,NORMAL,0
2026-09-20 10:49:23,DT-001,NORMAL,28.52,40.13,39.66,93.98,16.85,NORMAL,0
2026-09-20 10:49:24,DT-001,NORMAL,26.02,39.3,39.61,93.98,18.32,NORMAL,0
2026-09-20 10:49:25,DT-001,NORMAL,26.6,39.17,39.0,93.98,18.61,NORMAL,0
2026-09-20 10:49:26,DT-001,NORMAL,27.8,37.82,39.37,93.97,19.28,NORMAL,0
2026-09-20 10:49:27,DT-001,NORMAL,27.36,36.96,39.07,93.96,17.73,NORMAL,0
2026-09-20 10:49:28,DT-001,FAULT,96.95,36.16,42.07,93.96,20.03,HIGH_CPU,1
2026-09-20 10:49:29,DT-001,FAULT,93.43,35.34,43.12,93.96,19.09,HIGH_CPU,1
2026-09-20 10:49:30,DT-001,FAULT,90.35,35.96,44.79,93.96,17.64,HIGH_CPU,1
2026-09-20 10:49:31,DT-001,FAULT,97.23,35.7,46.45,93.95,15.53,HIGH_CPU,1
2026-09-20 10:49:32,DT-001,FAULT,99.75,34.57,46.6,93.95,16.51,HIGH_CPU,1
2026-09-20 10:49:33,DT-001,NORMAL,95.42,36.38,45.47,93.94,17.4,NORMAL,0
2026-09-20 10:49:34,DT-001,NORMAL,89.94,37.38,45.6,93.93,16.75,NORMAL,0
2026-09-20 10:49:35,DT-001,NORMAL,86.02,36.99,45.55,93.93,16.19,NORMAL,0
2026-09-20 10:49:36,DT-001,NORMAL,80.88,36.87,45.2,93.93,17.04,NORMAL,0
2026-09-20 10:49:37,DT-001,NORMAL,74.34,37.6,45.25,93.92,18.62,NORMAL,0
2026-09-20 10:49:38,DT-001,NORMAL,70.56,36.25,44.54,93.92,16.88,NORMAL,0
2026-09-20 10:49:39,DT-001,NORMAL,64.01,38.15,44.23,93.91,18.48,NORMAL,0
2026-09-20 10:49:40,DT-001,NORMAL,59.41,38.85,44.18,93.91,21.21,NORMAL,0
2026-09-20 10:49:41,DT-001,NORMAL,55.32,37.25,44.26,93.9,19.7,NORMAL,0
2026-09-20 10:49:42,DT-001,NORMAL,54.99,38.12,43.47,93.9,20.91,NORMAL,0
2026-09-20 10:49:43,DT-001,NORMAL,51.85,37.67,43.04,93.9,22.82,NORMAL,0
2026-09-20 10:49:44,DT-001,NORMAL,48.0,38.39,42.22,93.89,20.33,NORMAL,0
2026-09-20 10:49:45,DT-001,NORMAL,47.99,40.1,41.62,93.89,21.52,NORMAL,0
2026-09-20 10:49:46,DT-001,NORMAL,47.39,39.17,40.99,93.89,20.2,NORMAL,0
2026-09-20 10:49:47,DT-001,NORMAL,46.38,38.43,41.3,93.89,22.74,NORMAL,0
2026-09-20 10:49:48,DT-001,NORMAL,42.95,38.38,41.18,93.88,23.87,NORMAL,0
2026-09-20 10:49:49,DT-001,NORMAL,43.24,36.81,40.89,93.87,24.88,NORMAL,0
2026-09-20 10:49:50,DT-001,NORMAL,42.43,35.88,41.13,93.87,24.19,NORMAL,0
2026-09-20 10:49:51,DT-001,NORMAL,40.51,36.68,40.4,93.87,23.61,NORMAL,0
2026-09-20 10:49:52,DT-001,NORMAL,37.79,35.25,40.36,93.86,23.2,NORMAL,0
2026-09-20 10:49:53,DT-001,NORMAL,39.38,37.42,40.14,93.86,23.64,NORMAL,0
2026-09-20 10:49:54,DT-001,NORMAL,37.95,36.02,40.73,93.85,23.63,NORMAL,0
2026-09-20 10:49:55,DT-001,NORMAL,36.81,35.54,41.25,93.85,23.32,NORMAL,0
2026-09-20 10:49:56,DT-001,NORMAL,37.15,36.69,41.35,93.84,24.26,NORMAL,0
2026-09-20 10:49:57,DT-001,NORMAL,33.92,38.15,41.4,93.83,24.9,NORMAL,0
2026-09-20 10:49:58,DT-001,NORMAL,32.24,38.17,41.52,93.83,24.96,NORMAL,0
2026-09-20 10:49:59,DT-001,NORMAL,33.86,36.6,41.76,93.82,26.72,NORMAL,0
2026-09-20 10:50:00,DT-001,NORMAL,33.94,38.38,41.61,93.82,25.63,NORMAL,0
2026-09-20 10:50:01,DT-001,NORMAL,32.21,37.83,42.12,93.81,24.43,NORMAL,0
2026-09-20 10:50:02,DT-001,NORMAL,31.51,39.41,42.24,93.81,24.73,NORMAL,0
2026-09-20 10:50:03,DT-001,NORMAL,30.52,38.18,42.37,93.8,23.7,NORMAL,0
2026-09-20 10:50:04,DT-001,NORMAL,33.1,39.5,41.42,93.8,24.39,NORMAL,0
2026-09-20 10:50:05,DT-001,NORMAL,33.62,40.39,40.8,93.8,25.06,NORMAL,0
2026-09-20 10:50:06,DT-001,NORMAL,31.54,41.96,40.65,93.79,22.85,NORMAL,0
2026-09-20 10:50:07,DT-001,NORMAL,29.68,42.7,40.24,93.78,22.07,NORMAL,0
2026-09-20 10:50:08,DT-001,NORMAL,30.38,43.76,39.73,93.78,21.21,NORMAL,0
2026-09-20 10:50:09,DT-001,NORMAL,29.49,43.69,39.73,93.77,18.93,NORMAL,0
2026-09-20 10:50:10,DT-001,NORMAL,30.9,41.55,39.87,93.76,16.86,NORMAL,0
2026-09-20 10:50:11,DT-001,NORMAL,28.15,41.76,40.59,93.75,19.51,NORMAL,0
2026-09-20 10:50:12,DT-001,NORMAL,27.46,41.33,40.34,93.75,22.25,NORMAL,0
2026-09-20 10:50:13,DT-001,NORMAL,30.09,41.79,40.13,93.74,21.25,NORMAL,0
2026-09-20 10:50:14,DT-001,NORMAL,27.92,41.46,40.41,93.74,23.22,NORMAL,0
2026-09-20 10:50:15,DT-001,NORMAL,28.68,42.64,40.05,93.73,24.6,NORMAL,0
2026-09-20 10:50:16,DT-001,NORMAL,29.45,42.95,40.01,93.73,22.46,NORMAL,0
2026-09-20 10:50:17,DT-001,NORMAL,31.98,43.78,39.31,93.72,19.76,NORMAL,0
2026-09-20 10:50:18,DT-001,NORMAL,30.84,43.2,39.53,93.72,20.39,NORMAL,0
2026-09-20 10:50:19,DT-001,NORMAL,30.36,44.43,40.2,93.71,22.28,NORMAL,0
2026-09-20 10:50:20,DT-001,NORMAL,31.59,43.25,39.74,93.71,22.16,NORMAL,0
2026-09-20 10:50:21,DT-001,NORMAL,33.36,42.94,39.23,93.7,20.87,NORMAL,0
2026-09-20 10:50:22,DT-001,NORMAL,33.29,44.0,38.83,93.69,18.71,NORMAL,0
2026-09-20 10:50:23,DT-001,NORMAL,31.56,42.56,39.31,93.69,16.62,NORMAL,0
2026-09-20 10:50:24,DT-001,NORMAL,32.57,41.08,40.0,93.68,18.4,NORMAL,0
2026-09-20 10:50:25,DT-001,NORMAL,31.0,40.89,40.57,93.68,16.59,NORMAL,0
2026-09-20 10:50:26,DT-001,NORMAL,32.12,39.32,40.79,93.67,19.26,NORMAL,0
2026-09-20 10:50:27,DT-001,NORMAL,32.45,39.91,40.53,93.66,20.61,NORMAL,0
2026-09-20 10:50:28,DT-001,NORMAL,32.97,40.14,40.99,93.65,19.06,NORMAL,0
2026-09-20 10:50:29,DT-001,NORMAL,30.45,38.65,41.24,93.64,20.47,NORMAL,0
2026-09-20 10:50:30,DT-001,NORMAL,29.69,40.06,41.77,93.64,17.73,NORMAL,0
2026-09-20 10:50:31,DT-001,NORMAL,29.91,41.3,42.28,93.64,17.23,NORMAL,0
2026-09-20 10:50:32,DT-001,NORMAL,31.52,41.24,42.2,93.63,16.94,NORMAL,0
2026-09-20 10:50:33,DT-001,NORMAL,31.16,39.84,42.62,93.63,17.25,NORMAL,0
2026-09-20 10:50:34,DT-001,NORMAL,31.59,38.58,42.6,93.62,18.62,NORMAL,0
2026-09-20 10:50:35,DT-001,NORMAL,30.4,40.49,41.79,93.61,19.87,NORMAL,0
2026-09-20 10:50:36,DT-001,NORMAL,32.13,40.42,41.91,93.6,22.48,NORMAL,0
2026-09-20 10:50:37,DT-001,NORMAL,33.69,39.34,42.05,93.6,23.32,NORMAL,0
2026-09-20 10:50:38,DT-001,NORMAL,35.3,38.25,41.83,93.59,25.6,NORMAL,0
2026-09-20 10:50:39,DT-001,NORMAL,36.65,40.19,41.72,93.59,26.0,NORMAL,0
2026-09-20 10:50:40,DT-001,NORMAL,37.38,39.78,41.58,93.59,26.46,NORMAL,0
2026-09-20 10:50:41,DT-001,NORMAL,38.56,39.42,40.89,93.58,26.25,NORMAL,0
2026-09-20 10:50:42,DT-001,NORMAL,39.59,40.23,40.74,93.58,23.67,NORMAL,0
2026-09-20 10:50:43,DT-001,NORMAL,37.51,38.93,40.26,93.57,24.57,NORMAL,0
2026-09-20 10:50:44,DT-001,FAULT,37.72,40.79,39.73,15.31,23.72,LOW_BATTERY,1
2026-09-20 10:50:45,DT-001,FAULT,39.25,39.26,40.44,17.66,20.93,LOW_BATTERY,1
2026-09-20 10:50:46,DT-001,FAULT,39.13,39.67,41.07,1.58,20.32,LOW_BATTERY,1
2026-09-20 10:50:47,DT-001,FAULT,36.82,39.66,41.24,7.38,21.11,LOW_BATTERY,1
2026-09-20 10:50:48,DT-001,FAULT,37.17,40.76,41.34,12.06,22.97,LOW_BATTERY,1
2026-09-20 10:50:49,DT-001,FAULT,35.24,41.24,41.02,9.32,20.42,LOW_BATTERY,1
2026-09-20 10:50:50,DT-001,FAULT,35.63,41.15,40.23,5.65,20.77,LOW_BATTERY,1
2026-09-20 10:50:51,DT-001,FAULT,36.39,42.09,39.74,8.37,21.48,LOW_BATTERY,1
2026-09-20 10:50:52,DT-001,NORMAL,33.59,40.31,40.36,100.0,19.63,NORMAL,0
2026-09-20 10:50:53,DT-001,NORMAL,30.64,40.48,40.38,99.99,19.6,NORMAL,0
2026-09-20 10:50:54,DT-001,NORMAL,31.03,41.2,40.76,99.99,21.01,NORMAL,0
2026-09-20 10:50:55,DT-001,NORMAL,33.08,39.93,40.82,99.99,21.2,NORMAL,0
2026-09-20 10:50:56,DT-001,NORMAL,30.73,38.6,40.32,99.99,21.42,NORMAL,0
2026-09-20 10:50:57,DT-001,NORMAL,28.15,40.47,40.29,99.98,21.52,NORMAL,0
2026-09-20 10:50:58,DT-001,NORMAL,30.74,38.62,39.98,99.97,21.47,NORMAL,0
2026-09-20 10:50:59,DT-001,NORMAL,31.52,38.56,40.09,99.97,21.45,NORMAL,0
2026-09-20 10:51:00,DT-001,NORMAL,30.57,38.84,39.66,99.97,23.03,NORMAL,0
2026-09-20 10:51:01,DT-001,NORMAL,28.83,38.24,40.18,99.96,23.28,NORMAL,0
2026-09-20 10:51:02,DT-001,NORMAL,28.19,37.08,40.34,99.96,21.63,NORMAL,0
2026-09-20 10:51:03,DT-001,NORMAL,30.55,37.01,39.7,99.95,21.06,NORMAL,0
2026-09-20 10:51:04,DT-001,NORMAL,30.69,35.76,40.07,99.94,22.02,NORMAL,0
2026-09-20 10:51:05,DT-001,NORMAL,29.93,36.75,40.52,99.94,21.38,NORMAL,0
2026-09-20 10:51:06,DT-001,NORMAL,32.59,36.84,39.79,99.93,18.96,NORMAL,0
2026-09-20 10:51:07,DT-001,NORMAL,30.23,37.33,39.18,99.92,18.33,NORMAL,0
2026-09-20 10:51:08,DT-001,NORMAL,28.98,38.92,38.87,99.92,17.83,NORMAL,0
2026-09-20 10:51:09,DT-001,NORMAL,28.43,37.61,39.6,99.92,19.28,NORMAL,0
2026-09-20 10:51:10,DT-001,NORMAL,30.32,37.81,39.68,99.92,21.32,NORMAL,0
2026-09-20 10:51:11,DT-001,NORMAL,30.87,39.46,39.24,99.91,20.6,NORMAL,0
2026-09-20 10:51:12,DT-001,NORMAL,32.08,41.2,39.36,99.9,22.42,NORMAL,0
2026-09-20 10:51:13,DT-001,NORMAL,29.87,39.31,39.44,99.9,20.16,NORMAL,0
2026-09-20 10:51:14,DT-001,NORMAL,31.15,37.77,39.82,99.89,21.27,NORMAL,0
2026-09-20 10:51:15,DT-001,NORMAL,31.62,38.74,39.38,99.88,22.75,NORMAL,0
2026-09-20 10:51:16,DT-001,NORMAL,30.25,38.6,40.08,99.87,24.17,NORMAL,0
2026-09-20 10:51:17,DT-001,NORMAL,32.16,40.35,39.94,99.87,21.54,NORMAL,0
2026-09-20 10:51:18,DT-001,NORMAL,33.18,41.92,39.46,99.87,22.7,NORMAL,0
2026-09-20 10:51:19,DT-001,NORMAL,32.83,43.08,40.18,99.86,22.48,NORMAL,0
2026-09-20 10:51:20,DT-001,NORMAL,32.43,42.82,40.88,99.85,23.3,NORMAL,0
2026-09-20 10:51:21,DT-001,NORMAL,32.82,44.02,41.15,99.85,24.06,NORMAL,0
2026-09-20 10:51:22,DT-001,NORMAL,31.16,44.48,41.68,99.84,25.71,NORMAL,0
2026-09-20 10:51:23,DT-001,NORMAL,31.63,44.42,42.18,99.83,27.2,NORMAL,0
2026-09-20 10:51:24,DT-001,NORMAL,29.98,42.45,42.45,99.83,28.93,NORMAL,0
2026-09-20 10:51:25,DT-001,NORMAL,29.33,41.74,41.65,99.82,26.68,NORMAL,0
2026-09-20 10:51:26,DT-001,NORMAL,30.84,40.19,41.2,99.81,24.46,NORMAL,0
2026-09-20 10:51:27,DT-001,NORMAL,31.12,39.16,40.8,99.81,24.79,NORMAL,0
2026-09-20 10:51:28,DT-001,NORMAL,28.5,39.11,40.89,99.8,23.53,NORMAL,0
2026-09-20 10:51:29,DT-001,NORMAL,27.73,38.67,40.08,99.79,21.48,NORMAL,0
2026-09-20 10:51:30,DT-001,NORMAL,25.8,38.78,39.48,99.79,19.47,NORMAL,0
2026-09-20 10:51:31,DT-001,NORMAL,26.15,37.66,39.76,99.78,18.95,NORMAL,0
2026-09-20 10:51:32,DT-001,NORMAL,26.15,36.75,40.23,99.78,18.73,NORMAL,0
2026-09-20 10:51:33,DT-001,NORMAL,24.71,36.55,40.11,99.78,20.86,NORMAL,0
2026-09-20 10:51:34,DT-001,NORMAL,23.56,35.24,39.95,99.77,22.93,NORMAL,0
2026-09-20 10:51:35,DT-001,NORMAL,22.58,35.64,40.19,99.77,22.22,NORMAL,0
2026-09-20 10:51:36,DT-001,NORMAL,24.94,36.85,39.92,99.76,24.06,NORMAL,0
2026-09-20 10:51:37,DT-001,NORMAL,27.73,38.4,39.77,99.76,21.53,NORMAL,0
2026-09-20 10:51:38,DT-001,FAULT,27.96,99.65,41.02,99.75,20.53,HIGH_MEMORY,1
2026-09-20 10:51:39,DT-001,FAULT,27.81,87.29,42.16,99.75,19.11,HIGH_MEMORY,1
2026-09-20 10:51:40,DT-001,FAULT,26.68,97.31,43.27,99.74,17.84,HIGH_MEMORY,1
2026-09-20 10:51:41,DT-001,FAULT,28.12,99.89,44.62,99.73,16.33,HIGH_MEMORY,1
2026-09-20 10:51:42,DT-001,FAULT,29.04,98.94,44.77,99.73,19.35,HIGH_MEMORY,1
2026-09-20 10:51:43,DT-001,FAULT,29.76,94.5,44.49,99.73,18.37,HIGH_MEMORY,1
2026-09-20 10:51:44,DT-001,FAULT,28.9,89.04,44.98,99.72,17.47,HIGH_MEMORY,1
2026-09-20 10:51:45,DT-001,FAULT,28.21,85.78,45.84,99.72,15.25,HIGH_MEMORY,1
2026-09-20 10:51:46,DT-001,FAULT,26.83,99.22,46.89,99.72,14.02,HIGH_MEMORY,1
2026-09-20 10:51:47,DT-001,FAULT,26.09,89.97,47.11,99.71,16.57,HIGH_MEMORY,1
2026-09-20 10:51:48,DT-001,FAULT,25.73,88.15,47.52,99.71,17.73,HIGH_MEMORY,1
2026-09-20 10:51:49,DT-001,FAULT,28.25,98.68,48.6,99.71,18.42,HIGH_MEMORY,1
2026-09-20 10:51:50,DT-001,FAULT,26.75,90.14,49.94,99.71,18.83,HIGH_MEMORY,1
2026-09-20 10:51:51,DT-001,FAULT,29.72,93.26,50.14,99.71,17.28,HIGH_MEMORY,1
2026-09-20 10:51:52,DT-001,FAULT,31.79,91.73,51.29,99.7,19.69,HIGH_MEMORY,1
2026-09-20 10:51:53,DT-001,FAULT,33.83,85.33,51.44,99.69,19.74,HIGH_MEMORY,1
2026-09-20 10:51:54,DT-001,NORMAL,31.44,79.16,50.39,99.68,20.81,NORMAL,0
2026-09-20 10:51:55,DT-001,NORMAL,30.74,75.91,49.89,99.67,18.92,NORMAL,0
2026-09-20 10:51:56,DT-001,NORMAL,30.04,73.32,48.75,99.67,17.33,NORMAL,0
2026-09-20 10:51:57,DT-001,NORMAL,28.51,70.7,48.43,99.66,17.35,NORMAL,0
2026-09-20 10:51:58,DT-001,NORMAL,28.8,66.92,47.18,99.65,17.9,NORMAL,0
2026-09-20 10:51:59,DT-001,NORMAL,26.47,63.29,45.8,99.65,20.18,NORMAL,0
2026-09-20 10:52:00,DT-001,NORMAL,25.58,62.0,45.42,99.65,21.91,NORMAL,0
2026-09-20 10:52:01,DT-001,NORMAL,23.33,59.25,45.03,99.64,19.47,NORMAL,0
2026-09-20 10:52:02,DT-001,NORMAL,24.26,58.13,44.4,99.64,18.57,NORMAL,0
2026-09-20 10:52:03,DT-001,NORMAL,26.54,57.48,43.55,99.63,16.97,NORMAL,0
2026-09-20 10:52:04,DT-001,NORMAL,27.09,57.46,43.6,99.62,15.15,NORMAL,0
2026-09-20 10:52:05,DT-001,NORMAL,26.74,56.27,43.77,99.62,15.91,NORMAL,0
2026-09-20 10:52:06,DT-001,NORMAL,25.56,53.81,43.51,99.61,17.68,NORMAL,0
2026-09-20 10:52:07,DT-001,NORMAL,24.56,53.24,42.97,99.6,15.72,NORMAL,0
2026-09-20 10:52:08,DT-001,NORMAL,23.4,53.22,42.23,99.59,17.39,NORMAL,0
2026-09-20 10:52:09,DT-001,NORMAL,21.47,50.69,41.54,99.59,18.23,NORMAL,0
2026-09-20 10:52:10,DT-001,NORMAL,20.01,48.7,41.97,99.58,16.25,NORMAL,0
2026-09-20 10:52:11,DT-001,NORMAL,22.24,48.94,41.93,99.58,14.04,NORMAL,0
2026-09-20 10:52:12,DT-001,NORMAL,24.44,48.56,41.08,99.57,12.38,NORMAL,0
2026-09-20 10:52:13,DT-001,NORMAL,25.68,45.96,41.64,99.56,11.02,NORMAL,0
2026-09-20 10:52:14,DT-001,NORMAL,25.24,46.11,41.05,99.56,12.26,NORMAL,0
2026-09-20 10:52:15,DT-001,NORMAL,23.9,44.89,40.45,99.56,14.07,NORMAL,0
2026-09-20 10:52:16,DT-001,NORMAL,22.47,45.57,39.83,99.56,14.72,NORMAL,0
2026-09-20 10:52:17,DT-001,NORMAL,21.29,46.5,39.16,99.55,13.35,NORMAL,0
2026-09-20 10:52:18,DT-001,NORMAL,20.68,47.21,39.08,99.54,15.76,NORMAL,0
2026-09-20 10:52:19,DT-001,NORMAL,19.83,45.09,38.6,99.53,15.41,NORMAL,0
2026-09-20 10:52:20,DT-001,NORMAL,18.79,46.1,39.34,99.52,16.43,NORMAL,0
2026-09-20 10:52:21,DT-001,NORMAL,20.07,45.85,39.67,99.52,17.69,NORMAL,0
2026-09-20 10:52:22,DT-001,NORMAL,22.78,44.72,39.13,99.51,18.8,NORMAL,0
2026-09-20 10:52:23,DT-001,NORMAL,25.18,45.01,38.61,99.51,21.26,NORMAL,0
2026-09-20 10:52:24,DT-001,NORMAL,26.5,43.86,38.59,99.51,22.67,NORMAL,0
2026-09-20 10:52:25,DT-001,NORMAL,24.52,43.76,39.39,99.5,20.19,NORMAL,0
2026-09-20 10:52:26,DT-001,NORMAL,23.35,42.97,39.19,99.5,21.22,NORMAL,0
2026-09-20 10:52:27,DT-001,NORMAL,25.6,42.07,39.71,99.49,19.72,NORMAL,0
2026-09-20 10:52:28,DT-001,NORMAL,26.02,41.98,39.78,99.48,19.13,NORMAL,0
2026-09-20 10:52:29,DT-001,NORMAL,26.0,42.07,40.08,99.48,20.31,NORMAL,0
2026-09-20 10:52:30,DT-001,NORMAL,23.71,43.64,39.38,99.47,22.75,NORMAL,0
2026-09-20 10:52:31,DT-001,NORMAL,21.96,42.73,39.94,99.46,24.2,NORMAL,0
2026-09-20 10:52:32,DT-001,NORMAL,20.85,43.73,40.63,99.45,22.39,NORMAL,0
2026-09-20 10:52:33,DT-001,NORMAL,19.36,42.05,41.23,99.45,21.49,NORMAL,0
2026-09-20 10:52:34,DT-001,FAULT,18.02,40.43,41.23,99.44,180.11,HIGH_NETWORK_LATENCY,1
2026-09-20 10:52:35,DT-001,FAULT,17.31,39.1,40.74,99.44,278.27,HIGH_NETWORK_LATENCY,1
2026-09-20 10:52:36,DT-001,FAULT,20.01,39.08,40.14,99.44,298.67,HIGH_NETWORK_LATENCY,1
2026-09-20 10:52:37,DT-001,FAULT,22.21,38.97,40.34,99.44,142.8,HIGH_NETWORK_LATENCY,1
2026-09-20 10:52:38,DT-001,FAULT,23.76,39.45,39.83,99.43,280.98,HIGH_NETWORK_LATENCY,1
2026-09-20 10:52:39,DT-001,FAULT,26.81,39.34,40.16,99.43,236.29,HIGH_NETWORK_LATENCY,1
2026-09-20 10:52:40,DT-001,FAULT,25.65,40.96,39.81,99.43,481.41,HIGH_NETWORK_LATENCY,1
2026-09-20 10:52:41,DT-001,FAULT,27.4,40.5,39.19,99.43,490.88,HIGH_NETWORK_LATENCY,1
2026-09-20 10:52:42,DT-001,FAULT,28.23,38.93,39.55,99.42,273.94,HIGH_NETWORK_LATENCY,1
2026-09-20 10:52:43,DT-001,FAULT,27.76,37.43,39.41,99.42,159.67,HIGH_NETWORK_LATENCY,1
2026-09-20 10:52:44,DT-001,FAULT,27.24,38.69,39.23,99.42,160.46,HIGH_NETWORK_LATENCY,1
2026-09-20 10:52:45,DT-001,FAULT,25.96,37.06,39.9,99.41,473.1,HIGH_NETWORK_LATENCY,1
2026-09-20 10:52:46,DT-001,FAULT,24.96,35.86,40.01,99.41,303.85,HIGH_NETWORK_LATENCY,1
2026-09-20 10:52:47,DT-001,FAULT,23.03,34.81,39.73,99.4,484.32,HIGH_NETWORK_LATENCY,1
2026-09-20 10:52:48,DT-001,FAULT,23.73,34.66,39.6,99.4,376.38,HIGH_NETWORK_LATENCY,1
2026-09-20 10:52:49,DT-001,FAULT,23.44,36.62,39.65,99.39,129.0,HIGH_NETWORK_LATENCY,1
2026-09-20 10:52:50,DT-001,NORMAL,23.97,38.29,39.02,99.39,119.09,NORMAL,0
2026-09-20 10:52:51,DT-001,NORMAL,25.26,40.09,38.73,99.39,110.16,NORMAL,0
2026-09-20 10:52:52,DT-001,NORMAL,26.91,41.86,38.86,99.38,101.73,NORMAL,0
2026-09-20 10:52:53,DT-001,NORMAL,28.67,41.48,38.44,99.38,94.22,NORMAL,0
2026-09-20 10:52:54,DT-001,NORMAL,26.32,42.1,38.86,99.38,89.48,NORMAL,0
2026-09-20 10:52:55,DT-001,NORMAL,29.16,42.13,39.69,99.37,79.92,NORMAL,0
2026-09-20 10:52:56,DT-001,NORMAL,28.22,43.24,40.15,99.37,73.92,NORMAL,0
2026-09-20 10:52:57,DT-001,NORMAL,26.61,42.18,39.51,99.36,67.73,NORMAL,0
2026-09-20 10:52:58,DT-001,NORMAL,28.09,41.82,40.26,99.35,64.38,NORMAL,0
2026-09-20 10:52:59,DT-001,NORMAL,30.57,43.22,40.91,99.35,59.21,NORMAL,0
2026-09-20 10:53:00,DT-001,NORMAL,30.02,43.33,41.08,99.34,55.35,NORMAL,0
2026-09-20 10:53:01,DT-001,NORMAL,29.01,41.5,40.85,99.34,53.86,NORMAL,0
2026-09-20 10:53:02,DT-001,NORMAL,26.64,43.07,40.12,99.33,51.55,NORMAL,0
2026-09-20 10:53:03,DT-001,NORMAL,25.11,41.34,39.93,99.32,50.3,NORMAL,0
2026-09-20 10:53:04,DT-001,NORMAL,27.62,41.82,39.72,99.32,47.46,NORMAL,0
2026-09-20 10:53:05,DT-001,NORMAL,25.75,40.48,39.19,99.31,44.16,NORMAL,0
2026-09-20 10:53:06,DT-001,NORMAL,25.64,38.87,39.04,99.3,40.19,NORMAL,0
2026-09-20 10:53:07,DT-001,NORMAL,24.0,38.82,39.2,99.29,36.26,NORMAL,0
2026-09-20 10:53:08,DT-001,NORMAL,24.96,40.69,39.68,99.29,36.3,NORMAL,0
2026-09-20 10:53:09,DT-001,NORMAL,28.05,39.59,39.29,99.29,36.07,NORMAL,0
2026-09-20 10:53:10,DT-001,NORMAL,26.91,38.47,38.85,99.29,32.2,NORMAL,0
2026-09-20 10:53:11,DT-001,NORMAL,26.95,38.33,38.55,99.28,29.27,NORMAL,0
2026-09-20 10:53:12,DT-001,NORMAL,29.39,38.24,39.36,99.28,26.72,NORMAL,0
2026-09-20 10:53:13,DT-001,NORMAL,29.35,38.54,39.84,99.27,25.71,NORMAL,0
2026-09-20 10:53:14,DT-001,NORMAL,29.8,39.85,39.94,99.26,23.51,NORMAL,0
2026-09-20 10:53:15,DT-001,NORMAL,30.24,38.59,40.18,99.25,24.42,NORMAL,0
2026-09-20 10:53:16,DT-001,NORMAL,31.48,36.98,40.74,99.24,23.98,NORMAL,0
2026-09-20 10:53:17,DT-001,NORMAL,32.91,37.91,40.32,99.23,26.22,NORMAL,0
2026-09-20 10:53:18,DT-001,NORMAL,34.54,38.6,40.49,99.23,23.09,NORMAL,0
2026-09-20 10:53:19,DT-001,NORMAL,32.4,39.45,40.83,99.22,21.25,NORMAL,0
2026-09-20 10:53:20,DT-001,NORMAL,30.5,40.15,41.41,99.22,20.39,NORMAL,0
2026-09-20 10:53:21,DT-001,NORMAL,29.4,41.28,40.73,99.21,23.05,NORMAL,0
2026-09-20 10:53:22,DT-001,NORMAL,28.66,42.34,40.55,99.2,21.85,NORMAL,0
2026-09-20 10:53:23,DT-001,NORMAL,28.57,41.65,40.57,99.2,21.32,NORMAL,0
2026-09-20 10:53:24,DT-001,NORMAL,29.58,42.13,40.7,99.2,23.55,NORMAL,0
2026-09-20 10:53:25,DT-001,NORMAL,27.46,40.43,41.12,99.19,20.59,NORMAL,0
2026-09-20 10:53:26,DT-001,NORMAL,25.57,41.29,41.19,99.19,21.25,NORMAL,0
2026-09-20 10:53:27,DT-001,NORMAL,27.67,41.76,41.57,99.19,22.62,NORMAL,0
2026-09-20 10:53:28,DT-001,NORMAL,25.82,42.87,42.06,99.18,23.94,NORMAL,0
2026-09-20 10:53:29,DT-001,NORMAL,28.44,43.1,42.27,99.18,25.92,NORMAL,0
2026-09-20 10:53:30,DT-001,NORMAL,28.64,41.96,42.27,99.18,27.51,NORMAL,0
2026-09-20 10:53:31,DT-001,NORMAL,29.71,39.98,42.63,99.18,24.2,NORMAL,0
2026-09-20 10:53:32,DT-001,NORMAL,31.58,40.05,42.72,99.17,22.0,NORMAL,0
2026-09-20 10:53:33,DT-001,NORMAL,31.04,40.24,42.29,99.17,21.22,NORMAL,0
2026-09-20 10:53:34,DT-001,NORMAL,33.27,39.96,42.69,99.16,22.33,NORMAL,0
2026-09-20 10:53:35,DT-001,NORMAL,31.96,38.74,42.04,99.16,20.08,NORMAL,0
2026-09-20 10:53:36,DT-001,NORMAL,32.18,38.48,42.21,99.15,21.89,NORMAL,0
2026-09-20 10:53:37,DT-001,NORMAL,31.0,37.16,41.31,99.15,23.16,NORMAL,0
2026-09-20 10:53:38,DT-001,NORMAL,31.54,37.6,41.86,99.14,20.28,NORMAL,0
2026-09-20 10:53:39,DT-001,NORMAL,34.0,38.33,42.07,99.14,21.08,NORMAL,0
2026-09-20 10:53:40,DT-001,NORMAL,31.94,39.72,42.19,99.13,20.31,NORMAL,0
2026-09-20 10:53:41,DT-001,NORMAL,29.33,38.25,41.46,99.13,22.9,NORMAL,0
2026-09-20 10:53:42,DT-001,NORMAL,27.3,39.96,40.77,99.13,21.32,NORMAL,0
2026-09-20 10:53:43,DT-001,NORMAL,25.28,41.21,41.29,99.13,19.04,NORMAL,0
2026-09-20 10:53:44,DT-001,NORMAL,25.29,41.04,41.34,99.12,18.7,NORMAL,0
2026-09-20 10:53:45,DT-001,NORMAL,26.48,40.76,40.72,99.12,21.01,NORMAL,0
2026-09-20 10:53:46,DT-001,NORMAL,27.54,41.96,40.09,99.12,20.08,NORMAL,0
2026-09-20 10:53:47,DT-001,NORMAL,28.33,39.98,40.11,99.12,18.03,NORMAL,0
2026-09-20 10:53:48,DT-001,NORMAL,28.69,40.05,40.48,99.11,17.5,NORMAL,0
2026-09-20 10:53:49,DT-001,NORMAL,26.28,38.74,39.83,99.11,15.73,NORMAL,0
2026-09-20 10:53:50,DT-001,NORMAL,25.03,37.4,40.15,99.1,15.98,NORMAL,0
2026-09-20 10:53:51,DT-001,NORMAL,25.18,39.26,40.74,99.1,14.75,NORMAL,0
2026-09-20 10:53:52,DT-001,NORMAL,26.84,41.0,40.1,99.09,15.75,NORMAL,0
2026-09-20 10:53:53,DT-001,NORMAL,25.56,41.7,39.99,99.09,16.69,NORMAL,0
2026-09-20 10:53:54,DT-001,NORMAL,25.03,40.12,39.82,99.08,16.23,NORMAL,0
2026-09-20 10:53:55,DT-001,NORMAL,27.25,39.92,40.4,99.07,15.27,NORMAL,0
2026-09-20 10:53:56,DT-001,NORMAL,28.09,41.29,41.01,99.07,15.2,NORMAL,0
2026-09-20 10:53:57,DT-001,NORMAL,29.95,40.91,40.46,99.07,14.14,NORMAL,0
2026-09-20 10:53:58,DT-001,NORMAL,28.03,40.15,39.7,99.06,15.9,NORMAL,0
2026-09-20 10:53:59,DT-001,NORMAL,28.6,39.49,39.35,99.06,15.14,NORMAL,0
2026-09-20 10:54:00,DT-001,NORMAL,27.21,39.76,39.73,99.05,17.28,NORMAL,0
2026-09-20 10:54:01,DT-001,NORMAL,27.89,40.31,40.02,99.04,19.25,NORMAL,0
2026-09-20 10:54:02,DT-001,NORMAL,25.67,40.26,39.36,99.04,17.27,NORMAL,0
2026-09-20 10:54:03,DT-001,NORMAL,26.65,40.56,39.05,99.04,14.94,NORMAL,0
2026-09-20 10:54:04,DT-001,NORMAL,27.39,38.72,39.09,99.04,17.96,NORMAL,0
2026-09-20 10:54:05,DT-001,NORMAL,27.83,38.95,38.94,99.04,18.01,NORMAL,0
2026-09-20 10:54:06,DT-001,NORMAL,27.59,38.34,38.79,99.04,15.94,NORMAL,0
2026-09-20 10:54:07,DT-001,NORMAL,27.8,36.87,38.62,99.03,16.31,NORMAL,0
2026-09-20 10:54:08,DT-001,NORMAL,30.24,38.42,39.39,99.03,15.19,NORMAL,0
2026-09-20 10:54:09,DT-001,NORMAL,28.26,40.36,39.97,99.02,14.19,NORMAL,0
2026-09-20 10:54:10,DT-001,NORMAL,29.65,41.44,40.43,99.01,12.1,NORMAL,0
2026-09-20 10:54:11,DT-001,NORMAL,27.26,42.68,39.73,99.01,11.83,NORMAL,0
2026-09-20 10:54:12,DT-001,NORMAL,28.55,43.46,39.58,99.01,14.94,NORMAL,0
2026-09-20 10:54:13,DT-001,NORMAL,26.65,42.46,39.11,99.0,17.34,NORMAL,0
2026-09-20 10:54:14,DT-001,NORMAL,27.72,42.82,39.23,99.0,17.49,NORMAL,0
2026-09-20 10:54:15,DT-001,NORMAL,26.76,43.52,39.29,99.0,19.17,NORMAL,0
2026-09-20 10:54:16,DT-001,NORMAL,26.29,44.38,38.99,98.99,21.18,NORMAL,0
2026-09-20 10:54:17,DT-001,NORMAL,24.37,43.92,38.67,98.98,20.89,NORMAL,0
2026-09-20 10:54:18,DT-001,NORMAL,24.87,42.95,39.26,98.98,20.87,NORMAL,0
2026-09-20 10:54:19,DT-001,NORMAL,27.78,43.41,39.56,98.97,18.66,NORMAL,0
2026-09-20 10:54:20,DT-001,NORMAL,30.25,42.66,39.53,98.96,17.19,NORMAL,0
2026-09-20 10:54:21,DT-001,NORMAL,27.9,42.11,39.85,98.95,17.89,NORMAL,0
2026-09-20 10:54:22,DT-001,NORMAL,27.9,40.49,39.3,98.95,17.89,NORMAL,0
2026-09-20 10:54:23,DT-001,NORMAL,27.98,40.55,39.16,98.95,18.37,NORMAL,0
2026-09-20 10:54:24,DT-001,NORMAL,26.63,40.13,39.14,98.95,18.22,NORMAL,0
2026-09-20 10:54:25,DT-001,NORMAL,24.53,39.69,39.84,98.94,16.72,NORMAL,0
2026-09-20 10:54:26,DT-001,NORMAL,23.87,40.11,39.89,98.94,14.61,NORMAL,0
2026-09-20 10:54:27,DT-001,NORMAL,22.38,38.71,40.47,98.94,13.74,NORMAL,0
2026-09-20 10:54:28,DT-001,NORMAL,21.93,40.22,40.71,98.93,13.79,NORMAL,0
2026-09-20 10:54:29,DT-001,NORMAL,24.49,40.89,40.63,98.93,12.81,NORMAL,0
2026-09-20 10:54:30,DT-001,NORMAL,26.15,40.03,39.85,98.93,15.73,NORMAL,0
2026-09-20 10:54:31,DT-001,NORMAL,27.82,41.3,40.14,98.93,17.14,NORMAL,0
2026-09-20 10:54:32,DT-001,NORMAL,27.14,41.01,40.79,98.92,17.03,NORMAL,0
2026-09-20 10:54:33,DT-001,FAULT,30.01,41.84,78.02,98.92,17.19,HIGH_TEMPERATURE,1
2026-09-20 10:54:34,DT-001,FAULT,32.38,40.02,83.02,98.91,16.34,HIGH_TEMPERATURE,1
2026-09-20 10:54:35,DT-001,FAULT,35.27,41.01,88.79,98.9,15.82,HIGH_TEMPERATURE,1
2026-09-20 10:54:36,DT-001,FAULT,36.66,41.5,84.62,98.9,18.01,HIGH_TEMPERATURE,1
2026-09-20 10:54:37,DT-001,FAULT,38.69,41.94,83.94,98.89,18.12,HIGH_TEMPERATURE,1
2026-09-20 10:54:38,DT-001,FAULT,38.73,40.48,85.86,98.89,20.98,HIGH_TEMPERATURE,1
2026-09-20 10:54:39,DT-001,FAULT,40.16,41.13,98.25,98.89,18.66,HIGH_TEMPERATURE,1
2026-09-20 10:54:40,DT-001,NORMAL,37.92,41.48,92.49,98.88,21.43,NORMAL,0
2026-09-20 10:54:41,DT-001,NORMAL,35.38,42.81,87.03,98.87,21.77,NORMAL,0
2026-09-20 10:54:42,DT-001,NORMAL,33.63,41.41,82.44,98.87,23.39,NORMAL,0
2026-09-20 10:54:43,DT-001,NORMAL,34.86,41.51,78.62,98.86,20.95,NORMAL,0
2026-09-20 10:54:44,DT-001,FAULT,35.35,92.3,75.05,98.86,19.03,HIGH_MEMORY,1
2026-09-20 10:54:45,DT-001,FAULT,33.71,92.33,71.64,98.85,17.1,HIGH_MEMORY,1
2026-09-20 10:54:46,DT-001,FAULT,32.54,96.78,69.08,98.85,19.43,HIGH_MEMORY,1
2026-09-20 10:54:47,DT-001,FAULT,34.76,96.0,67.98,98.84,17.56,HIGH_MEMORY,1
2026-09-20 10:54:48,DT-001,FAULT,36.55,95.18,65.59,98.83,16.45,HIGH_MEMORY,1
2026-09-20 10:54:49,DT-001,FAULT,35.35,87.6,64.75,98.82,17.33,HIGH_MEMORY,1
2026-09-20 10:54:50,DT-001,FAULT,36.84,91.24,62.55,98.82,16.24,HIGH_MEMORY,1
2026-09-20 10:54:51,DT-001,FAULT,35.1,96.74,62.66,98.81,14.91,HIGH_MEMORY,1
2026-09-20 10:54:52,DT-001,FAULT,32.41,90.36,61.71,98.81,16.42,HIGH_MEMORY,1
2026-09-20 10:54:53,DT-001,FAULT,31.99,96.5,60.11,98.8,14.22,HIGH_MEMORY,1
2026-09-20 10:54:54,DT-001,FAULT,29.85,94.31,60.36,98.79,14.11,HIGH_MEMORY,1
2026-09-20 10:54:55,DT-001,FAULT,31.91,91.94,60.47,98.79,15.62,HIGH_MEMORY,1
2026-09-20 10:54:56,DT-001,FAULT,31.81,86.61,59.22,98.79,18.68,HIGH_MEMORY,1
2026-09-20 10:54:57,DT-001,FAULT,33.37,93.77,58.83,98.78,16.77,HIGH_MEMORY,1
2026-09-20 10:54:58,DT-001,FAULT,34.2,87.05,58.82,98.77,19.62,HIGH_MEMORY,1
2026-09-20 10:54:59,DT-001,FAULT,34.54,97.08,58.56,98.77,22.01,HIGH_MEMORY,1
2026-09-20 10:55:00,DT-001,FAULT,32.47,88.71,56.86,98.76,21.92,HIGH_MEMORY,1
2026-09-20 10:55:01,DT-001,FAULT,29.65,92.26,55.79,98.75,20.65,HIGH_MEMORY,1
2026-09-20 10:55:02,DT-001,FAULT,28.26,94.87,54.55,98.74,20.25,HIGH_MEMORY,1
2026-09-20 10:55:03,DT-001,NORMAL,25.85,88.1,53.45,98.74,20.29,NORMAL,0
2026-09-20 10:55:04,DT-001,NORMAL,24.65,83.22,51.8,98.74,20.74,NORMAL,0
2026-09-20 10:55:05,DT-001,NORMAL,23.97,78.48,51.05,98.73,22.36,NORMAL,0
2026-09-20 10:55:06,DT-001,NORMAL,23.4,73.27,49.79,98.73,19.61,NORMAL,0
2026-09-20 10:55:07,DT-001,NORMAL,24.91,69.74,49.4,98.72,17.7,NORMAL,0
2026-09-20 10:55:08,DT-001,NORMAL,25.19,65.0,47.96,98.72,19.88,NORMAL,0
2026-09-20 10:55:09,DT-001,NORMAL,27.85,62.59,47.19,98.72,18.01,NORMAL,0
2026-09-20 10:55:10,DT-001,NORMAL,28.4,60.18,46.98,98.72,19.75,NORMAL,0
2026-09-20 10:55:11,DT-001,NORMAL,30.85,56.61,46.77,98.71,22.27,NORMAL,0
2026-09-20 10:55:12,DT-001,NORMAL,29.04,55.7,46.11,98.7,20.74,NORMAL,0
2026-09-20 10:55:13,DT-001,NORMAL,29.62,54.42,45.62,98.7,18.33,NORMAL,0
2026-09-20 10:55:14,DT-001,FAULT,27.48,99.72,47.39,98.69,19.9,HIGH_MEMORY,1
2026-09-20 10:55:15,DT-001,FAULT,28.98,96.34,48.36,98.69,22.03,HIGH_MEMORY,1
2026-09-20 10:55:16,DT-001,FAULT,26.73,96.45,48.38,98.68,19.52,HIGH_MEMORY,1
2026-09-20 10:55:17,DT-001,FAULT,28.9,99.83,48.64,98.67,18.91,HIGH_MEMORY,1
2026-09-20 10:55:18,DT-001,FAULT,27.39,87.43,49.41,98.67,17.4,HIGH_MEMORY,1
2026-09-20 10:55:19,DT-001,FAULT,29.32,88.05,50.3,98.66,18.58,HIGH_MEMORY,1
2026-09-20 10:55:20,DT-001,FAULT,31.51,87.78,50.74,98.66,16.41,HIGH_MEMORY,1
2026-09-20 10:55:21,DT-001,FAULT,33.58,92.11,50.68,98.65,17.15,HIGH_MEMORY,1
2026-09-20 10:55:22,DT-001,FAULT,33.86,90.64,49.7,98.65,17.04,HIGH_MEMORY,1
2026-09-20 10:55:23,DT-001,FAULT,31.2,94.02,49.44,98.65,15.88,HIGH_MEMORY,1
2026-09-20 10:55:24,DT-001,FAULT,29.59,86.02,50.91,98.65,17.39,HIGH_MEMORY,1
2026-09-20 10:55:25,DT-001,FAULT,32.15,92.5,51.02,98.64,19.98,HIGH_MEMORY,1
2026-09-20 10:55:26,DT-001,NORMAL,33.01,85.85,49.88,98.63,18.71,NORMAL,0
2026-09-20 10:55:27,DT-001,FAULT,36.03,80.67,94.15,98.63,19.09,HIGH_TEMPERATURE,1
2026-09-20 10:55:28,DT-001,FAULT,39.83,77.96,97.9,98.63,21.6,HIGH_TEMPERATURE,1
2026-09-20 10:55:29,DT-001,FAULT,40.68,72.49,91.47,98.62,21.97,HIGH_TEMPERATURE,1
2026-09-20 10:55:30,DT-001,FAULT,43.14,70.85,89.17,98.62,19.26,HIGH_TEMPERATURE,1
2026-09-20 10:55:31,DT-001,FAULT,45.33,67.06,79.22,98.61,16.75,HIGH_TEMPERATURE,1
2026-09-20 10:55:32,DT-001,FAULT,45.74,64.48,90.15,98.6,18.36,HIGH_TEMPERATURE,1
2026-09-20 10:55:33,DT-001,FAULT,50.08,62.73,87.63,98.6,16.57,HIGH_TEMPERATURE,1
2026-09-20 10:55:34,DT-001,FAULT,53.62,59.98,83.1,98.59,14.53,HIGH_TEMPERATURE,1
2026-09-20 10:55:35,DT-001,FAULT,49.86,58.88,99.8,98.58,15.44,HIGH_TEMPERATURE,1
2026-09-20 10:55:36,DT-001,FAULT,50.81,58.11,78.96,98.58,14.17,HIGH_TEMPERATURE,1
2026-09-20 10:55:37,DT-001,FAULT,49.95,55.38,80.69,98.58,14.64,HIGH_TEMPERATURE,1
2026-09-20 10:55:38,DT-001,FAULT,47.71,54.0,98.13,98.57,14.4,HIGH_TEMPERATURE,1
2026-09-20 10:55:39,DT-001,FAULT,48.43,54.19,89.59,98.57,15.79,HIGH_TEMPERATURE,1
2026-09-20 10:55:40,DT-001,FAULT,49.05,52.78,91.68,98.56,17.32,HIGH_TEMPERATURE,1
2026-09-20 10:55:41,DT-001,FAULT,47.41,50.2,82.64,98.55,18.9,HIGH_TEMPERATURE,1
2026-09-20 10:55:42,DT-001,FAULT,47.95,47.89,87.98,98.55,19.82,HIGH_TEMPERATURE,1
2026-09-20 10:55:43,DT-001,FAULT,47.54,45.42,79.86,98.54,21.6,HIGH_TEMPERATURE,1
2026-09-20 10:55:44,DT-001,FAULT,47.3,44.86,82.53,98.54,18.98,HIGH_TEMPERATURE,1
2026-09-20 10:55:45,DT-001,NORMAL,43.15,43.68,78.33,98.54,16.52,NORMAL,0
2026-09-20 10:55:46,DT-001,NORMAL,43.96,44.83,75.09,98.53,17.36,NORMAL,0
2026-09-20 10:55:47,DT-001,NORMAL,41.71,45.53,71.48,98.52,18.86,NORMAL,0
2026-09-20 10:55:48,DT-001,NORMAL,38.14,43.57,68.17,98.52,19.94,NORMAL,0
2026-09-20 10:55:49,DT-001,NORMAL,39.7,43.08,65.46,98.51,20.05,NORMAL,0
2026-09-20 10:55:50,DT-001,NORMAL,38.08,43.66,63.53,98.51,17.42,NORMAL,0
2026-09-20 10:55:51,DT-001,NORMAL,39.71,41.8,60.81,98.5,16.8,NORMAL,0
2026-09-20 10:55:52,DT-001,NORMAL,39.36,41.12,58.96,98.5,18.8,NORMAL,0
2026-09-20 10:55:53,DT-001,NORMAL,36.4,41.26,56.81,98.49,17.19,NORMAL,0
2026-09-20 10:55:54,DT-001,NORMAL,35.43,41.01,55.8,98.49,19.33,NORMAL,0
2026-09-20 10:55:55,DT-001,NORMAL,32.51,42.49,53.9,98.48,18.39,NORMAL,0
2026-09-20 10:55:56,DT-001,NORMAL,30.53,43.2,52.18,98.47,16.54,NORMAL,0
2026-09-20 10:55:57,DT-001,NORMAL,28.57,43.3,50.32,98.47,14.39,NORMAL,0
2026-09-20 10:55:58,DT-001,NORMAL,30.66,43.26,48.63,98.47,12.58,NORMAL,0
2026-09-20 10:55:59,DT-001,NORMAL,29.29,42.06,48.02,98.46,12.53,NORMAL,0
2026-09-20 10:56:00,DT-001,NORMAL,29.91,41.31,46.61,98.45,13.34,NORMAL,0
2026-09-20 10:56:01,DT-001,NORMAL,28.97,40.72,46.41,98.45,14.77,NORMAL,0
2026-09-20 10:56:02,DT-001,NORMAL,27.15,40.02,46.19,98.45,14.8,NORMAL,0
2026-09-20 10:56:03,DT-001,NORMAL,27.28,41.73,45.74,98.44,12.86,NORMAL,0
2026-09-20 10:56:04,DT-001,NORMAL,29.77,39.84,45.33,98.44,13.63,NORMAL,0
2026-09-20 10:56:05,DT-001,NORMAL,29.84,40.15,44.57,98.43,16.05,NORMAL,0
2026-09-20 10:56:06,DT-001,NORMAL,31.08,39.71,44.83,98.43,14.17,NORMAL,0
2026-09-20 10:56:07,DT-001,NORMAL,29.48,39.75,44.45,98.43,14.31,NORMAL,0
2026-09-20 10:56:08,DT-001,NORMAL,31.41,39.88,43.36,98.42,15.01,NORMAL,0
2026-09-20 10:56:09,DT-001,NORMAL,30.02,41.1,42.73,98.42,14.12,NORMAL,0
2026-09-20 10:56:10,DT-001,NORMAL,29.28,40.83,42.81,98.42,13.31,NORMAL,0
2026-09-20 10:56:11,DT-001,NORMAL,31.4,40.25,42.32,98.41,16.22,NORMAL,0
2026-09-20 10:56:12,DT-001,NORMAL,31.83,40.04,41.97,98.41,18.36,NORMAL,0
2026-09-20 10:56:13,DT-001,NORMAL,31.85,41.03,41.64,98.4,16.57,NORMAL,0
2026-09-20 10:56:14,DT-001,NORMAL,30.51,40.26,40.87,98.4,19.52,NORMAL,0
2026-09-20 10:56:15,DT-001,NORMAL,31.18,41.21,41.36,98.39,16.95,NORMAL,0
2026-09-20 10:56:16,DT-001,NORMAL,29.78,41.29,41.84,98.38,15.24,NORMAL,0
2026-09-20 10:56:17,DT-001,NORMAL,29.43,41.84,42.37,98.38,17.7,NORMAL,0
2026-09-20 10:56:18,DT-001,NORMAL,31.67,41.14,41.99,98.38,19.07,NORMAL,0
2026-09-20 10:56:19,DT-001,NORMAL,33.65,42.46,41.92,98.37,21.83,NORMAL,0
2026-09-20 10:56:20,DT-001,NORMAL,34.58,41.69,41.66,98.36,21.38,NORMAL,0
2026-09-20 10:56:21,DT-001,NORMAL,32.98,41.44,40.96,98.36,22.68,NORMAL,0
2026-09-20 10:56:22,DT-001,NORMAL,35.04,39.8,41.44,98.36,21.71,NORMAL,0
2026-09-20 10:56:23,DT-001,NORMAL,33.89,39.59,41.31,98.35,23.94,NORMAL,0
2026-09-20 10:56:24,DT-001,NORMAL,32.4,39.06,41.27,98.34,23.98,NORMAL,0
2026-09-20 10:56:25,DT-001,NORMAL,31.77,38.52,40.88,98.34,21.65,NORMAL,0
2026-09-20 10:56:26,DT-001,NORMAL,32.86,40.43,40.38,98.34,21.89,NORMAL,0
2026-09-20 10:56:27,DT-001,NORMAL,30.41,39.61,39.79,98.33,21.37,NORMAL,0
2026-09-20 10:56:28,DT-001,NORMAL,29.23,41.15,40.51,98.33,23.53,NORMAL,0
2026-09-20 10:56:29,DT-001,NORMAL,27.36,39.98,40.95,98.32,20.62,NORMAL,0
2026-09-20 10:56:30,DT-001,NORMAL,30.11,40.13,41.29,98.32,22.36,NORMAL,0
2026-09-20 10:56:31,DT-001,FAULT,32.49,89.42,42.16,98.31,23.91,HIGH_MEMORY,1
2026-09-20 10:56:32,DT-001,FAULT,33.35,97.97,43.85,98.31,22.24,HIGH_MEMORY,1
2026-09-20 10:56:33,DT-001,FAULT,34.27,95.91,44.24,98.31,23.6,HIGH_MEMORY,1
2026-09-20 10:56:34,DT-001,FAULT,33.88,95.6,44.98,98.3,24.73,HIGH_MEMORY,1
2026-09-20 10:56:35,DT-001,FAULT,35.78,97.62,46.6,98.29,23.28,HIGH_MEMORY,1
2026-09-20 10:56:36,DT-001,FAULT,37.24,90.64,48.05,98.29,20.99,HIGH_MEMORY,1
2026-09-20 10:56:37,DT-001,FAULT,37.46,89.24,47.54,98.29,22.15,HIGH_MEMORY,1
2026-09-20 10:56:38,DT-001,FAULT,38.74,86.01,48.63,98.28,19.25,HIGH_MEMORY,1
2026-09-20 10:56:39,DT-001,FAULT,36.29,93.76,49.11,98.28,18.68,HIGH_MEMORY,1
2026-09-20 10:56:40,DT-001,FAULT,35.58,89.38,48.97,98.27,17.36,HIGH_MEMORY,1
2026-09-20 10:56:41,DT-001,FAULT,36.62,86.69,49.68,98.27,15.45,HIGH_MEMORY,1
2026-09-20 10:56:42,DT-001,FAULT,37.34,86.74,50.59,98.26,16.78,HIGH_MEMORY,1
2026-09-20 10:56:43,DT-001,FAULT,35.63,92.26,51.52,98.26,18.58,HIGH_MEMORY,1
2026-09-20 10:56:44,DT-001,FAULT,35.0,98.35,51.66,98.25,18.76,HIGH_MEMORY,1
2026-09-20 10:56:45,DT-001,NORMAL,35.97,91.65,50.23,98.25,18.57,NORMAL,0
2026-09-20 10:56:46,DT-001,NORMAL,37.6,85.65,49.54,98.25,20.44,NORMAL,0
2026-09-20 10:56:47,DT-001,NORMAL,36.35,81.35,48.1,98.25,21.07,NORMAL,0
2026-09-20 10:56:48,DT-001,NORMAL,36.33,76.6,47.44,98.25,22.16,NORMAL,0
2026-09-20 10:56:49,DT-001,NORMAL,33.48,73.68,47.29,98.24,22.23,NORMAL,0
2026-09-20 10:56:50,DT-001,NORMAL,33.24,69.81,46.13,98.24,22.2,NORMAL,0
2026-09-20 10:56:51,DT-001,NORMAL,31.45,67.92,46.11,98.23,20.45,NORMAL,0
2026-09-20 10:56:52,DT-001,NORMAL,33.68,63.46,44.81,98.22,18.25,NORMAL,0
2026-09-20 10:56:53,DT-001,NORMAL,33.23,59.88,44.04,98.22,19.9,NORMAL,0
2026-09-20 10:56:54,DT-001,NORMAL,31.68,56.53,44.04,98.21,17.92,NORMAL,0
2026-09-20 10:56:55,DT-001,NORMAL,30.27,53.39,43.03,98.21,19.54,NORMAL,0
2026-09-20 10:56:56,DT-001,NORMAL,27.62,53.24,42.88,98.21,20.86,NORMAL,0
2026-09-20 10:56:57,DT-001,NORMAL,26.21,52.29,42.32,98.2,20.84,NORMAL,0
2026-09-20 10:56:58,DT-001,FAULT,29.82,50.21,80.05,98.2,19.63,HIGH_TEMPERATURE,1
2026-09-20 10:56:59,DT-001,FAULT,32.65,49.13,78.38,98.19,18.29,HIGH_TEMPERATURE,1
2026-09-20 10:57:00,DT-001,FAULT,33.8,47.76,99.45,98.19,16.97,HIGH_TEMPERATURE,1
2026-09-20 10:57:01,DT-001,FAULT,36.85,46.52,95.81,98.18,16.37,HIGH_TEMPERATURE,1
2026-09-20 10:57:02,DT-001,FAULT,37.06,44.67,81.11,98.18,15.38,HIGH_TEMPERATURE,1
2026-09-20 10:57:03,DT-001,FAULT,37.77,45.01,83.54,98.18,17.29,HIGH_TEMPERATURE,1
2026-09-20 10:57:04,DT-001,FAULT,39.57,43.25,78.12,98.17,17.05,HIGH_TEMPERATURE,1
2026-09-20 10:57:05,DT-001,FAULT,43.54,43.99,85.08,98.17,18.17,HIGH_TEMPERATURE,1
2026-09-20 10:57:06,DT-001,FAULT,44.14,44.88,93.38,98.17,16.22,HIGH_TEMPERATURE,1
2026-09-20 10:57:07,DT-001,FAULT,44.31,43.18,99.38,98.17,16.26,HIGH_TEMPERATURE,1
2026-09-20 10:57:08,DT-001,FAULT,44.46,41.67,90.04,98.16,17.98,HIGH_TEMPERATURE,1
2026-09-20 10:57:09,DT-001,FAULT,45.0,41.27,89.49,98.15,19.14,HIGH_TEMPERATURE,1
2026-09-20 10:57:10,DT-001,FAULT,46.37,41.69,91.51,98.15,17.63,HIGH_TEMPERATURE,1
2026-09-20 10:57:11,DT-001,FAULT,49.1,40.62,93.84,98.14,20.17,HIGH_TEMPERATURE,1
2026-09-20 10:57:12,DT-001,FAULT,45.56,40.65,81.31,98.14,19.7,HIGH_TEMPERATURE,1
2026-09-20 10:57:13,DT-001,FAULT,46.88,39.91,85.28,98.13,19.93,HIGH_TEMPERATURE,1
2026-09-20 10:57:14,DT-001,FAULT,49.67,38.68,91.83,98.12,18.46,HIGH_TEMPERATURE,1
2026-09-20 10:57:15,DT-001,FAULT,48.5,39.97,91.74,98.12,17.57,HIGH_TEMPERATURE,1
2026-09-20 10:57:16,DT-001,FAULT,46.72,40.12,94.07,98.12,15.93,HIGH_TEMPERATURE,1
2026-09-20 10:57:17,DT-001,NORMAL,42.9,41.17,88.79,98.11,15.42,NORMAL,0
2026-09-20 10:57:18,DT-001,NORMAL,42.11,40.25,84.36,98.1,16.79,NORMAL,0
2026-09-20 10:57:19,DT-001,NORMAL,39.11,41.25,80.62,98.1,18.75,NORMAL,0
2026-09-20 10:57:20,DT-001,NORMAL,36.39,42.47,76.31,98.09,16.46,NORMAL,0
2026-09-20 10:57:21,DT-001,NORMAL,35.42,42.82,72.43,98.09,14.74,NORMAL,0
2026-09-20 10:57:22,DT-001,NORMAL,34.22,42.12,69.15,98.08,15.39,NORMAL,0
2026-09-20 10:57:23,DT-001,NORMAL,35.87,43.14,66.89,98.07,17.65,NORMAL,0
2026-09-20 10:57:24,DT-001,NORMAL,37.12,43.05,64.19,98.07,18.89,NORMAL,0
2026-09-20 10:57:25,DT-001,NORMAL,36.05,42.2,61.08,98.06,18.81,NORMAL,0
2026-09-20 10:57:26,DT-001,NORMAL,36.68,40.95,59.06,98.05,21.31,NORMAL,0
2026-09-20 10:57:27,DT-001,NORMAL,34.28,41.74,56.45,98.05,21.32,NORMAL,0
2026-09-20 10:57:28,DT-001,FAULT,33.04,41.1,78.74,98.04,21.76,HIGH_TEMPERATURE,1
2026-09-20 10:57:29,DT-001,FAULT,36.73,39.35,99.37,98.04,22.26,HIGH_TEMPERATURE,1
2026-09-20 10:57:30,DT-001,FAULT,42.4,40.95,88.42,98.03,21.98,HIGH_TEMPERATURE,1
2026-09-20 10:57:31,DT-001,FAULT,46.19,41.96,81.37,98.03,23.91,HIGH_TEMPERATURE,1
2026-09-20 10:57:32,DT-001,FAULT,46.89,40.44,92.02,98.02,21.12,HIGH_TEMPERATURE,1
2026-09-20 10:57:33,DT-001,FAULT,47.21,40.55,78.37,98.02,21.63,HIGH_TEMPERATURE,1
2026-09-20 10:57:34,DT-001,FAULT,49.95,39.84,98.77,98.01,21.93,HIGH_TEMPERATURE,1
2026-09-20 10:57:35,DT-001,FAULT,52.84,39.51,96.15,98.0,19.39,HIGH_TEMPERATURE,1
2026-09-20 10:57:36,DT-001,FAULT,52.66,38.06,89.12,98.0,17.83,HIGH_TEMPERATURE,1
2026-09-20 10:57:37,DT-001,FAULT,54.57,39.47,85.51,98.0,17.24,HIGH_TEMPERATURE,1
2026-09-20 10:57:38,DT-001,FAULT,54.1,39.76,94.05,98.0,15.3,HIGH_TEMPERATURE,1
2026-09-20 10:57:39,DT-001,FAULT,52.59,41.46,86.24,97.99,14.25,HIGH_TEMPERATURE,1
2026-09-20 10:57:40,DT-001,FAULT,55.32,40.4,82.2,97.98,16.99,HIGH_TEMPERATURE,1
2026-09-20 10:57:41,DT-001,FAULT,51.93,38.75,84.94,97.98,15.35,HIGH_TEMPERATURE,1
2026-09-20 10:57:42,DT-001,FAULT,50.51,40.26,83.82,97.98,16.88,HIGH_TEMPERATURE,1
2026-09-20 10:57:43,DT-001,NORMAL,47.64,40.74,79.37,97.97,18.98,NORMAL,0
2026-09-20 10:57:44,DT-001,NORMAL,47.68,40.26,75.48,97.97,20.18,NORMAL,0
2026-09-20 10:57:45,DT-001,NORMAL,47.59,41.3,71.51,97.96,20.18,NORMAL,0
2026-09-20 10:57:46,DT-001,NORMAL,47.42,39.7,68.76,97.96,19.99,NORMAL,0
2026-09-20 10:57:47,DT-001,NORMAL,43.6,40.3,65.43,97.96,20.46,NORMAL,0
2026-09-20 10:57:48,DT-001,NORMAL,41.58,40.58,62.21,97.95,21.11,NORMAL,0
2026-09-20 10:57:49,DT-001,NORMAL,37.77,40.24,59.76,97.95,18.84,NORMAL,0
2026-09-20 10:57:50,DT-001,NORMAL,35.95,40.1,57.33,97.95,20.63,NORMAL,0
2026-09-20 10:57:51,DT-001,NORMAL,35.76,39.86,55.45,97.94,19.23,NORMAL,0
2026-09-20 10:57:52,DT-001,NORMAL,34.31,40.51,53.62,97.93,21.34,NORMAL,0
2026-09-20 10:57:53,DT-001,NORMAL,36.04,40.49,52.14,97.92,23.66,NORMAL,0
2026-09-20 10:57:54,DT-001,NORMAL,32.89,40.48,51.54,97.91,25.81,NORMAL,0
2026-09-20 10:57:55,DT-001,NORMAL,30.98,42.13,50.74,97.91,24.33,NORMAL,0
2026-09-20 10:57:56,DT-001,NORMAL,33.42,41.23,50.05,97.9,23.67,NORMAL,0
2026-09-20 10:57:57,DT-001,NORMAL,30.38,39.84,49.6,97.9,21.04,NORMAL,0
2026-09-20 10:57:58,DT-001,NORMAL,28.74,38.38,48.27,97.89,22.8,NORMAL,0
2026-09-20 10:57:59,DT-001,NORMAL,28.74,37.99,47.4,97.88,23.59,NORMAL,0
2026-09-20 10:58:00,DT-001,NORMAL,29.78,39.38,46.96,97.88,21.05,NORMAL,0
2026-09-20 10:58:01,DT-001,NORMAL,31.22,38.12,46.66,97.87,22.67,NORMAL,0
2026-09-20 10:58:02,DT-001,NORMAL,30.69,37.93,45.37,97.86,23.7,NORMAL,0
2026-09-20 10:58:03,DT-001,NORMAL,29.12,38.53,45.22,97.86,22.47,NORMAL,0
2026-09-20 10:58:04,DT-001,NORMAL,29.81,39.58,45.3,97.85,20.27,NORMAL,0
2026-09-20 10:58:05,DT-001,NORMAL,28.27,39.39,44.54,97.85,19.84,NORMAL,0
2026-09-20 10:58:06,DT-001,NORMAL,27.83,40.61,43.41,97.84,19.43,NORMAL,0
2026-09-20 10:58:07,DT-001,NORMAL,29.03,41.75,43.02,97.84,20.49,NORMAL,0
2026-09-20 10:58:08,DT-001,NORMAL,31.08,42.67,42.02,97.83,20.85,NORMAL,0
2026-09-20 10:58:09,DT-001,NORMAL,30.73,42.35,42.48,97.83,22.23,NORMAL,0
2026-09-20 10:58:10,DT-001,NORMAL,29.35,42.6,42.38,97.82,21.74,NORMAL,0
2026-09-20 10:58:11,DT-001,NORMAL,29.28,41.74,42.19,97.82,23.11,NORMAL,0
2026-09-20 10:58:12,DT-001,NORMAL,29.52,41.15,42.22,97.82,21.92,NORMAL,0
2026-09-20 10:58:13,DT-001,NORMAL,30.05,39.95,42.45,97.81,21.48,NORMAL,0
2026-09-20 10:58:14,DT-001,NORMAL,28.87,38.59,42.19,97.8,23.43,NORMAL,0
2026-09-20 10:58:15,DT-001,NORMAL,27.65,38.15,41.68,97.8,23.32,NORMAL,0
2026-09-20 10:58:16,DT-001,NORMAL,27.11,36.59,41.26,97.79,23.51,NORMAL,0
2026-09-20 10:58:17,DT-001,NORMAL,24.9,37.79,40.77,97.79,20.97,NORMAL,0
2026-09-20 10:58:18,DT-001,NORMAL,26.12,37.77,40.37,97.78,21.89,NORMAL,0
2026-09-20 10:58:19,DT-001,NORMAL,28.27,39.2,40.67,97.77,21.48,NORMAL,0
2026-09-20 10:58:20,DT-001,NORMAL,27.76,38.0,41.29,97.77,23.39,NORMAL,0
2026-09-20 10:58:21,DT-001,NORMAL,30.57,36.69,41.77,97.76,22.63,NORMAL,0
2026-09-20 10:58:22,DT-001,FAULT,34.91,36.78,84.67,97.76,21.08,HIGH_TEMPERATURE,1
2026-09-20 10:58:23,DT-001,FAULT,38.51,36.18,94.74,97.75,20.83,HIGH_TEMPERATURE,1
2026-09-20 10:58:24,DT-001,FAULT,42.39,37.56,98.01,97.75,21.31,HIGH_TEMPERATURE,1
2026-09-20 10:58:25,DT-001,FAULT,42.91,37.47,83.88,97.74,19.18,HIGH_TEMPERATURE,1
2026-09-20 10:58:26,DT-001,FAULT,45.63,37.07,79.4,97.74,18.31,HIGH_TEMPERATURE,1
2026-09-20 10:58:27,DT-001,FAULT,49.86,38.54,86.56,97.74,17.56,HIGH_TEMPERATURE,1
2026-09-20 10:58:28,DT-001,FAULT,46.3,38.11,94.34,97.73,17.6,HIGH_TEMPERATURE,1
2026-09-20 10:58:29,DT-001,NORMAL,45.6,37.42,88.23,97.72,20.36,NORMAL,0
2026-09-20 10:58:30,DT-001,NORMAL,44.37,37.12,82.99,97.71,19.62,NORMAL,0
2026-09-20 10:58:31,DT-001,NORMAL,41.94,38.04,78.01,97.71,17.86,NORMAL,0
2026-09-20 10:58:32,DT-001,NORMAL,40.38,40.02,73.52,97.7,18.38,NORMAL,0
2026-09-20 10:58:33,DT-001,NORMAL,37.91,41.53,69.64,97.69,20.43,NORMAL,0
2026-09-20 10:58:34,DT-001,NORMAL,35.59,43.15,66.78,97.69,18.54,NORMAL,0
2026-09-20 10:58:35,DT-001,NORMAL,36.3,42.48,63.97,97.68,18.25,NORMAL,0
2026-09-20 10:58:36,DT-001,NORMAL,34.69,41.74,61.0,97.67,20.91,NORMAL,0
2026-09-20 10:58:37,DT-001,NORMAL,33.24,41.69,58.75,97.67,20.79,NORMAL,0
2026-09-20 10:58:38,DT-001,NORMAL,34.68,41.34,57.48,97.66,19.57,NORMAL,0
2026-09-20 10:58:39,DT-001,NORMAL,33.31,41.08,55.26,97.65,18.98,NORMAL,0
2026-09-20 10:58:40,DT-001,NORMAL,35.54,40.65,53.93,97.65,17.13,NORMAL,0
2026-09-20 10:58:41,DT-001,NORMAL,37.68,40.94,52.87,97.64,16.47,NORMAL,0
2026-09-20 10:58:42,DT-001,NORMAL,37.29,40.75,51.0,97.64,18.14,NORMAL,0
2026-09-20 10:58:43,DT-001,NORMAL,37.39,40.86,50.42,97.63,16.5,NORMAL,0
2026-09-20 10:58:44,DT-001,NORMAL,38.68,39.6,50.01,97.62,15.89,NORMAL,0
2026-09-20 10:58:45,DT-001,NORMAL,39.94,38.59,48.95,97.62,16.86,NORMAL,0
2026-09-20 10:58:46,DT-001,NORMAL,40.55,40.43,48.06,97.61,17.73,NORMAL,0
2026-09-20 10:58:47,DT-001,NORMAL,41.76,39.16,47.2,97.6,15.3,NORMAL,0
2026-09-20 10:58:48,DT-001,NORMAL,41.54,40.57,47.19,97.6,13.45,NORMAL,0
2026-09-20 10:58:49,DT-001,NORMAL,39.09,41.29,45.93,97.59,14.9,NORMAL,0
2026-09-20 10:58:50,DT-001,NORMAL,35.61,41.09,45.66,97.59,14.86,NORMAL,0
2026-09-20 10:58:51,DT-001,NORMAL,36.5,40.49,45.4,97.58,16.18,NORMAL,0
2026-09-20 10:58:52,DT-001,NORMAL,33.82,39.17,44.52,97.57,17.93,NORMAL,0
2026-09-20 10:58:53,DT-001,NORMAL,31.65,38.94,43.84,97.56,19.73,NORMAL,0
2026-09-20 10:58:54,DT-001,NORMAL,29.31,39.55,42.84,97.55,19.72,NORMAL,0
2026-09-20 10:58:55,DT-001,NORMAL,28.08,38.86,42.48,97.55,20.82,NORMAL,0
2026-09-20 10:58:56,DT-001,NORMAL,28.78,39.92,41.72,97.54,19.23,NORMAL,0
2026-09-20 10:58:57,DT-001,NORMAL,28.16,39.17,42.19,97.54,20.03,NORMAL,0
2026-09-20 10:58:58,DT-001,NORMAL,28.02,38.52,42.32,97.53,18.12,NORMAL,0
2026-09-20 10:58:59,DT-001,NORMAL,27.6,39.16,41.41,97.53,17.24,NORMAL,0
2026-09-20 10:59:00,DT-001,NORMAL,26.54,40.04,41.62,97.52,17.01,NORMAL,0
2026-09-20 10:59:01,DT-001,NORMAL,25.1,39.47,40.97,97.51,16.31,NORMAL,0
2026-09-20 10:59:02,DT-001,NORMAL,27.57,39.47,40.39,97.51,14.92,NORMAL,0
2026-09-20 10:59:03,DT-001,NORMAL,25.19,41.13,40.13,97.51,13.94,NORMAL,0
2026-09-20 10:59:04,DT-001,NORMAL,27.17,42.06,40.33,97.5,14.33,NORMAL,0
2026-09-20 10:59:05,DT-001,NORMAL,29.65,43.08,40.79,97.49,15.03,NORMAL,0
2026-09-20 10:59:06,DT-001,NORMAL,28.08,43.36,40.57,97.49,14.6,NORMAL,0
2026-09-20 10:59:07,DT-001,NORMAL,28.56,43.15,40.86,97.48,17.68,NORMAL,0
2026-09-20 10:59:08,DT-001,NORMAL,29.06,41.93,40.42,97.48,18.94,NORMAL,0
2026-09-20 10:59:09,DT-001,NORMAL,27.78,42.42,40.32,97.48,19.63,NORMAL,0
2026-09-20 10:59:10,DT-001,NORMAL,25.79,41.06,40.76,97.48,21.85,NORMAL,0
2026-09-20 10:59:11,DT-001,NORMAL,23.84,39.97,40.81,97.47,21.47,NORMAL,0
2026-09-20 10:59:12,DT-001,NORMAL,25.98,39.33,40.92,97.47,19.25,NORMAL,0
2026-09-20 10:59:13,DT-001,NORMAL,24.75,39.55,40.42,97.46,19.7,NORMAL,0
2026-09-20 10:59:14,DT-001,NORMAL,27.22,38.19,40.93,97.46,18.08,NORMAL,0
2026-09-20 10:59:15,DT-001,NORMAL,28.12,38.22,40.12,97.45,18.82,NORMAL,0
2026-09-20 10:59:16,DT-001,NORMAL,26.56,38.42,40.13,97.44,17.86,NORMAL,0
2026-09-20 10:59:17,DT-001,NORMAL,25.55,37.77,40.2,97.44,17.75,NORMAL,0
2026-09-20 10:59:18,DT-001,NORMAL,28.4,37.95,39.92,97.43,17.81,NORMAL,0
2026-09-20 10:59:19,DT-001,NORMAL,26.21,37.91,39.65,97.42,17.73,NORMAL,0
2026-09-20 10:59:20,DT-001,NORMAL,26.8,36.97,40.09,97.41,16.4,NORMAL,0
2026-09-20 10:59:21,DT-001,NORMAL,26.15,37.39,39.51,97.41,17.36,NORMAL,0
2026-09-20 10:59:22,DT-001,NORMAL,24.67,36.41,39.94,97.4,19.52,NORMAL,0
2026-09-20 10:59:23,DT-001,NORMAL,23.35,38.41,40.64,97.39,21.13,NORMAL,0
2026-09-20 10:59:24,DT-001,NORMAL,22.77,40.13,40.53,97.38,19.96,NORMAL,0
2026-09-20 10:59:25,DT-001,NORMAL,22.6,39.59,40.83,97.38,19.56,NORMAL,0
2026-09-20 10:59:26,DT-001,NORMAL,22.89,40.58,40.61,97.37,18.81,NORMAL,0
2026-09-20 10:59:27,DT-001,NORMAL,26.16,41.48,39.86,97.36,17.36,NORMAL,0
2026-09-20 10:59:28,DT-001,NORMAL,25.44,40.88,39.62,97.35,16.68,NORMAL,0
2026-09-20 10:59:29,DT-001,NORMAL,24.27,39.76,39.66,97.35,14.89,NORMAL,0
2026-09-20 10:59:30,DT-001,NORMAL,23.9,39.71,40.01,97.34,17.94,NORMAL,0
2026-09-20 10:59:31,DT-001,NORMAL,25.37,40.42,40.6,97.34,16.96,NORMAL,0
2026-09-20 10:59:32,DT-001,NORMAL,25.16,38.94,40.74,97.33,16.56,NORMAL,0
2026-09-20 10:59:33,DT-001,NORMAL,23.54,37.73,41.03,97.33,18.39,NORMAL,0
2026-09-20 10:59:34,DT-001,NORMAL,22.31,36.7,40.63,97.33,16.33,NORMAL,0
2026-09-20 10:59:35,DT-001,NORMAL,23.47,37.98,40.23,97.32,15.57,NORMAL,0
2026-09-20 10:59:36,DT-001,FAULT,89.82,37.68,42.05,97.31,14.47,HIGH_CPU,1
2026-09-20 10:59:37,DT-001,FAULT,98.99,36.83,43.81,97.31,15.58,HIGH_CPU,1
2026-09-20 10:59:38,DT-001,FAULT,85.9,36.88,46.85,97.3,17.82,HIGH_CPU,1
2026-09-20 10:59:39,DT-001,FAULT,89.91,37.43,48.95,97.29,20.05,HIGH_CPU,1
2026-09-20 10:59:40,DT-001,FAULT,93.37,37.09,48.66,97.29,17.84,HIGH_CPU,1
2026-09-20 10:59:41,DT-001,FAULT,94.75,37.43,49.68,97.29,17.89,HIGH_CPU,1
2026-09-20 10:59:42,DT-001,FAULT,99.92,38.35,50.47,97.28,20.2,HIGH_CPU,1
2026-09-20 10:59:43,DT-001,FAULT,96.09,37.37,52.43,97.28,21.7,HIGH_CPU,1
2026-09-20 10:59:44,DT-001,FAULT,85.13,37.28,52.54,97.27,20.93,HIGH_CPU,1
2026-09-20 10:59:45,DT-001,FAULT,94.8,38.83,52.81,97.27,21.02,HIGH_CPU,1
2026-09-20 10:59:46,DT-001,FAULT,87.83,40.48,53.39,97.26,21.33,HIGH_CPU,1
2026-09-20 10:59:47,DT-001,FAULT,86.91,38.99,53.79,97.25,18.71,HIGH_CPU,1
2026-09-20 10:59:48,DT-001,FAULT,87.45,40.43,56.01,97.24,17.23,HIGH_CPU,1
2026-09-20 10:59:49,DT-001,FAULT,99.17,41.9,56.05,97.24,19.54,HIGH_CPU,1
2026-09-20 10:59:50,DT-001,FAULT,85.74,40.0,56.85,97.23,18.02,HIGH_CPU,1
2026-09-20 10:59:51,DT-001,NORMAL,81.63,40.32,54.63,97.22,18.25,NORMAL,0
2026-09-20 10:59:52,DT-001,NORMAL,76.55,39.08,52.75,97.21,19.73,NORMAL,0
2026-09-20 10:59:53,DT-001,NORMAL,74.57,38.86,51.05,97.21,19.79,NORMAL,0
2026-09-20 10:59:54,DT-001,NORMAL,70.16,40.58,49.25,97.21,19.38,NORMAL,0
2026-09-20 10:59:55,DT-001,NORMAL,63.99,40.02,48.05,97.21,21.85,NORMAL,0
2026-09-20 10:59:56,DT-001,NORMAL,59.13,40.74,47.46,97.2,23.69,NORMAL,0
2026-09-20 10:59:57,DT-001,FAULT,56.11,41.92,81.08,97.2,23.43,HIGH_TEMPERATURE,1
2026-09-20 10:59:58,DT-001,FAULT,55.12,42.07,91.59,97.19,21.97,HIGH_TEMPERATURE,1
2026-09-20 10:59:59,DT-001,FAULT,54.0,40.69,92.71,97.19,23.44,HIGH_TEMPERATURE,1
2026-09-20 11:00:00,DT-001,FAULT,58.1,41.66,86.21,97.19,22.58,HIGH_TEMPERATURE,1
2026-09-20 11:00:01,DT-001,FAULT,56.67,39.79,94.17,97.19,22.16,HIGH_TEMPERATURE,1
2026-09-20 11:00:02,DT-001,FAULT,55.25,39.96,80.2,97.18,20.16,HIGH_TEMPERATURE,1
2026-09-20 11:00:03,DT-001,FAULT,55.72,39.67,87.13,97.17,19.95,HIGH_TEMPERATURE,1
2026-09-20 11:00:04,DT-001,FAULT,54.11,40.99,97.79,97.17,19.83,HIGH_TEMPERATURE,1
2026-09-20 11:00:05,DT-001,FAULT,54.9,41.03,88.84,97.17,17.67,HIGH_TEMPERATURE,1
2026-09-20 11:00:06,DT-001,FAULT,56.51,39.58,92.5,97.16,15.97,HIGH_TEMPERATURE,1
2026-09-20 11:00:07,DT-001,FAULT,56.54,38.84,94.06,97.16,15.03,HIGH_TEMPERATURE,1
2026-09-20 11:00:08,DT-001,FAULT,59.52,38.82,83.87,97.15,18.16,HIGH_TEMPERATURE,1
2026-09-20 11:00:09,DT-001,FAULT,59.63,38.49,94.45,97.14,20.24,HIGH_TEMPERATURE,1
2026-09-20 11:00:10,DT-001,FAULT,58.57,39.7,96.38,97.14,20.94,HIGH_TEMPERATURE,1
2026-09-20 11:00:11,DT-001,FAULT,60.01,37.97,97.13,97.13,19.16,HIGH_TEMPERATURE,1
2026-09-20 11:00:12,DT-001,NORMAL,59.67,38.01,91.08,97.13,20.57,NORMAL,0
2026-09-20 11:00:13,DT-001,NORMAL,56.78,37.62,86.68,97.13,19.65,NORMAL,0
2026-09-20 11:00:14,DT-001,NORMAL,55.57,37.7,81.43,97.12,21.11,NORMAL,0
2026-09-20 11:00:15,DT-001,NORMAL,54.54,37.67,76.61,97.11,18.81,NORMAL,0
2026-09-20 11:00:16,DT-001,NORMAL,53.87,36.53,73.25,97.11,18.1,NORMAL,0
2026-09-20 11:00:17,DT-001,NORMAL,51.77,38.46,70.6,97.1,16.58,NORMAL,0
2026-09-20 11:00:18,DT-001,NORMAL,51.67,38.65,67.02,97.1,18.41,NORMAL,0
2026-09-20 11:00:19,DT-001,NORMAL,50.83,38.88,64.72,97.09,18.74,NORMAL,0
2026-09-20 11:00:20,DT-001,NORMAL,48.92,39.13,62.53,97.08,17.06,NORMAL,0
2026-09-20 11:00:21,DT-001,NORMAL,48.01,39.71,60.79,97.08,19.68,NORMAL,0
2026-09-20 11:00:22,DT-001,NORMAL,46.43,41.37,58.61,97.08,17.28,NORMAL,0
2026-09-20 11:00:23,DT-001,NORMAL,44.25,40.84,56.78,97.07,17.42,NORMAL,0
2026-09-20 11:00:24,DT-001,NORMAL,44.02,40.04,54.49,97.06,18.59,NORMAL,0
2026-09-20 11:00:25,DT-001,NORMAL,43.88,40.37,52.41,97.06,16.79,NORMAL,0
2026-09-20 11:00:26,DT-001,NORMAL,40.66,42.03,51.86,97.05,16.52,NORMAL,0
2026-09-20 11:00:27,DT-001,NORMAL,39.15,42.16,50.31,97.04,15.39,NORMAL,0
2026-09-20 11:00:28,DT-001,NORMAL,36.3,41.59,49.6,97.04,16.78,NORMAL,0
2026-09-20 11:00:29,DT-001,NORMAL,33.73,40.62,48.4,97.03,17.22,NORMAL,0
2026-09-20 11:00:30,DT-001,NORMAL,34.83,40.91,47.17,97.03,19.23,NORMAL,0
2026-09-20 11:00:31,DT-001,NORMAL,34.94,39.58,47.0,97.02,20.5,NORMAL,0
2026-09-20 11:00:32,DT-001,NORMAL,36.87,37.97,46.79,97.02,21.13,NORMAL,0
2026-09-20 11:00:33,DT-001,NORMAL,34.4,38.92,46.64,97.01,19.89,NORMAL,0
2026-09-20 11:00:34,DT-001,NORMAL,31.73,39.87,46.63,97.0,18.51,NORMAL,0
2026-09-20 11:00:35,DT-001,NORMAL,31.53,40.61,45.87,97.0,16.52,NORMAL,0
2026-09-20 11:00:36,DT-001,NORMAL,33.23,41.38,45.87,97.0,15.95,NORMAL,0
2026-09-20 11:00:37,DT-001,NORMAL,31.56,40.73,44.58,96.99,16.27,NORMAL,0
2026-09-20 11:00:38,DT-001,NORMAL,29.9,40.42,43.79,96.98,18.41,NORMAL,0
2026-09-20 11:00:39,DT-001,NORMAL,30.49,40.61,43.56,96.97,19.47,NORMAL,0
2026-09-20 11:00:40,DT-001,NORMAL,28.32,41.77,43.41,96.97,17.34,NORMAL,0
2026-09-20 11:00:41,DT-001,NORMAL,27.08,41.88,43.37,96.96,19.31,NORMAL,0
2026-09-20 11:00:42,DT-001,NORMAL,24.88,42.22,42.95,96.96,21.34,NORMAL,0
2026-09-20 11:00:43,DT-001,NORMAL,24.85,43.1,43.0,96.95,23.41,NORMAL,0
2026-09-20 11:00:44,DT-001,NORMAL,23.64,43.26,42.46,96.95,22.59,NORMAL,0
2026-09-20 11:00:45,DT-001,FAULT,23.51,43.59,42.0,96.94,417.81,HIGH_NETWORK_LATENCY,1
2026-09-20 11:00:46,DT-001,FAULT,23.21,43.95,41.99,96.93,332.22,HIGH_NETWORK_LATENCY,1
2026-09-20 11:00:47,DT-001,FAULT,25.85,44.09,42.14,96.93,185.38,HIGH_NETWORK_LATENCY,1
2026-09-20 11:00:48,DT-001,FAULT,26.27,42.2,41.71,96.92,487.04,HIGH_NETWORK_LATENCY,1
2026-09-20 11:00:49,DT-001,FAULT,25.65,41.28,42.14,96.92,356.28,HIGH_NETWORK_LATENCY,1
2026-09-20 11:00:50,DT-001,FAULT,26.84,42.08,41.5,96.91,248.06,HIGH_NETWORK_LATENCY,1
2026-09-20 11:00:51,DT-001,FAULT,26.82,41.37,40.86,96.91,192.12,HIGH_NETWORK_LATENCY,1
2026-09-20 11:00:52,DT-001,FAULT,26.11,41.25,40.97,96.91,187.61,HIGH_NETWORK_LATENCY,1
2026-09-20 11:00:53,DT-001,FAULT,27.14,39.6,40.29,96.9,372.01,HIGH_NETWORK_LATENCY,1
2026-09-20 11:00:54,DT-001,FAULT,29.33,38.37,40.03,96.9,266.39,HIGH_NETWORK_LATENCY,1
2026-09-20 11:00:55,DT-001,FAULT,31.26,39.38,40.57,96.89,488.88,HIGH_NETWORK_LATENCY,1
2026-09-20 11:00:56,DT-001,FAULT,30.18,38.45,40.98,96.89,497.22,HIGH_NETWORK_LATENCY,1
2026-09-20 11:00:57,DT-001,FAULT,27.61,37.61,41.17,96.88,287.34,HIGH_NETWORK_LATENCY,1
2026-09-20 11:00:58,DT-001,NORMAL,25.93,37.12,41.72,96.88,260.51,NORMAL,0
2026-09-20 11:00:59,DT-001,NORMAL,26.64,39.2,41.1,96.87,236.56,NORMAL,0
2026-09-20 11:01:00,DT-001,NORMAL,27.39,40.73,40.83,96.87,216.51,NORMAL,0
2026-09-20 11:01:01,DT-001,NORMAL,29.28,40.41,40.55,96.86,195.42,NORMAL,0
2026-09-20 11:01:02,DT-001,NORMAL,27.06,41.07,40.24,96.85,178.97,NORMAL,0
2026-09-20 11:01:03,DT-001,NORMAL,27.78,39.51,40.82,96.84,164.2,NORMAL,0
2026-09-20 11:01:04,DT-001,NORMAL,25.87,40.73,40.34,96.84,150.87,NORMAL,0
2026-09-20 11:01:05,DT-001,NORMAL,28.02,39.66,39.98,96.83,137.57,NORMAL,0
2026-09-20 11:01:06,DT-001,NORMAL,28.71,38.13,40.69,96.83,125.54,NORMAL,0
2026-09-20 11:01:07,DT-001,NORMAL,30.98,38.23,40.92,96.83,114.2,NORMAL,0
2026-09-20 11:01:08,DT-001,NORMAL,29.67,37.52,41.4,96.83,105.3,NORMAL,0
2026-09-20 11:01:09,DT-001,NORMAL,31.13,36.45,41.11,96.82,95.75,NORMAL,0
2026-09-20 11:01:10,DT-001,NORMAL,29.96,35.84,41.43,96.82,87.67,NORMAL,0
2026-09-20 11:01:11,DT-001,NORMAL,32.56,36.57,41.81,96.81,78.49,NORMAL,0
2026-09-20 11:01:12,DT-001,NORMAL,32.77,37.9,41.01,96.81,72.17,NORMAL,0
2026-09-20 11:01:13,DT-001,NORMAL,30.85,39.84,41.3,96.8,68.77,NORMAL,0
2026-09-20 11:01:14,DT-001,FAULT,29.86,38.39,41.03,96.79,425.87,HIGH_NETWORK_LATENCY,1
2026-09-20 11:01:15,DT-001,FAULT,29.23,38.46,41.43,96.79,187.42,HIGH_NETWORK_LATENCY,1
2026-09-20 11:01:16,DT-001,FAULT,28.93,37.72,40.7,96.79,253.46,HIGH_NETWORK_LATENCY,1
2026-09-20 11:01:17,DT-001,FAULT,29.83,36.44,40.56,96.79,454.13,HIGH_NETWORK_LATENCY,1
2026-09-20 11:01:18,DT-001,FAULT,27.48,37.0,40.77,96.79,494.35,HIGH_NETWORK_LATENCY,1
2026-09-20 11:01:19,DT-001,FAULT,25.1,36.68,40.41,96.78,262.44,HIGH_NETWORK_LATENCY,1
2026-09-20 11:01:20,DT-001,FAULT,23.26,35.83,40.57,96.77,490.79,HIGH_NETWORK_LATENCY,1
2026-09-20 11:01:21,DT-001,FAULT,21.76,36.91,40.01,96.77,287.47,HIGH_NETWORK_LATENCY,1
2026-09-20 11:01:22,DT-001,NORMAL,24.05,37.24,40.46,96.76,261.38,NORMAL,0
2026-09-20 11:01:23,DT-001,NORMAL,26.74,38.58,39.87,96.75,239.59,NORMAL,0
2026-09-20 11:01:24,DT-001,NORMAL,28.06,39.04,39.4,96.75,215.97,NORMAL,0
2026-09-20 11:01:25,DT-001,NORMAL,28.86,38.55,39.4,96.75,198.17,NORMAL,0
2026-09-20 11:01:26,DT-001,NORMAL,31.37,39.31,38.83,96.74,178.41,NORMAL,0
2026-09-20 11:01:27,DT-001,NORMAL,31.19,40.43,38.29,96.74,165.18,NORMAL,0
2026-09-20 11:01:28,DT-001,NORMAL,32.92,40.97,38.83,96.74,152.54,NORMAL,0
2026-09-20 11:01:29,DT-001,NORMAL,33.47,42.35,39.04,96.73,139.4,NORMAL,0
2026-09-20 11:01:30,DT-001,NORMAL,33.89,41.33,38.61,96.72,126.34,NORMAL,0
2026-09-20 11:01:31,DT-001,NORMAL,32.99,40.76,38.73,96.72,114.74,NORMAL,0
2026-09-20 11:01:32,DT-001,NORMAL,32.09,40.67,39.27,96.72,106.26,NORMAL,0
2026-09-20 11:01:33,DT-001,NORMAL,33.67,39.48,38.75,96.71,98.98,NORMAL,0
2026-09-20 11:01:34,DT-001,NORMAL,31.54,38.86,38.23,96.71,93.6,NORMAL,0
2026-09-20 11:01:35,DT-001,NORMAL,30.58,39.11,38.87,96.7,85.88,NORMAL,0
2026-09-20 11:01:36,DT-001,NORMAL,32.41,39.23,39.24,96.7,77.75,NORMAL,0
2026-09-20 11:01:37,DT-001,NORMAL,30.47,38.31,39.06,96.69,71.95,NORMAL,0
2026-09-20 11:01:38,DT-001,NORMAL,31.04,36.84,38.98,96.68,64.68,NORMAL,0
2026-09-20 11:01:39,DT-001,NORMAL,33.12,37.73,39.68,96.68,58.47,NORMAL,0
2026-09-20 11:01:40,DT-001,NORMAL,31.34,39.46,39.57,96.68,55.16,NORMAL,0
2026-09-20 11:01:41,DT-001,NORMAL,29.9,41.03,39.88,96.67,53.81,NORMAL,0
2026-09-20 11:01:42,DT-001,NORMAL,32.29,41.48,40.48,96.67,47.79,NORMAL,0
2026-09-20 11:01:43,DT-001,NORMAL,31.39,42.57,39.99,96.66,43.68,NORMAL,0
2026-09-20 11:01:44,DT-001,FAULT,32.31,42.13,40.22,96.66,163.81,HIGH_NETWORK_LATENCY,1
2026-09-20 11:01:45,DT-001,FAULT,34.25,41.87,39.75,96.65,217.47,HIGH_NETWORK_LATENCY,1
2026-09-20 11:01:46,DT-001,FAULT,34.8,43.24,39.63,96.65,336.64,HIGH_NETWORK_LATENCY,1
2026-09-20 11:01:47,DT-001,FAULT,32.21,41.54,40.13,96.64,330.8,HIGH_NETWORK_LATENCY,1
2026-09-20 11:01:48,DT-001,FAULT,31.98,40.05,40.83,96.64,206.89,HIGH_NETWORK_LATENCY,1
2026-09-20 11:01:49,DT-001,FAULT,33.58,38.91,41.12,96.63,353.82,HIGH_NETWORK_LATENCY,1
2026-09-20 11:01:50,DT-001,NORMAL,31.29,39.36,40.35,96.62,321.88,NORMAL,0
2026-09-20 11:01:51,DT-001,NORMAL,29.6,38.77,40.41,96.61,290.84,NORMAL,0
2026-09-20 11:01:52,DT-001,NORMAL,31.92,38.36,39.94,96.6,263.17,NORMAL,0
2026-09-20 11:01:53,DT-001,NORMAL,30.6,36.95,39.49,96.6,239.7,NORMAL,0
2026-09-20 11:01:54,DT-001,NORMAL,32.55,35.7,39.18,96.59,218.04,NORMAL,0
2026-09-20 11:01:55,DT-001,NORMAL,34.8,34.54,39.53,96.59,198.42,NORMAL,0
2026-09-20 11:01:56,DT-001,NORMAL,32.54,36.64,39.39,96.59,178.44,NORMAL,0
2026-09-20 11:01:57,DT-001,NORMAL,31.64,37.2,39.9,96.58,160.54,NORMAL,0
2026-09-20 11:01:58,DT-001,NORMAL,32.17,37.71,39.3,96.57,148.7,NORMAL,0
2026-09-20 11:01:59,DT-001,NORMAL,32.73,37.16,39.53,96.57,137.17,NORMAL,0
2026-09-20 11:02:00,DT-001,NORMAL,33.07,36.88,40.28,96.57,127.72,NORMAL,0
2026-09-20 11:02:01,DT-001,NORMAL,32.96,36.69,39.74,96.56,115.19,NORMAL,0
2026-09-20 11:02:02,DT-001,NORMAL,35.36,38.4,39.58,96.56,107.32,NORMAL,0
2026-09-20 11:02:03,DT-001,NORMAL,34.61,39.32,39.68,96.56,98.06,NORMAL,0
2026-09-20 11:02:04,DT-001,NORMAL,33.35,40.98,39.6,96.55,91.52,NORMAL,0
2026-09-20 11:02:05,DT-001,NORMAL,32.41,40.39,39.39,96.55,85.57,NORMAL,0
2026-09-20 11:02:06,DT-001,NORMAL,30.64,39.24,39.01,96.54,79.87,NORMAL,0
2026-09-20 11:02:07,DT-001,NORMAL,32.74,39.49,39.49,96.54,74.66,NORMAL,0
2026-09-20 11:02:08,DT-001,NORMAL,30.53,38.13,39.76,96.53,70.99,NORMAL,0
2026-09-20 11:02:09,DT-001,NORMAL,31.15,36.7,39.38,96.53,64.04,NORMAL,0
2026-09-20 11:02:10,DT-001,NORMAL,31.13,35.88,39.36,96.52,59.02,NORMAL,0
2026-09-20 11:02:11,DT-001,NORMAL,29.79,37.18,39.51,96.52,54.59,NORMAL,0
2026-09-20 11:02:12,DT-001,NORMAL,28.18,37.14,39.52,96.51,49.14,NORMAL,0
2026-09-20 11:02:13,DT-001,NORMAL,27.37,38.98,39.73,96.5,48.25,NORMAL,0
2026-09-20 11:02:14,DT-001,NORMAL,29.18,37.59,39.05,96.49,43.01,NORMAL,0
2026-09-20 11:02:15,DT-001,NORMAL,28.25,39.28,38.71,96.49,39.16,NORMAL,0
2026-09-20 11:02:16,DT-001,NORMAL,27.69,40.83,38.96,96.48,37.11,NORMAL,0
2026-09-20 11:02:17,DT-001,NORMAL,26.78,39.31,39.16,96.48,33.52,NORMAL,0
2026-09-20 11:02:18,DT-001,NORMAL,27.28,39.8,38.75,96.47,32.0,NORMAL,0
2026-09-20 11:02:19,DT-001,NORMAL,28.58,41.28,39.56,96.46,28.9,NORMAL,0
2026-09-20 11:02:20,DT-001,NORMAL,30.1,39.84,39.43,96.46,26.23,NORMAL,0
2026-09-20 11:02:21,DT-001,FAULT,34.98,38.71,90.47,96.45,28.02,HIGH_TEMPERATURE,1
2026-09-20 11:02:22,DT-001,FAULT,37.86,40.23,86.66,96.45,26.13,HIGH_TEMPERATURE,1
2026-09-20 11:02:23,DT-001,FAULT,44.48,41.25,93.65,96.44,24.55,HIGH_TEMPERATURE,1
2026-09-20 11:02:24,DT-001,FAULT,41.63,41.5,87.19,96.44,26.21,HIGH_TEMPERATURE,1
2026-09-20 11:02:25,DT-001,FAULT,46.89,40.24,88.77,96.43,27.83,HIGH_TEMPERATURE,1
2026-09-20 11:02:26,DT-001,FAULT,46.53,39.28,78.89,96.43,26.69,HIGH_TEMPERATURE,1
2026-09-20 11:02:27,DT-001,FAULT,49.4,39.2,99.52,96.42,24.03,HIGH_TEMPERATURE,1
2026-09-20 11:02:28,DT-001,FAULT,52.09,37.55,78.79,96.41,22.97,HIGH_TEMPERATURE,1
2026-09-20 11:02:29,DT-001,FAULT,52.65,37.2,86.96,96.41,24.21,HIGH_TEMPERATURE,1
2026-09-20 11:02:30,DT-001,FAULT,57.37,38.27,98.09,96.4,22.53,HIGH_TEMPERATURE,1
2026-09-20 11:02:31,DT-001,FAULT,56.43,39.04,95.84,96.4,20.19,HIGH_TEMPERATURE,1
2026-09-20 11:02:32,DT-001,FAULT,55.98,37.6,95.14,96.39,21.8,HIGH_TEMPERATURE,1
2026-09-20 11:02:33,DT-001,FAULT,53.86,36.09,81.44,96.39,22.25,HIGH_TEMPERATURE,1
2026-09-20 11:02:34,DT-001,FAULT,57.0,36.34,80.68,96.38,19.9,HIGH_TEMPERATURE,1
2026-09-20 11:02:35,DT-001,FAULT,56.64,37.59,78.08,96.38,22.35,HIGH_TEMPERATURE,1
2026-09-20 11:02:36,DT-001,FAULT,53.52,36.21,88.47,96.37,22.27,HIGH_TEMPERATURE,1
2026-09-20 11:02:37,DT-001,FAULT,54.11,36.97,97.03,96.37,23.0,HIGH_TEMPERATURE,1
2026-09-20 11:02:38,DT-001,FAULT,54.86,35.5,89.92,96.37,20.77,HIGH_TEMPERATURE,1
2026-09-20 11:02:39,DT-001,FAULT,54.27,36.68,99.82,96.37,19.73,HIGH_TEMPERATURE,1
2026-09-20 11:02:40,DT-001,NORMAL,52.34,37.38,93.85,96.36,19.36,NORMAL,0
2026-09-20 11:02:41,DT-001,NORMAL,51.38,37.75,88.69,96.35,18.08,NORMAL,0
2026-09-20 11:02:42,DT-001,NORMAL,46.89,36.4,83.6,96.35,18.92,NORMAL,0
2026-09-20 11:02:43,DT-001,NORMAL,42.93,37.71,79.55,96.35,20.35,NORMAL,0
2026-09-20 11:02:44,DT-001,NORMAL,42.11,39.44,75.39,96.34,21.28,NORMAL,0
2026-09-20 11:02:45,DT-001,NORMAL,39.62,40.72,71.78,96.33,21.04,NORMAL,0
2026-09-20 11:02:46,DT-001,NORMAL,40.08,39.98,69.32,96.33,21.41,NORMAL,0
2026-09-20 11:02:47,DT-001,NORMAL,38.28,39.85,66.34,96.32,23.14,NORMAL,0
2026-09-20 11:02:48,DT-001,NORMAL,37.25,41.3,63.63,96.32,24.18,NORMAL,0
2026-09-20 11:02:49,DT-001,NORMAL,33.96,39.87,61.01,96.31,24.48,NORMAL,0
2026-09-20 11:02:50,DT-001,NORMAL,30.94,40.94,59.14,96.31,24.53,NORMAL,0
2026-09-20 11:02:51,DT-001,NORMAL,28.66,40.45,56.72,96.31,21.49,NORMAL,0
2026-09-20 11:02:52,DT-001,NORMAL,27.73,42.04,55.12,96.3,21.27,NORMAL,0
2026-09-20 11:02:53,DT-001,NORMAL,27.6,43.45,53.12,96.29,18.77,NORMAL,0
2026-09-20 11:02:54,DT-001,NORMAL,25.5,42.47,51.77,96.29,17.46,NORMAL,0
2026-09-20 11:02:55,DT-001,NORMAL,27.59,41.92,49.89,96.29,15.87,NORMAL,0
2026-09-20 11:02:56,DT-001,NORMAL,28.82,41.47,48.36,96.29,15.11,NORMAL,0
2026-09-20 11:02:57,DT-001,NORMAL,30.6,42.64,47.34,96.28,13.24,NORMAL,0
2026-09-20 11:02:58,DT-001,NORMAL,30.09,41.33,46.35,96.27,15.92,NORMAL,0
2026-09-20 11:02:59,DT-001,NORMAL,32.33,42.9,46.13,96.27,16.75,NORMAL,0
2026-09-20 11:03:00,DT-001,NORMAL,30.44,41.26,45.26,96.26,19.62,NORMAL,0
2026-09-20 11:03:01,DT-001,NORMAL,30.9,40.19,45.19,96.26,19.49,NORMAL,0
2026-09-20 11:03:02,DT-001,FAULT,30.18,38.91,44.42,16.31,19.34,LOW_BATTERY,1
2026-09-20 11:03:03,DT-001,FAULT,32.58,39.84,43.35,14.09,17.75,LOW_BATTERY,1
2026-09-20 11:03:04,DT-001,FAULT,33.47,39.36,43.42,1.05,16.48,LOW_BATTERY,1
2026-09-20 11:03:05,DT-001,FAULT,32.34,39.86,43.16,9.24,19.3,LOW_BATTERY,1
2026-09-20 11:03:06,DT-001,FAULT,31.11,41.25,42.42,16.7,17.68,LOW_BATTERY,1
2026-09-20 11:03:07,DT-001,FAULT,31.56,40.39,41.54,9.57,18.04,LOW_BATTERY,1
2026-09-20 11:03:08,DT-001,FAULT,30.05,39.91,41.68,4.47,17.15,LOW_BATTERY,1
2026-09-20 11:03:09,DT-001,FAULT,28.94,38.22,41.72,14.19,16.72,LOW_BATTERY,1
2026-09-20 11:03:10,DT-001,NORMAL,28.76,37.97,41.05,100.0,16.05,NORMAL,0
2026-09-20 11:03:11,DT-001,NORMAL,28.65,37.09,41.1,100.0,16.91,NORMAL,0
2026-09-20 11:03:12,DT-001,NORMAL,26.17,35.77,40.74,99.99,15.28,NORMAL,0
2026-09-20 11:03:13,DT-001,NORMAL,25.88,34.48,40.57,99.99,14.02,NORMAL,0
2026-09-20 11:03:14,DT-001,NORMAL,27.7,35.55,40.26,99.98,12.13,NORMAL,0
2026-09-20 11:03:15,DT-001,NORMAL,29.13,36.77,40.23,99.97,10.97,NORMAL,0
2026-09-20 11:03:16,DT-001,NORMAL,27.4,37.86,39.62,99.97,11.1,NORMAL,0
2026-09-20 11:03:17,DT-001,NORMAL,26.82,36.52,39.51,99.97,11.54,NORMAL,0
2026-09-20 11:03:18,DT-001,NORMAL,28.19,37.04,38.97,99.97,10.55,NORMAL,0
2026-09-20 11:03:19,DT-001,NORMAL,30.36,36.36,38.44,99.96,8.92,NORMAL,0
2026-09-20 11:03:20,DT-001,NORMAL,31.39,36.65,37.93,99.95,12.46,NORMAL,0
2026-09-20 11:03:21,DT-001,NORMAL,29.29,36.33,37.98,99.95,12.65,NORMAL,0
2026-09-20 11:03:22,DT-001,NORMAL,28.23,34.98,38.49,99.94,11.05,NORMAL,0
2026-09-20 11:03:23,DT-001,NORMAL,25.9,34.51,38.63,99.94,9.68,NORMAL,0
2026-09-20 11:03:24,DT-001,NORMAL,26.36,36.24,38.62,99.94,8.05,NORMAL,0
2026-09-20 11:03:25,DT-001,NORMAL,27.39,35.78,38.57,99.93,11.06,NORMAL,0
2026-09-20 11:03:26,DT-001,NORMAL,26.33,35.1,39.29,99.93,12.76,NORMAL,0
2026-09-20 11:03:27,DT-001,NORMAL,26.4,37.28,39.61,99.92,11.89,NORMAL,0
2026-09-20 11:03:28,DT-001,NORMAL,26.16,36.13,40.27,99.92,14.11,NORMAL,0
2026-09-20 11:03:29,DT-001,NORMAL,25.45,37.2,39.83,99.91,13.63,NORMAL,0
2026-09-20 11:03:30,DT-001,NORMAL,26.71,36.51,40.41,99.9,12.74,NORMAL,0
2026-09-20 11:03:31,DT-001,FAULT,89.91,38.16,42.92,99.89,12.86,HIGH_CPU,1
2026-09-20 11:03:32,DT-001,FAULT,99.8,37.14,45.33,99.89,12.42,HIGH_CPU,1
2026-09-20 11:03:33,DT-001,FAULT,97.86,37.84,48.24,99.88,13.82,HIGH_CPU,1
2026-09-20 11:03:34,DT-001,FAULT,85.8,37.35,48.68,99.87,12.6,HIGH_CPU,1
2026-09-20 11:03:35,DT-001,FAULT,85.34,37.34,50.89,99.87,12.89,HIGH_CPU,1
2026-09-20 11:03:36,DT-001,FAULT,97.01,36.89,50.87,99.86,15.7,HIGH_CPU,1
2026-09-20 11:03:37,DT-001,FAULT,92.15,38.08,51.07,99.86,18.46,HIGH_CPU,1
2026-09-20 11:03:38,DT-001,FAULT,89.05,37.32,52.91,99.86,18.92,HIGH_CPU,1
2026-09-20 11:03:39,DT-001,FAULT,85.45,38.42,53.11,99.86,19.99,HIGH_CPU,1
2026-09-20 11:03:40,DT-001,FAULT,85.95,38.26,55.02,99.85,17.53,HIGH_CPU,1
2026-09-20 11:03:41,DT-001,FAULT,89.08,37.65,56.23,99.84,15.21,HIGH_CPU,1
2026-09-20 11:03:42,DT-001,NORMAL,82.89,36.09,54.82,99.84,17.5,NORMAL,0
2026-09-20 11:03:43,DT-001,NORMAL,80.04,36.44,52.96,99.83,15.3,NORMAL,0
2026-09-20 11:03:44,DT-001,NORMAL,75.57,36.64,51.62,99.83,16.63,NORMAL,0
2026-09-20 11:03:45,DT-001,NORMAL,71.29,35.7,50.8,99.82,15.21,NORMAL,0
2026-09-20 11:03:46,DT-001,NORMAL,66.98,35.58,49.42,99.81,17.04,NORMAL,0
2026-09-20 11:03:47,DT-001,NORMAL,63.51,35.52,48.38,99.81,19.42,NORMAL,0
2026-09-20 11:03:48,DT-001,NORMAL,59.4,35.85,47.91,99.8,17.66,NORMAL,0
2026-09-20 11:03:49,DT-001,NORMAL,56.49,37.56,47.3,99.79,18.11,NORMAL,0
2026-09-20 11:03:50,DT-001,NORMAL,52.0,38.88,46.05,99.79,16.71,NORMAL,0
2026-09-20 11:03:51,DT-001,NORMAL,47.55,38.7,44.88,99.78,14.57,NORMAL,0
2026-09-20 11:03:52,DT-001,NORMAL,43.11,40.39,44.63,99.78,13.64,NORMAL,0
2026-09-20 11:03:53,DT-001,NORMAL,40.91,38.97,44.5,99.77,14.53,NORMAL,0
2026-09-20 11:03:54,DT-001,NORMAL,40.67,38.69,44.16,99.76,16.1,NORMAL,0
2026-09-20 11:03:55,DT-001,NORMAL,38.12,39.34,43.25,99.76,17.85,NORMAL,0
2026-09-20 11:03:56,DT-001,NORMAL,39.43,41.1,43.36,99.75,20.31,NORMAL,0
2026-09-20 11:03:57,DT-001,NORMAL,37.44,41.91,42.74,99.75,21.03,NORMAL,0
2026-09-20 11:03:58,DT-001,NORMAL,35.03,39.97,42.17,99.75,22.7,NORMAL,0
2026-09-20 11:03:59,DT-001,NORMAL,32.19,39.81,41.4,99.74,23.3,NORMAL,0
2026-09-20 11:04:00,DT-001,FAULT,31.12,39.38,40.98,11.8,25.23,LOW_BATTERY,1
2026-09-20 11:04:01,DT-001,FAULT,31.51,40.08,41.57,5.35,23.91,LOW_BATTERY,1
2026-09-20 11:04:02,DT-001,FAULT,31.22,41.15,41.78,10.98,23.1,LOW_BATTERY,1
2026-09-20 11:04:03,DT-001,FAULT,33.15,42.65,41.87,17.37,22.14,LOW_BATTERY,1
2026-09-20 11:04:04,DT-001,FAULT,34.24,40.9,41.32,15.12,20.55,LOW_BATTERY,1
2026-09-20 11:04:05,DT-001,FAULT,34.52,39.35,41.02,8.98,21.06,LOW_BATTERY,1
2026-09-20 11:04:06,DT-001,FAULT,33.11,39.6,41.21,2.61,21.57,LOW_BATTERY,1
2026-09-20 11:04:07,DT-001,FAULT,33.8,39.98,41.34,2.17,21.44,LOW_BATTERY,1
2026-09-20 11:04:08,DT-001,FAULT,31.69,39.17,41.3,13.31,21.49,LOW_BATTERY,1
2026-09-20 11:04:09,DT-001,FAULT,30.19,37.87,41.19,15.51,21.08,LOW_BATTERY,1
2026-09-20 11:04:10,DT-001,FAULT,27.69,38.45,40.97,2.31,23.5,LOW_BATTERY,1
2026-09-20 11:04:11,DT-001,FAULT,27.82,37.7,40.71,4.0,23.98,LOW_BATTERY,1
2026-09-20 11:04:12,DT-001,FAULT,27.37,37.22,40.24,9.39,24.04,LOW_BATTERY,1
2026-09-20 11:04:13,DT-001,FAULT,28.79,38.61,40.86,3.24,21.82,LOW_BATTERY,1
2026-09-20 11:04:14,DT-001,NORMAL,29.48,37.03,40.77,100.0,21.26,NORMAL,0
2026-09-20 11:04:15,DT-001,NORMAL,31.68,36.86,40.76,100.0,18.62,NORMAL,0
2026-09-20 11:04:16,DT-001,NORMAL,32.6,35.61,40.09,99.99,19.64,NORMAL,0
2026-09-20 11:04:17,DT-001,NORMAL,32.38,35.13,40.69,99.99,17.11,NORMAL,0
2026-09-20 11:04:18,DT-001,NORMAL,30.45,34.52,40.85,99.98,17.71,NORMAL,0
2026-09-20 11:04:19,DT-001,NORMAL,32.95,35.63,40.89,99.98,15.45,NORMAL,0
2026-09-20 11:04:20,DT-001,NORMAL,31.58,36.96,40.64,99.98,15.96,NORMAL,0
2026-09-20 11:04:21,DT-001,FAULT,31.88,35.49,41.12,15.63,18.64,LOW_BATTERY,1
2026-09-20 11:04:22,DT-001,FAULT,33.32,34.82,40.98,7.59,16.61,LOW_BATTERY,1
2026-09-20 11:04:23,DT-001,FAULT,33.71,35.49,41.32,9.67,14.93,LOW_BATTERY,1
2026-09-20 11:04:24,DT-001,FAULT,35.29,34.38,41.2,5.2,15.8,LOW_BATTERY,1
2026-09-20 11:04:25,DT-001,FAULT,36.13,36.17,40.88,2.01,14.94,LOW_BATTERY,1
2026-09-20 11:04:26,DT-001,FAULT,35.15,37.89,41.2,16.82,16.37,LOW_BATTERY,1
2026-09-20 11:04:27,DT-001,FAULT,34.04,38.48,41.61,11.45,14.72,LOW_BATTERY,1
2026-09-20 11:04:28,DT-001,FAULT,35.21,40.03,41.66,11.18,13.4,LOW_BATTERY,1
2026-09-20 11:04:29,DT-001,FAULT,33.54,41.01,41.4,2.44,11.72,LOW_BATTERY,1
2026-09-20 11:04:30,DT-001,FAULT,35.3,39.64,41.46,8.9,11.97,LOW_BATTERY,1
2026-09-20 11:04:31,DT-001,FAULT,36.43,41.17,41.03,6.24,11.84,LOW_BATTERY,1
2026-09-20 11:04:32,DT-001,FAULT,38.21,41.1,40.76,12.82,13.67,LOW_BATTERY,1
2026-09-20 11:04:33,DT-001,FAULT,39.67,41.37,40.92,2.55,14.14,LOW_BATTERY,1
2026-09-20 11:04:34,DT-001,NORMAL,37.85,41.29,41.02,100.0,13.47,NORMAL,0
2026-09-20 11:04:35,DT-001,NORMAL,35.93,41.21,40.65,99.99,16.32,NORMAL,0
2026-09-20 11:04:36,DT-001,NORMAL,34.52,40.39,41.05,99.99,16.21,NORMAL,0
2026-09-20 11:04:37,DT-001,NORMAL,33.65,40.93,41.33,99.98,14.64,NORMAL,0
2026-09-20 11:04:38,DT-001,NORMAL,32.18,41.51,41.0,99.97,14.21,NORMAL,0
2026-09-20 11:04:39,DT-001,NORMAL,32.41,40.18,41.22,99.96,15.54,NORMAL,0
2026-09-20 11:04:40,DT-001,NORMAL,33.73,41.35,40.64,99.96,15.97,NORMAL,0
2026-09-20 11:04:41,DT-001,NORMAL,33.27,40.39,40.68,99.95,14.46,NORMAL,0
2026-09-20 11:04:42,DT-001,NORMAL,31.61,42.03,41.06,99.94,12.34,NORMAL,0
2026-09-20 11:04:43,DT-001,NORMAL,33.79,43.37,40.89,99.93,13.55,NORMAL,0
2026-09-20 11:04:44,DT-001,NORMAL,33.78,41.95,40.15,99.93,16.8,NORMAL,0
2026-09-20 11:04:45,DT-001,NORMAL,33.27,41.35,39.59,99.92,16.37,NORMAL,0
2026-09-20 11:04:46,DT-001,NORMAL,30.54,42.46,39.31,99.92,15.48,NORMAL,0
2026-09-20 11:04:47,DT-001,NORMAL,32.78,42.89,38.95,99.91,16.29,NORMAL,0
2026-09-20 11:04:48,DT-001,FAULT,33.11,41.67,98.41,99.9,18.02,HIGH_TEMPERATURE,1
2026-09-20 11:04:49,DT-001,FAULT,33.29,39.78,99.26,99.9,16.45,HIGH_TEMPERATURE,1
2026-09-20 11:04:50,DT-001,FAULT,37.23,38.07,99.43,99.89,17.42,HIGH_TEMPERATURE,1
2026-09-20 11:04:51,DT-001,FAULT,39.07,37.35,97.62,99.89,18.27,HIGH_TEMPERATURE,1
2026-09-20 11:04:52,DT-001,FAULT,39.2,35.82,96.69,99.88,20.39,HIGH_TEMPERATURE,1
2026-09-20 11:04:53,DT-001,FAULT,41.09,37.49,97.54,99.88,18.47,HIGH_TEMPERATURE,1
2026-09-20 11:04:54,DT-001,FAULT,45.71,36.02,87.61,99.88,19.55,HIGH_TEMPERATURE,1
2026-09-20 11:04:55,DT-001,FAULT,44.01,34.7,82.52,99.87,19.29,HIGH_TEMPERATURE,1
2026-09-20 11:04:56,DT-001,FAULT,42.09,36.44,82.79,99.87,18.84,HIGH_TEMPERATURE,1
2026-09-20 11:04:57,DT-001,FAULT,43.1,37.57,99.13,99.87,21.0,HIGH_TEMPERATURE,1
2026-09-20 11:04:58,DT-001,FAULT,43.93,38.34,90.58,99.86,18.31,HIGH_TEMPERATURE,1
2026-09-20 11:04:59,DT-001,FAULT,41.29,38.27,85.66,99.86,18.14,HIGH_TEMPERATURE,1
2026-09-20 11:05:00,DT-001,FAULT,45.04,37.58,89.38,99.86,18.79,HIGH_TEMPERATURE,1
2026-09-20 11:05:01,DT-001,NORMAL,41.03,37.4,83.79,99.85,20.03,NORMAL,0
2026-09-20 11:05:02,DT-001,NORMAL,40.55,37.85,79.05,99.85,18.71,NORMAL,0
2026-09-20 11:05:03,DT-001,NORMAL,37.56,37.83,75.68,99.85,18.35,NORMAL,0
2026-09-20 11:05:04,DT-001,NORMAL,34.47,39.39,72.29,99.84,20.04,NORMAL,0
2026-09-20 11:05:05,DT-001,NORMAL,36.0,40.32,68.75,99.84,19.62,NORMAL,0
2026-09-20 11:05:06,DT-001,NORMAL,32.79,41.95,66.03,99.83,21.13,NORMAL,0
2026-09-20 11:05:07,DT-001,NORMAL,34.04,41.87,63.82,99.83,20.31,NORMAL,0
2026-09-20 11:05:08,DT-001,NORMAL,33.82,40.56,61.86,99.83,18.51,NORMAL,0
2026-09-20 11:05:09,DT-001,NORMAL,35.13,40.51,60.24,99.82,16.86,NORMAL,0
2026-09-20 11:05:10,DT-001,NORMAL,36.49,39.53,58.37,99.82,18.7,NORMAL,0
2026-09-20 11:05:11,DT-001,NORMAL,35.6,40.33,56.84,99.82,19.4,NORMAL,0
2026-09-20 11:05:12,DT-001,NORMAL,37.64,38.99,54.85,99.81,19.41,NORMAL,0
2026-09-20 11:05:13,DT-001,NORMAL,37.15,39.9,53.93,99.81,20.26,NORMAL,0
2026-09-20 11:05:14,DT-001,NORMAL,37.98,40.19,53.02,99.8,18.9,NORMAL,0
2026-09-20 11:05:15,DT-001,NORMAL,35.39,41.46,51.18,99.8,16.7,NORMAL,0
2026-09-20 11:05:16,DT-001,NORMAL,36.69,39.93,50.64,99.8,15.95,NORMAL,0
2026-09-20 11:05:17,DT-001,FAULT,37.38,38.91,49.98,99.79,344.36,HIGH_NETWORK_LATENCY,1
2026-09-20 11:05:18,DT-001,FAULT,38.04,37.73,49.4,99.79,462.19,HIGH_NETWORK_LATENCY,1
2026-09-20 11:05:19,DT-001,FAULT,39.41,37.06,48.32,99.78,197.78,HIGH_NETWORK_LATENCY,1
2026-09-20 11:05:20,DT-001,FAULT,36.47,39.01,47.12,99.78,158.49,HIGH_NETWORK_LATENCY,1
2026-09-20 11:05:21,DT-001,FAULT,35.15,38.57,46.99,99.77,149.69,HIGH_NETWORK_LATENCY,1
2026-09-20 11:05:22,DT-001,FAULT,33.52,39.87,46.37,99.77,441.93,HIGH_NETWORK_LATENCY,1
2026-09-20 11:05:23,DT-001,FAULT,30.83,39.28,45.46,99.76,158.5,HIGH_NETWORK_LATENCY,1
2026-09-20 11:05:24,DT-001,FAULT,32.07,39.57,44.28,99.76,261.08,HIGH_NETWORK_LATENCY,1
2026-09-20 11:05:25,DT-001,FAULT,31.58,39.02,44.01,99.76,259.83,HIGH_NETWORK_LATENCY,1
2026-09-20 11:05:26,DT-001,FAULT,33.05,39.42,44.17,99.75,315.31,HIGH_NETWORK_LATENCY,1
2026-09-20 11:05:27,DT-001,FAULT,33.64,39.65,44.11,99.74,178.27,HIGH_NETWORK_LATENCY,1
2026-09-20 11:05:28,DT-001,NORMAL,32.36,40.46,44.03,99.74,160.52,NORMAL,0
2026-09-20 11:05:29,DT-001,NORMAL,30.49,40.83,43.3,99.73,144.0,NORMAL,0
2026-09-20 11:05:30,DT-001,FAULT,30.0,93.52,45.39,99.73,131.21,HIGH_MEMORY,1
2026-09-20 11:05:31,DT-001,FAULT,28.44,96.81,45.2,99.72,121.31,HIGH_MEMORY,1
2026-09-20 11:05:32,DT-001,FAULT,30.83,97.18,45.94,99.72,112.1,HIGH_MEMORY,1
2026-09-20 11:05:33,DT-001,FAULT,31.98,93.22,47.15,99.71,103.3,HIGH_MEMORY,1
2026-09-20 11:05:34,DT-001,FAULT,33.09,95.75,47.47,99.71,95.96,HIGH_MEMORY,1
2026-09-20 11:05:35,DT-001,FAULT,31.59,92.25,48.28,99.71,85.78,HIGH_MEMORY,1
2026-09-20 11:05:36,DT-001,FAULT,31.48,89.51,49.57,99.71,81.64,HIGH_MEMORY,1
2026-09-20 11:05:37,DT-001,FAULT,29.2,88.73,50.08,99.7,77.54,HIGH_MEMORY,1
2026-09-20 11:05:38,DT-001,FAULT,31.58,93.5,50.02,99.69,71.24,HIGH_MEMORY,1
2026-09-20 11:05:39,DT-001,FAULT,30.04,98.89,50.25,99.69,67.6,HIGH_MEMORY,1
2026-09-20 11:05:40,DT-001,FAULT,29.52,90.56,50.07,99.68,61.94,HIGH_MEMORY,1
2026-09-20 11:05:41,DT-001,NORMAL,32.26,87.04,48.91,99.68,57.37,NORMAL,0
2026-09-20 11:05:42,DT-001,NORMAL,30.65,83.43,47.78,99.67,54.14,NORMAL,0
2026-09-20 11:05:43,DT-001,NORMAL,28.43,77.59,47.35,99.67,50.34,NORMAL,0
2026-09-20 11:05:44,DT-001,NORMAL,30.93,74.88,46.9,99.67,44.88,NORMAL,0
2026-09-20 11:05:45,DT-001,NORMAL,28.31,70.64,46.7,99.66,44.65,NORMAL,0
2026-09-20 11:05:46,DT-001,NORMAL,29.38,66.1,45.55,99.66,40.03,NORMAL,0
2026-09-20 11:05:47,DT-001,NORMAL,27.18,61.83,44.27,99.65,39.59,NORMAL,0
2026-09-20 11:05:48,DT-001,NORMAL,29.22,59.61,43.51,99.64,39.45,NORMAL,0
2026-09-20 11:05:49,DT-001,NORMAL,29.9,56.35,43.11,99.64,35.65,NORMAL,0
2026-09-20 11:05:50,DT-001,NORMAL,29.99,54.7,42.4,99.63,33.51,NORMAL,0
2026-09-20 11:05:51,DT-001,NORMAL,28.17,53.13,42.09,99.62,31.12,NORMAL,0
2026-09-20 11:05:52,DT-001,NORMAL,30.06,51.52,42.5,99.62,31.88,NORMAL,0
2026-09-20 11:05:53,DT-001,NORMAL,28.49,50.23,42.54,99.62,28.31,NORMAL,0
2026-09-20 11:05:54,DT-001,NORMAL,26.74,51.0,41.75,99.61,26.3,NORMAL,0
2026-09-20 11:05:55,DT-001,NORMAL,26.09,48.96,41.55,99.6,27.99,NORMAL,0
2026-09-20 11:05:56,DT-001,NORMAL,27.41,48.89,41.11,99.6,29.33,NORMAL,0
2026-09-20 11:05:57,DT-001,NORMAL,26.93,47.61,40.78,99.6,30.24,NORMAL,0
2026-09-20 11:05:58,DT-001,NORMAL,26.64,47.97,40.65,99.59,30.75,NORMAL,0
2026-09-20 11:05:59,DT-001,NORMAL,26.71,48.31,40.93,99.58,30.53,NORMAL,0
2026-09-20 11:06:00,DT-001,NORMAL,28.39,48.81,40.39,99.57,27.66,NORMAL,0
2026-09-20 11:06:01,DT-001,NORMAL,26.36,49.28,40.11,99.57,24.95,NORMAL,0
2026-09-20 11:06:02,DT-001,NORMAL,26.7,47.55,39.67,99.57,21.97,NORMAL,0
2026-09-20 11:06:03,DT-001,FAULT,29.7,46.34,89.02,99.56,23.52,HIGH_TEMPERATURE,1
2026-09-20 11:06:04,DT-001,FAULT,33.8,46.28,97.57,99.56,23.34,HIGH_TEMPERATURE,1
2026-09-20 11:06:05,DT-001,FAULT,37.62,46.05,88.01,99.55,24.62,HIGH_TEMPERATURE,1
2026-09-20 11:06:06,DT-001,FAULT,40.25,45.59,86.96,99.55,23.26,HIGH_TEMPERATURE,1
2026-09-20 11:06:07,DT-001,FAULT,41.95,44.94,91.39,99.54,25.17,HIGH_TEMPERATURE,1
2026-09-20 11:06:08,DT-001,FAULT,40.91,44.77,78.85,99.54,25.47,HIGH_TEMPERATURE,1
2026-09-20 11:06:09,DT-001,FAULT,44.25,43.41,98.94,99.53,22.44,HIGH_TEMPERATURE,1
2026-09-20 11:06:10,DT-001,FAULT,45.0,42.82,95.92,99.52,20.98,HIGH_TEMPERATURE,1
2026-09-20 11:06:11,DT-001,FAULT,46.05,42.54,84.74,99.52,21.64,HIGH_TEMPERATURE,1
2026-09-20 11:06:12,DT-001,FAULT,43.2,44.05,80.55,99.51,20.32,HIGH_TEMPERATURE,1
2026-09-20 11:06:13,DT-001,FAULT,44.92,43.86,93.07,99.5,18.67,HIGH_TEMPERATURE,1
2026-09-20 11:06:14,DT-001,FAULT,47.51,45.08,83.68,99.5,20.15,HIGH_TEMPERATURE,1
2026-09-20 11:06:15,DT-001,FAULT,51.34,44.27,80.15,99.5,18.32,HIGH_TEMPERATURE,1
2026-09-20 11:06:16,DT-001,FAULT,52.44,44.0,97.21,99.5,21.1,HIGH_TEMPERATURE,1
2026-09-20 11:06:17,DT-001,FAULT,48.08,42.66,99.23,99.49,23.39,HIGH_TEMPERATURE,1
2026-09-20 11:06:18,DT-001,NORMAL,44.23,43.35,93.71,99.49,21.01,NORMAL,0
2026-09-20 11:06:19,DT-001,NORMAL,41.61,41.51,88.76,99.48,20.3,NORMAL,0
2026-09-20 11:06:20,DT-001,NORMAL,42.85,42.17,84.47,99.48,22.81,NORMAL,0
2026-09-20 11:06:21,DT-001,NORMAL,44.23,40.74,79.8,99.47,23.55,NORMAL,0
2026-09-20 11:06:22,DT-001,NORMAL,45.45,41.59,75.6,99.47,22.6,NORMAL,0
2026-09-20 11:06:23,DT-001,NORMAL,41.77,41.48,72.49,99.47,20.66,NORMAL,0
2026-09-20 11:06:24,DT-001,NORMAL,42.07,42.22,68.62,99.46,19.12,NORMAL,0
2026-09-20 11:06:25,DT-001,NORMAL,43.09,41.98,66.15,99.45,19.98,NORMAL,0
2026-09-20 11:06:26,DT-001,NORMAL,39.31,41.61,62.82,99.45,22.61,NORMAL,0
2026-09-20 11:06:27,DT-001,NORMAL,39.18,41.15,61.02,99.44,24.31,NORMAL,0
2026-09-20 11:06:28,DT-001,NORMAL,40.11,41.37,59.01,99.44,21.91,NORMAL,0
2026-09-20 11:06:29,DT-001,NORMAL,41.78,42.05,56.88,99.43,19.19,NORMAL,0
2026-09-20 11:06:30,DT-001,NORMAL,39.62,41.17,55.65,99.43,21.21,NORMAL,0
2026-09-20 11:06:31,DT-001,NORMAL,37.58,42.72,53.57,99.43,20.44,NORMAL,0
2026-09-20 11:06:32,DT-001,NORMAL,35.95,42.13,51.6,99.42,18.1,NORMAL,0
2026-09-20 11:06:33,DT-001,NORMAL,34.28,40.2,51.13,99.42,19.44,NORMAL,0
2026-09-20 11:06:34,DT-001,NORMAL,36.18,40.55,50.52,99.41,17.31,NORMAL,0
2026-09-20 11:06:35,DT-001,NORMAL,34.66,41.89,49.01,99.41,19.2,NORMAL,0
2026-09-20 11:06:36,DT-001,NORMAL,32.99,42.93,48.19,99.41,21.22,NORMAL,0
2026-09-20 11:06:37,DT-001,NORMAL,32.96,42.92,47.64,99.4,21.38,NORMAL,0
2026-09-20 11:06:38,DT-001,NORMAL,34.8,43.54,46.22,99.39,20.81,NORMAL,0
2026-09-20 11:06:39,DT-001,NORMAL,33.07,41.57,44.97,99.39,21.21,NORMAL,0
2026-09-20 11:06:40,DT-001,NORMAL,32.64,41.3,44.28,99.38,19.81,NORMAL,0
2026-09-20 11:06:41,DT-001,NORMAL,32.7,42.23,43.25,99.38,20.63,NORMAL,0
2026-09-20 11:06:42,DT-001,NORMAL,34.41,42.48,42.23,99.38,21.69,NORMAL,0
2026-09-20 11:06:43,DT-001,NORMAL,36.44,43.54,42.02,99.37,18.85,NORMAL,0
2026-09-20 11:06:44,DT-001,NORMAL,34.57,44.25,42.21,99.36,19.22,NORMAL,0
2026-09-20 11:06:45,DT-001,NORMAL,32.56,44.42,41.55,99.36,18.46,NORMAL,0
2026-09-20 11:06:46,DT-001,NORMAL,32.79,45.46,41.09,99.36,20.54,NORMAL,0
2026-09-20 11:06:47,DT-001,NORMAL,32.08,45.45,40.98,99.35,19.97,NORMAL,0
2026-09-20 11:06:48,DT-001,NORMAL,30.54,43.56,40.42,99.34,17.92,NORMAL,0
2026-09-20 11:06:49,DT-001,NORMAL,28.5,41.55,41.1,99.33,19.38,NORMAL,0
2026-09-20 11:06:50,DT-001,NORMAL,26.67,40.38,41.65,99.33,20.26,NORMAL,0
2026-09-20 11:06:51,DT-001,NORMAL,28.78,38.59,40.92,99.32,18.32,NORMAL,0
2026-09-20 11:06:52,DT-001,NORMAL,30.45,40.06,40.58,99.32,19.35,NORMAL,0
2026-09-20 11:06:53,DT-001,NORMAL,30.1,38.98,40.71,99.32,18.62,NORMAL,0
2026-09-20 11:06:54,DT-001,NORMAL,32.02,39.67,40.63,99.31,18.42,NORMAL,0
2026-09-20 11:06:55,DT-001,NORMAL,31.46,38.47,40.97,99.3,19.92,NORMAL,0
2026-09-20 11:06:56,DT-001,NORMAL,29.71,37.22,40.57,99.3,18.18,NORMAL,0
2026-09-20 11:06:57,DT-001,NORMAL,29.6,38.45,39.88,99.29,17.3,NORMAL,0
2026-09-20 11:06:58,DT-001,NORMAL,28.02,39.91,40.38,99.28,16.33,NORMAL,0
2026-09-20 11:06:59,DT-001,NORMAL,27.89,38.6,40.75,99.28,16.07,NORMAL,0
2026-09-20 11:07:00,DT-001,NORMAL,28.38,39.25,40.16,99.27,15.77,NORMAL,0
2026-09-20 11:07:01,DT-001,NORMAL,26.37,40.63,40.17,99.27,15.67,NORMAL,0
2026-09-20 11:07:02,DT-001,NORMAL,29.2,39.15,40.73,99.27,14.72,NORMAL,0
2026-09-20 11:07:03,DT-001,NORMAL,31.61,40.52,40.76,99.26,17.53,NORMAL,0
2026-09-20 11:07:04,DT-001,NORMAL,34.03,38.68,41.35,99.26,18.8,NORMAL,0
2026-09-20 11:07:05,DT-001,NORMAL,33.99,37.02,40.77,99.26,17.87,NORMAL,0
2026-09-20 11:07:06,DT-001,NORMAL,32.25,38.41,40.82,99.25,19.0,NORMAL,0
2026-09-20 11:07:07,DT-001,NORMAL,32.38,38.05,40.56,99.24,21.21,NORMAL,0
2026-09-20 11:07:08,DT-001,NORMAL,34.07,37.73,40.88,99.24,21.05,NORMAL,0
2026-09-20 11:07:09,DT-001,NORMAL,34.0,38.64,40.22,99.23,19.5,NORMAL,0
2026-09-20 11:07:10,DT-001,NORMAL,32.01,38.46,40.91,99.23,20.52,NORMAL,0
2026-09-20 11:07:11,DT-001,NORMAL,31.49,37.31,41.16,99.23,18.29,NORMAL,0
2026-09-20 11:07:12,DT-001,NORMAL,33.6,37.25,41.75,99.22,20.57,NORMAL,0
2026-09-20 11:07:13,DT-001,NORMAL,31.04,39.05,41.74,99.22,19.16,NORMAL,0
2026-09-20 11:07:14,DT-001,NORMAL,32.27,40.72,41.19,99.21,18.04,NORMAL,0
2026-09-20 11:07:15,DT-001,NORMAL,33.43,41.47,41.69,99.21,20.9,NORMAL,0
2026-09-20 11:07:16,DT-001,NORMAL,35.18,39.89,41.52,99.21,21.22,NORMAL,0
2026-09-20 11:07:17,DT-001,FAULT,39.37,40.1,90.58,99.2,23.69,HIGH_TEMPERATURE,1
2026-09-20 11:07:18,DT-001,FAULT,37.76,41.25,96.2,99.2,21.59,HIGH_TEMPERATURE,1
2026-09-20 11:07:19,DT-001,FAULT,39.5,39.55,93.97,99.19,18.9,HIGH_TEMPERATURE,1
2026-09-20 11:07:20,DT-001,FAULT,42.0,40.51,93.13,99.18,18.64,HIGH_TEMPERATURE,1
2026-09-20 11:07:21,DT-001,FAULT,41.06,40.02,96.54,99.18,17.02,HIGH_TEMPERATURE,1
2026-09-20 11:07:22,DT-001,FAULT,38.54,38.79,93.39,99.18,16.97,HIGH_TEMPERATURE,1
2026-09-20 11:07:23,DT-001,FAULT,43.65,39.68,91.02,99.17,19.44,HIGH_TEMPERATURE,1
2026-09-20 11:07:24,DT-001,FAULT,43.82,39.1,92.53,99.17,20.0,HIGH_TEMPERATURE,1
2026-09-20 11:07:25,DT-001,FAULT,46.8,38.01,91.34,99.16,19.01,HIGH_TEMPERATURE,1
2026-09-20 11:07:26,DT-001,FAULT,47.18,39.42,88.23,99.16,20.58,HIGH_TEMPERATURE,1
2026-09-20 11:07:27,DT-001,FAULT,50.19,40.54,89.74,99.16,21.8,HIGH_TEMPERATURE,1
2026-09-20 11:07:28,DT-001,FAULT,49.4,40.11,79.16,99.15,23.33,HIGH_TEMPERATURE,1
2026-09-20 11:07:29,DT-001,FAULT,49.86,41.17,89.96,99.15,24.93,HIGH_TEMPERATURE,1
2026-09-20 11:07:30,DT-001,FAULT,52.22,39.56,90.08,99.15,23.15,HIGH_TEMPERATURE,1
2026-09-20 11:07:31,DT-001,FAULT,47.98,39.57,93.37,99.15,24.4,HIGH_TEMPERATURE,1
2026-09-20 11:07:32,DT-001,FAULT,46.59,39.4,94.72,99.14,21.69,HIGH_TEMPERATURE,1
2026-09-20 11:07:33,DT-001,NORMAL,47.59,38.88,88.58,99.14,18.97,NORMAL,0
2026-09-20 11:07:34,DT-001,NORMAL,43.26,40.11,83.04,99.14,20.47,NORMAL,0
2026-09-20 11:07:35,DT-001,NORMAL,42.4,38.59,78.29,99.13,18.25,NORMAL,0
2026-09-20 11:07:36,DT-001,NORMAL,41.37,38.27,74.88,99.12,18.99,NORMAL,0
2026-09-20 11:07:37,DT-001,NORMAL,42.87,37.77,71.64,99.11,19.11,NORMAL,0
2026-09-20 11:07:38,DT-001,NORMAL,40.46,36.77,68.54,99.11,20.11,NORMAL,0
2026-09-20 11:07:39,DT-001,NORMAL,38.27,37.17,66.07,99.11,21.85,NORMAL,0
2026-09-20 11:07:40,DT-001,NORMAL,38.1,35.81,63.29,99.11,21.31,NORMAL,0
2026-09-20 11:07:41,DT-001,FAULT,34.6,35.37,60.6,7.14,20.33,LOW_BATTERY,1
2026-09-20 11:07:42,DT-001,FAULT,34.23,35.94,58.4,3.54,18.87,LOW_BATTERY,1
2026-09-20 11:07:43,DT-001,FAULT,32.56,35.36,56.3,14.97,18.26,LOW_BATTERY,1
2026-09-20 11:07:44,DT-001,FAULT,33.84,35.38,54.01,1.9,19.11,LOW_BATTERY,1
2026-09-20 11:07:45,DT-001,FAULT,31.88,35.52,53.12,14.37,19.83,LOW_BATTERY,1
2026-09-20 11:07:46,DT-001,FAULT,29.09,36.41,52.01,4.14,22.14,LOW_BATTERY,1
2026-09-20 11:07:47,DT-001,NORMAL,27.92,35.14,50.26,100.0,23.74,NORMAL,0
2026-09-20 11:07:48,DT-001,NORMAL,28.43,35.73,48.52,99.99,22.06,NORMAL,0
2026-09-20 11:07:49,DT-001,NORMAL,26.85,37.77,47.67,99.98,21.94,NORMAL,0
2026-09-20 11:07:50,DT-001,NORMAL,28.59,38.1,46.28,99.98,19.88,NORMAL,0
2026-09-20 11:07:51,DT-001,NORMAL,29.79,38.72,45.35,99.98,20.28,NORMAL,0
2026-09-20 11:07:52,DT-001,NORMAL,31.06,38.51,44.33,99.98,19.82,NORMAL,0
2026-09-20 11:07:53,DT-001,NORMAL,30.24,39.47,43.93,99.98,18.81,NORMAL,0
2026-09-20 11:07:54,DT-001,NORMAL,27.96,40.87,44.0,99.97,21.53,NORMAL,0
2026-09-20 11:07:55,DT-001,NORMAL,27.38,41.68,43.97,99.96,18.91,NORMAL,0
2026-09-20 11:07:56,DT-001,NORMAL,26.18,42.15,43.35,99.96,17.9,NORMAL,0
2026-09-20 11:07:57,DT-001,NORMAL,28.78,40.22,42.41,99.95,17.63,NORMAL,0
2026-09-20 11:07:58,DT-001,NORMAL,27.77,40.47,42.63,99.95,20.13,NORMAL,0
2026-09-20 11:07:59,DT-001,NORMAL,29.24,39.95,42.44,99.94,18.38,NORMAL,0
2026-09-20 11:08:00,DT-001,NORMAL,28.41,41.65,42.15,99.93,16.17,NORMAL,0
2026-09-20 11:08:01,DT-001,NORMAL,26.07,42.16,41.3,99.93,15.14,NORMAL,0
2026-09-20 11:08:02,DT-001,NORMAL,24.89,42.9,40.96,99.92,14.32,NORMAL,0
2026-09-20 11:08:03,DT-001,NORMAL,26.53,42.23,40.46,99.92,12.74,NORMAL,0
2026-09-20 11:08:04,DT-001,NORMAL,27.42,42.1,40.74,99.91,13.71,NORMAL,0
2026-09-20 11:08:05,DT-001,NORMAL,26.05,42.23,40.85,99.91,12.81,NORMAL,0
2026-09-20 11:08:06,DT-001,NORMAL,25.49,41.02,41.32,99.9,14.73,NORMAL,0
2026-09-20 11:08:07,DT-001,NORMAL,28.2,41.32,41.19,99.89,14.33,NORMAL,0
2026-09-20 11:08:08,DT-001,NORMAL,28.17,41.19,40.94,99.89,16.86,NORMAL,0
2026-09-20 11:08:09,DT-001,NORMAL,25.71,39.94,41.31,99.88,14.63,NORMAL,0
2026-09-20 11:08:10,DT-001,NORMAL,27.64,38.54,40.64,99.87,17.46,NORMAL,0
2026-09-20 11:08:11,DT-001,NORMAL,27.22,38.59,40.87,99.87,16.55,NORMAL,0
2026-09-20 11:08:12,DT-001,NORMAL,25.44,39.54,40.66,99.87,17.55,NORMAL,0
2026-09-20 11:08:13,DT-001,NORMAL,25.18,40.64,40.07,99.87,16.77,NORMAL,0
2026-09-20 11:08:14,DT-001,NORMAL,23.63,40.67,40.45,99.86,17.31,NORMAL,0
2026-09-20 11:08:15,DT-001,NORMAL,23.71,40.52,40.89,99.86,18.96,NORMAL,0
2026-09-20 11:08:16,DT-001,NORMAL,22.56,41.27,41.44,99.85,19.1,NORMAL,0
2026-09-20 11:08:17,DT-001,NORMAL,23.04,40.55,41.18,99.85,21.53,NORMAL,0
2026-09-20 11:08:18,DT-001,NORMAL,25.67,39.75,41.09,99.85,22.71,NORMAL,0
2026-09-20 11:08:19,DT-001,NORMAL,26.81,40.78,40.75,99.84,21.88,NORMAL,0
2026-09-20 11:08:20,DT-001,NORMAL,28.69,39.07,40.95,99.84,19.68,NORMAL,0
2026-09-20 11:08:21,DT-001,NORMAL,26.22,37.51,40.41,99.83,19.82,NORMAL,0
2026-09-20 11:08:22,DT-001,NORMAL,26.01,39.15,39.78,99.82,17.29,NORMAL,0
2026-09-20 11:08:23,DT-001,NORMAL,26.17,38.58,40.15,99.82,15.81,NORMAL,0
2026-09-20 11:08:24,DT-001,NORMAL,28.7,38.21,40.6,99.82,14.52,NORMAL,0
2026-09-20 11:08:25,DT-001,NORMAL,28.75,39.64,40.43,99.81,17.24,NORMAL,0
2026-09-20 11:08:26,DT-001,NORMAL,31.49,40.87,40.08,99.8,15.44,NORMAL,0
2026-09-20 11:08:27,DT-001,NORMAL,31.63,41.84,40.77,99.79,15.05,NORMAL,0
2026-09-20 11:08:28,DT-001,NORMAL,33.43,43.14,41.04,99.79,15.04,NORMAL,0
2026-09-20 11:08:29,DT-001,NORMAL,33.87,43.24,40.39,99.79,14.84,NORMAL,0
2026-09-20 11:08:30,DT-001,NORMAL,30.88,44.07,40.36,99.78,15.79,NORMAL,0
2026-09-20 11:08:31,DT-001,NORMAL,29.66,43.93,40.95,99.77,15.96,NORMAL,0
2026-09-20 11:08:32,DT-001,NORMAL,31.35,43.19,41.0,99.76,18.75,NORMAL,0
2026-09-20 11:08:33,DT-001,NORMAL,31.89,43.98,41.43,99.76,20.66,NORMAL,0
2026-09-20 11:08:34,DT-001,NORMAL,33.1,44.47,41.54,99.75,22.51,NORMAL,0
2026-09-20 11:08:35,DT-001,NORMAL,32.91,42.74,41.8,99.74,23.0,NORMAL,0
2026-09-20 11:08:36,DT-001,NORMAL,30.71,42.7,41.32,99.74,24.79,NORMAL,0
2026-09-20 11:08:37,DT-001,NORMAL,32.22,43.72,41.84,99.73,22.19,NORMAL,0
2026-09-20 11:08:38,DT-001,NORMAL,33.66,42.35,42.06,99.72,21.6,NORMAL,0
2026-09-20 11:08:39,DT-001,NORMAL,35.78,40.51,42.03,99.72,21.75,NORMAL,0
2026-09-20 11:08:40,DT-001,NORMAL,35.96,40.31,41.71,99.71,22.34,NORMAL,0
2026-09-20 11:08:41,DT-001,NORMAL,33.83,40.5,42.25,99.71,22.68,NORMAL,0
2026-09-20 11:08:42,DT-001,NORMAL,34.32,41.92,42.24,99.7,22.52,NORMAL,0
2026-09-20 11:08:43,DT-001,NORMAL,34.22,39.99,42.48,99.7,19.59,NORMAL,0
2026-09-20 11:08:44,DT-001,NORMAL,33.3,40.58,42.92,99.69,19.99,NORMAL,0
2026-09-20 11:08:45,DT-001,NORMAL,30.43,41.62,43.04,99.68,21.41,NORMAL,0
2026-09-20 11:08:46,DT-001,NORMAL,28.48,42.03,42.15,99.68,21.66,NORMAL,0
2026-09-20 11:08:47,DT-001,NORMAL,29.33,43.36,41.53,99.67,23.16,NORMAL,0
2026-09-20 11:08:48,DT-001,NORMAL,31.19,44.4,41.76,99.66,21.84,NORMAL,0
2026-09-20 11:08:49,DT-001,NORMAL,33.36,42.59,42.08,99.66,21.11,NORMAL,0
2026-09-20 11:08:50,DT-001,NORMAL,33.49,43.31,42.37,99.65,23.15,NORMAL,0
2026-09-20 11:08:51,DT-001,NORMAL,34.94,41.77,42.5,99.65,23.74,NORMAL,0
2026-09-20 11:08:52,DT-001,NORMAL,34.99,43.06,42.09,99.64,21.3,NORMAL,0
2026-09-20 11:08:53,DT-001,NORMAL,33.88,41.68,41.28,99.64,21.77,NORMAL,0
2026-09-20 11:08:54,DT-001,NORMAL,35.24,39.81,41.79,99.64,19.2,NORMAL,0
2026-09-20 11:08:55,DT-001,NORMAL,32.45,40.29,41.0,99.63,16.87,NORMAL,0
2026-09-20 11:08:56,DT-001,NORMAL,30.46,40.73,40.46,99.62,16.88,NORMAL,0
2026-09-20 11:08:57,DT-001,NORMAL,28.49,41.49,40.01,99.62,14.58,NORMAL,0
2026-09-20 11:08:58,DT-001,NORMAL,28.33,40.55,39.52,99.61,14.85,NORMAL,0
2026-09-20 11:08:59,DT-001,NORMAL,27.97,41.8,39.82,99.61,14.52,NORMAL,0
2026-09-20 11:09:00,DT-001,NORMAL,25.97,42.96,40.16,99.6,17.36,NORMAL,0
2026-09-20 11:09:01,DT-001,NORMAL,28.98,42.9,40.77,99.6,19.12,NORMAL,0
2026-09-20 11:09:02,DT-001,FAULT,26.74,41.51,40.26,17.22,21.57,LOW_BATTERY,1
2026-09-20 11:09:03,DT-001,FAULT,26.07,42.14,39.76,2.85,23.9,LOW_BATTERY,1
2026-09-20 11:09:04,DT-001,FAULT,26.7,40.41,39.08,3.79,25.67,LOW_BATTERY,1
2026-09-20 11:09:05,DT-001,FAULT,24.88,40.74,38.45,5.05,26.45,LOW_BATTERY,1
2026-09-20 11:09:06,DT-001,FAULT,25.46,41.27,38.08,6.86,26.2,LOW_BATTERY,1
2026-09-20 11:09:07,DT-001,FAULT,23.87,40.13,37.66,5.5,24.48,LOW_BATTERY,1
2026-09-20 11:09:08,DT-001,FAULT,22.05,41.78,38.42,7.73,22.1,LOW_BATTERY,1
2026-09-20 11:09:09,DT-001,FAULT,22.9,43.31,37.99,5.02,24.56,LOW_BATTERY,1
2026-09-20 11:09:10,DT-001,FAULT,22.02,42.08,37.62,3.41,21.99,LOW_BATTERY,1
2026-09-20 11:09:11,DT-001,FAULT,22.62,42.92,38.1,1.24,20.1,LOW_BATTERY,1
2026-09-20 11:09:12,DT-001,FAULT,21.53,41.16,38.28,4.1,20.28,LOW_BATTERY,1
2026-09-20 11:09:13,DT-001,FAULT,23.07,40.18,39.07,6.78,20.65,LOW_BATTERY,1
2026-09-20 11:09:14,DT-001,FAULT,25.54,41.19,39.43,15.73,21.97,LOW_BATTERY,1
2026-09-20 11:09:15,DT-001,NORMAL,27.73,40.14,38.93,100.0,22.01,NORMAL,0
2026-09-20 11:09:16,DT-001,NORMAL,27.46,39.55,39.14,100.0,23.1,NORMAL,0
2026-09-20 11:09:17,DT-001,NORMAL,28.81,39.75,39.43,99.99,25.1,NORMAL,0
2026-09-20 11:09:18,DT-001,NORMAL,28.81,38.2,40.0,99.99,26.75,NORMAL,0
2026-09-20 11:09:19,DT-001,NORMAL,30.59,39.67,39.31,99.98,25.4,NORMAL,0
2026-09-20 11:09:20,DT-001,NORMAL,31.39,38.52,38.98,99.98,25.8,NORMAL,0
2026-09-20 11:09:21,DT-001,NORMAL,30.68,40.01,38.89,99.97,25.43,NORMAL,0
2026-09-20 11:09:22,DT-001,NORMAL,28.47,39.17,39.1,99.96,25.01,NORMAL,0
2026-09-20 11:09:23,DT-001,NORMAL,26.87,40.98,38.67,99.95,27.04,NORMAL,0
2026-09-20 11:09:24,DT-001,NORMAL,29.64,41.09,38.85,99.95,24.91,NORMAL,0
2026-09-20 11:09:25,DT-001,NORMAL,29.9,42.0,39.5,99.94,22.4,NORMAL,0
2026-09-20 11:09:26,DT-001,NORMAL,31.8,42.88,40.2,99.93,20.7,NORMAL,0
2026-09-20 11:09:27,DT-001,NORMAL,31.26,43.38,40.49,99.93,23.17,NORMAL,0
2026-09-20 11:09:28,DT-001,NORMAL,30.05,43.42,40.94,99.92,23.14,NORMAL,0
2026-09-20 11:09:29,DT-001,NORMAL,27.8,42.53,41.03,99.92,25.32,NORMAL,0
2026-09-20 11:09:30,DT-001,NORMAL,25.51,42.83,40.34,99.91,23.36,NORMAL,0
2026-09-20 11:09:31,DT-001,NORMAL,25.68,42.47,40.36,99.9,21.33,NORMAL,0
2026-09-20 11:09:32,DT-001,NORMAL,25.85,41.79,39.71,99.89,22.39,NORMAL,0
2026-09-20 11:09:33,DT-001,NORMAL,26.06,42.01,39.73,99.89,24.07,NORMAL,0
2026-09-20 11:09:34,DT-001,NORMAL,26.11,41.8,40.26,99.88,21.67,NORMAL,0
2026-09-20 11:09:35,DT-001,NORMAL,24.86,43.4,39.57,99.87,20.52,NORMAL,0
2026-09-20 11:09:36,DT-001,NORMAL,24.82,41.93,39.79,99.87,18.05,NORMAL,0
2026-09-20 11:09:37,DT-001,NORMAL,22.8,43.16,39.61,99.86,17.6,NORMAL,0
2026-09-20 11:09:38,DT-001,NORMAL,24.52,43.09,38.97,99.86,16.65,NORMAL,0
2026-09-20 11:09:39,DT-001,NORMAL,26.57,42.21,38.89,99.86,19.33,NORMAL,0
2026-09-20 11:09:40,DT-001,NORMAL,27.42,40.9,38.79,99.85,18.28,NORMAL,0
2026-09-20 11:09:41,DT-001,NORMAL,28.4,39.49,38.96,99.84,17.21,NORMAL,0
2026-09-20 11:09:42,DT-001,NORMAL,30.54,40.86,38.63,99.83,19.78,NORMAL,0
2026-09-20 11:09:43,DT-001,NORMAL,29.62,39.56,38.16,99.83,18.87,NORMAL,0
2026-09-20 11:09:44,DT-001,NORMAL,28.79,41.37,38.32,99.82,18.14,NORMAL,0
2026-09-20 11:09:45,DT-001,NORMAL,29.32,40.89,38.61,99.81,16.82,NORMAL,0
2026-09-20 11:09:46,DT-001,NORMAL,30.9,40.33,38.35,99.8,17.17,NORMAL,0
2026-09-20 11:09:47,DT-001,NORMAL,30.23,39.81,39.17,99.79,16.17,NORMAL,0
2026-09-20 11:09:48,DT-001,NORMAL,32.09,39.2,39.41,99.79,18.03,NORMAL,0
2026-09-20 11:09:49,DT-001,NORMAL,30.6,37.51,39.19,99.78,20.26,NORMAL,0
2026-09-20 11:09:50,DT-001,NORMAL,32.29,36.22,39.75,99.77,20.77,NORMAL,0
2026-09-20 11:09:51,DT-001,NORMAL,30.44,37.8,39.54,99.77,22.28,NORMAL,0
2026-09-20 11:09:52,DT-001,NORMAL,29.66,37.64,38.99,99.77,19.93,NORMAL,0
2026-09-20 11:09:53,DT-001,NORMAL,28.09,36.86,38.62,99.76,18.4,NORMAL,0
2026-09-20 11:09:54,DT-001,NORMAL,29.51,38.79,38.18,99.75,18.27,NORMAL,0
2026-09-20 11:09:55,DT-001,NORMAL,26.94,39.35,39.01,99.75,20.41,NORMAL,0
2026-09-20 11:09:56,DT-001,NORMAL,26.08,40.39,38.52,99.74,18.63,NORMAL,0
2026-09-20 11:09:57,DT-001,NORMAL,26.63,42.14,38.95,99.74,19.1,NORMAL,0
2026-09-20 11:09:58,DT-001,NORMAL,28.78,42.85,38.34,99.73,17.76,NORMAL,0
2026-09-20 11:09:59,DT-001,NORMAL,29.21,43.53,38.37,99.72,20.33,NORMAL,0
2026-09-20 11:10:00,DT-001,NORMAL,31.52,44.17,38.41,99.71,22.26,NORMAL,0
2026-09-20 11:10:01,DT-001,NORMAL,30.91,44.67,38.62,99.71,24.0,NORMAL,0
2026-09-20 11:10:02,DT-001,NORMAL,31.93,44.24,39.46,99.7,22.41,NORMAL,0
2026-09-20 11:10:03,DT-001,NORMAL,33.0,43.53,39.32,99.69,23.72,NORMAL,0
2026-09-20 11:10:04,DT-001,NORMAL,31.55,43.19,39.1,99.69,21.29,NORMAL,0
2026-09-20 11:10:05,DT-001,NORMAL,32.44,44.62,38.51,99.68,18.49,NORMAL,0
2026-09-20 11:10:06,DT-001,NORMAL,30.34,43.46,38.86,99.67,20.69,NORMAL,0
2026-09-20 11:10:07,DT-001,NORMAL,28.88,43.63,39.44,99.66,18.54,NORMAL,0
2026-09-20 11:10:08,DT-001,NORMAL,28.01,42.21,39.24,99.66,18.81,NORMAL,0
2026-09-20 11:10:09,DT-001,NORMAL,27.81,42.85,39.58,99.66,17.76,NORMAL,0
2026-09-20 11:10:10,DT-001,NORMAL,28.66,42.15,39.8,99.65,16.06,NORMAL,0
2026-09-20 11:10:11,DT-001,NORMAL,29.82,43.51,39.71,99.64,18.02,NORMAL,0
2026-09-20 11:10:12,DT-001,NORMAL,28.72,42.85,40.09,99.64,20.08,NORMAL,0
2026-09-20 11:10:13,DT-001,NORMAL,29.94,44.07,39.78,99.63,17.75,NORMAL,0
2026-09-20 11:10:14,DT-001,NORMAL,31.64,44.41,40.24,99.63,16.0,NORMAL,0
2026-09-20 11:10:15,DT-001,NORMAL,29.46,44.35,40.76,99.62,17.08,NORMAL,0
2026-09-20 11:10:16,DT-001,NORMAL,27.13,44.78,41.24,99.62,16.92,NORMAL,0
2026-09-20 11:10:17,DT-001,NORMAL,25.82,44.49,40.89,99.61,18.67,NORMAL,0
2026-09-20 11:10:18,DT-001,NORMAL,27.35,44.63,40.34,99.61,17.99,NORMAL,0
2026-09-20 11:10:19,DT-001,NORMAL,26.32,45.87,40.4,99.61,16.22,NORMAL,0
2026-09-20 11:10:20,DT-001,NORMAL,27.08,43.61,39.84,99.6,18.31,NORMAL,0
2026-09-20 11:10:21,DT-001,NORMAL,28.67,42.82,40.08,99.6,16.33,NORMAL,0
2026-09-20 11:10:22,DT-001,NORMAL,30.8,43.32,40.74,99.6,14.95,NORMAL,0
2026-09-20 11:10:23,DT-001,NORMAL,29.18,42.79,40.98,99.59,15.8,NORMAL,0
2026-09-20 11:10:24,DT-001,NORMAL,27.57,43.72,40.2,99.59,14.36,NORMAL,0
2026-09-20 11:10:25,DT-001,NORMAL,30.02,42.32,40.05,99.59,12.77,NORMAL,0
2026-09-20 11:10:26,DT-001,NORMAL,29.09,43.36,39.44,99.59,13.78,NORMAL,0
2026-09-20 11:10:27,DT-001,NORMAL,31.32,42.4,39.3,99.58,15.96,NORMAL,0
2026-09-20 11:10:28,DT-001,NORMAL,31.41,41.51,40.0,99.57,14.33,NORMAL,0
2026-09-20 11:10:29,DT-001,NORMAL,31.06,42.24,39.99,99.57,14.32,NORMAL,0
2026-09-20 11:10:30,DT-001,NORMAL,28.36,41.41,40.52,99.57,17.33,NORMAL,0
2026-09-20 11:10:31,DT-001,NORMAL,29.69,39.89,41.03,99.56,19.48,NORMAL,0
2026-09-20 11:10:32,DT-001,NORMAL,27.04,40.16,40.84,99.56,18.62,NORMAL,0
2026-09-20 11:10:33,DT-001,NORMAL,27.85,41.08,41.35,99.55,17.21,NORMAL,0
2026-09-20 11:10:34,DT-001,NORMAL,29.78,39.67,41.86,99.54,17.59,NORMAL,0
2026-09-20 11:10:35,DT-001,NORMAL,27.25,40.33,42.36,99.54,17.1,NORMAL,0
2026-09-20 11:10:36,DT-001,NORMAL,28.75,38.69,41.67,99.54,14.93,NORMAL,0
2026-09-20 11:10:37,DT-001,NORMAL,28.81,39.94,41.77,99.54,15.46,NORMAL,0
2026-09-20 11:10:38,DT-001,NORMAL,28.6,40.61,41.88,99.53,17.96,NORMAL,0
2026-09-20 11:10:39,DT-001,NORMAL,27.97,39.6,41.74,99.52,19.77,NORMAL,0
2026-09-20 11:10:40,DT-001,NORMAL,29.74,40.77,40.9,99.52,22.38,NORMAL,0
2026-09-20 11:10:41,DT-001,NORMAL,29.16,39.19,40.92,99.51,21.17,NORMAL,0
2026-09-20 11:10:42,DT-001,NORMAL,28.42,40.61,41.48,99.5,21.43,NORMAL,0
2026-09-20 11:10:43,DT-001,NORMAL,26.38,41.55,41.54,99.5,23.6,NORMAL,0
2026-09-20 11:10:44,DT-001,NORMAL,28.09,41.99,40.8,99.5,22.03,NORMAL,0
2026-09-20 11:10:45,DT-001,NORMAL,28.34,40.19,41.18,99.49,22.24,NORMAL,0
2026-09-20 11:10:46,DT-001,NORMAL,26.25,40.84,41.06,99.48,19.94,NORMAL,0
2026-09-20 11:10:47,DT-001,NORMAL,27.35,41.59,40.4,99.48,21.93,NORMAL,0
2026-09-20 11:10:48,DT-001,NORMAL,30.1,41.11,40.73,99.48,19.66,NORMAL,0
2026-09-20 11:10:49,DT-001,NORMAL,31.03,39.62,40.49,99.48,21.92,NORMAL,0
2026-09-20 11:10:50,DT-001,NORMAL,31.56,37.97,39.91,99.48,23.04,NORMAL,0
2026-09-20 11:10:51,DT-001,NORMAL,31.06,37.27,40.53,99.47,21.19,NORMAL,0
2026-09-20 11:10:52,DT-001,NORMAL,29.3,37.11,40.06,99.47,19.34,NORMAL,0
2026-09-20 11:10:53,DT-001,NORMAL,30.26,36.69,40.09,99.47,20.94,NORMAL,0
2026-09-20 11:10:54,DT-001,NORMAL,28.02,35.3,40.16,99.46,20.98,NORMAL,0
2026-09-20 11:10:55,DT-001,NORMAL,30.16,36.04,39.89,99.46,21.41,NORMAL,0
2026-09-20 11:10:56,DT-001,NORMAL,27.54,37.6,39.46,99.45,23.94,NORMAL,0
2026-09-20 11:10:57,DT-001,NORMAL,27.14,38.89,39.96,99.45,20.85,NORMAL,0
2026-09-20 11:10:58,DT-001,NORMAL,28.59,39.25,39.75,99.44,21.21,NORMAL,0
2026-09-20 11:10:59,DT-001,NORMAL,30.22,38.35,39.7,99.44,19.42,NORMAL,0
2026-09-20 11:11:00,DT-001,NORMAL,30.47,38.66,39.57,99.43,17.48,NORMAL,0
2026-09-20 11:11:01,DT-001,NORMAL,29.12,37.26,39.96,99.43,15.8,NORMAL,0
2026-09-20 11:11:02,DT-001,NORMAL,26.8,36.18,40.13,99.42,16.53,NORMAL,0
2026-09-20 11:11:03,DT-001,NORMAL,25.32,36.99,40.04,99.42,14.64,NORMAL,0
2026-09-20 11:11:04,DT-001,NORMAL,26.28,36.98,39.5,99.41,15.34,NORMAL,0
2026-09-20 11:11:05,DT-001,NORMAL,24.53,36.63,40.2,99.41,17.85,NORMAL,0
2026-09-20 11:11:06,DT-001,NORMAL,22.42,37.69,40.71,99.41,15.68,NORMAL,0
2026-09-20 11:11:07,DT-001,FAULT,28.75,38.15,95.31,99.4,15.7,HIGH_TEMPERATURE,1
2026-09-20 11:11:08,DT-001,FAULT,32.91,38.66,96.56,99.4,14.97,HIGH_TEMPERATURE,1
2026-09-20 11:11:09,DT-001,FAULT,31.5,40.02,78.06,99.39,15.26,HIGH_TEMPERATURE,1
2026-09-20 11:11:10,DT-001,FAULT,32.65,38.65,95.73,99.39,14.16,HIGH_TEMPERATURE,1
2026-09-20 11:11:11,DT-001,FAULT,34.03,37.81,88.76,99.39,17.14,HIGH_TEMPERATURE,1
2026-09-20 11:11:12,DT-001,FAULT,34.12,36.28,80.36,99.38,16.7,HIGH_TEMPERATURE,1
2026-09-20 11:11:13,DT-001,FAULT,37.74,35.24,89.18,99.38,14.79,HIGH_TEMPERATURE,1
2026-09-20 11:11:14,DT-001,FAULT,36.26,34.11,95.89,99.37,17.84,HIGH_TEMPERATURE,1
2026-09-20 11:11:15,DT-001,FAULT,39.15,36.33,80.51,99.37,17.52,HIGH_TEMPERATURE,1
2026-09-20 11:11:16,DT-001,FAULT,39.15,36.47,87.83,99.36,18.72,HIGH_TEMPERATURE,1
2026-09-20 11:11:17,DT-001,FAULT,42.77,36.81,99.99,99.36,17.95,HIGH_TEMPERATURE,1
2026-09-20 11:11:18,DT-001,FAULT,47.18,37.51,98.28,99.35,20.52,HIGH_TEMPERATURE,1
2026-09-20 11:11:19,DT-001,FAULT,48.26,37.53,83.29,99.35,18.12,HIGH_TEMPERATURE,1
2026-09-20 11:11:20,DT-001,FAULT,53.17,36.05,80.2,99.34,17.85,HIGH_TEMPERATURE,1
2026-09-20 11:11:21,DT-001,FAULT,53.87,34.73,88.68,99.34,17.77,HIGH_TEMPERATURE,1
2026-09-20 11:11:22,DT-001,FAULT,56.48,33.59,94.9,99.34,16.57,HIGH_TEMPERATURE,1
2026-09-20 11:11:23,DT-001,FAULT,57.14,34.46,90.63,99.33,17.97,HIGH_TEMPERATURE,1
2026-09-20 11:11:24,DT-001,NORMAL,55.55,34.35,85.1,99.33,18.76,NORMAL,0
2026-09-20 11:11:25,DT-001,NORMAL,53.48,35.45,80.73,99.33,21.12,NORMAL,0
2026-09-20 11:11:26,DT-001,NORMAL,51.29,35.88,76.26,99.33,20.81,NORMAL,0
2026-09-20 11:11:27,DT-001,NORMAL,47.11,35.98,72.78,99.32,18.58,NORMAL,0
2026-09-20 11:11:28,DT-001,NORMAL,47.86,35.12,69.48,99.31,18.64,NORMAL,0
2026-09-20 11:11:29,DT-001,NORMAL,44.71,36.8,66.91,99.3,17.21,NORMAL,0
2026-09-20 11:11:30,DT-001,NORMAL,43.32,37.44,63.91,99.3,15.41,NORMAL,0
2026-09-20 11:11:31,DT-001,NORMAL,43.65,36.14,61.99,99.3,17.94,NORMAL,0
2026-09-20 11:11:32,DT-001,NORMAL,44.74,35.23,59.38,99.29,17.93,NORMAL,0
2026-09-20 11:11:33,DT-001,NORMAL,45.13,34.29,57.31,99.29,19.01,NORMAL,0
2026-09-20 11:11:34,DT-001,NORMAL,44.32,35.44,55.23,99.28,21.28,NORMAL,0
2026-09-20 11:11:35,DT-001,NORMAL,45.45,34.39,53.52,99.27,21.77,NORMAL,0
2026-09-20 11:11:36,DT-001,NORMAL,43.93,36.73,52.29,99.26,23.74,NORMAL,0
2026-09-20 11:11:37,DT-001,NORMAL,42.23,35.34,51.55,99.26,23.84,NORMAL,0
2026-09-20 11:11:38,DT-001,NORMAL,41.88,34.11,50.85,99.26,23.71,NORMAL,0
2026-09-20 11:11:39,DT-001,NORMAL,39.4,34.83,49.28,99.26,25.75,NORMAL,0
2026-09-20 11:11:40,DT-001,NORMAL,38.58,36.2,47.97,99.25,27.73,NORMAL,0
2026-09-20 11:11:41,DT-001,NORMAL,40.05,36.72,46.54,99.24,27.17,NORMAL,0
2026-09-20 11:11:42,DT-001,NORMAL,38.08,37.65,46.36,99.24,24.77,NORMAL,0
2026-09-20 11:11:43,DT-001,NORMAL,36.19,37.54,46.1,99.24,26.64,NORMAL,0
2026-09-20 11:11:44,DT-001,NORMAL,35.57,38.92,45.16,99.23,26.9,NORMAL,0
2026-09-20 11:11:45,DT-001,NORMAL,35.04,38.9,45.01,99.23,28.9,NORMAL,0
2026-09-20 11:11:46,DT-001,NORMAL,34.41,39.5,44.17,99.22,26.55,NORMAL,0
2026-09-20 11:11:47,DT-001,NORMAL,36.15,38.07,43.87,99.22,25.5,NORMAL,0
2026-09-20 11:11:48,DT-001,NORMAL,35.82,37.35,43.47,99.22,26.62,NORMAL,0
2026-09-20 11:11:49,DT-001,NORMAL,33.75,38.42,42.91,99.21,25.74,NORMAL,0
2026-09-20 11:11:50,DT-001,NORMAL,35.02,39.19,42.47,99.2,22.71,NORMAL,0
2026-09-20 11:11:51,DT-001,NORMAL,34.09,39.77,42.71,99.2,22.69,NORMAL,0
2026-09-20 11:11:52,DT-001,NORMAL,36.04,39.54,42.1,99.2,20.54,NORMAL,0
2026-09-20 11:11:53,DT-001,NORMAL,33.56,39.0,41.73,99.19,22.83,NORMAL,0
2026-09-20 11:11:54,DT-001,NORMAL,31.82,39.57,41.23,99.19,19.85,NORMAL,0
2026-09-20 11:11:55,DT-001,NORMAL,34.12,40.62,40.77,99.18,20.92,NORMAL,0
2026-09-20 11:11:56,DT-001,NORMAL,31.23,40.33,41.39,99.18,18.95,NORMAL,0
2026-09-20 11:11:57,DT-001,NORMAL,31.25,40.66,40.63,99.18,20.85,NORMAL,0
2026-09-20 11:11:58,DT-001,NORMAL,28.83,42.39,40.01,99.17,23.44,NORMAL,0
2026-09-20 11:11:59,DT-001,NORMAL,29.81,43.9,40.21,99.17,24.82,NORMAL,0
2026-09-20 11:12:00,DT-001,NORMAL,29.33,42.55,40.15,99.17,21.64,NORMAL,0
2026-09-20 11:12:01,DT-001,NORMAL,28.04,43.8,39.88,99.16,20.94,NORMAL,0
2026-09-20 11:12:02,DT-001,NORMAL,29.32,44.9,39.69,99.15,22.2,NORMAL,0
2026-09-20 11:12:03,DT-001,NORMAL,28.1,44.83,39.62,99.14,24.0,NORMAL,0
2026-09-20 11:12:04,DT-001,NORMAL,27.07,45.38,39.54,99.14,23.43,NORMAL,0
2026-09-20 11:12:05,DT-001,NORMAL,29.5,46.39,38.96,99.13,24.17,NORMAL,0
2026-09-20 11:12:06,DT-001,NORMAL,29.95,45.92,38.4,99.13,25.96,NORMAL,0
2026-09-20 11:12:07,DT-001,FAULT,31.75,44.05,38.23,99.12,442.16,HIGH_NETWORK_LATENCY,1
2026-09-20 11:12:08,DT-001,FAULT,29.44,42.66,38.16,99.12,263.08,HIGH_NETWORK_LATENCY,1
2026-09-20 11:12:09,DT-001,FAULT,28.23,42.12,38.58,99.11,385.57,HIGH_NETWORK_LATENCY,1
2026-09-20 11:12:10,DT-001,FAULT,28.85,42.61,38.79,99.11,335.54,HIGH_NETWORK_LATENCY,1
2026-09-20 11:12:11,DT-001,FAULT,29.98,43.67,38.66,99.1,425.36,HIGH_NETWORK_LATENCY,1
2026-09-20 11:12:12,DT-001,FAULT,27.55,41.95,38.27,99.1,441.03,HIGH_NETWORK_LATENCY,1
2026-09-20 11:12:13,DT-001,FAULT,29.31,43.54,38.08,99.09,136.91,HIGH_NETWORK_LATENCY,1
2026-09-20 11:12:14,DT-001,FAULT,27.29,43.09,38.16,99.08,346.48,HIGH_NETWORK_LATENCY,1
2026-09-20 11:12:15,DT-001,FAULT,28.93,42.98,38.19,99.08,490.83,HIGH_NETWORK_LATENCY,1
2026-09-20 11:12:16,DT-001,FAULT,29.83,41.24,38.49,99.07,264.01,HIGH_NETWORK_LATENCY,1
2026-09-20 11:12:17,DT-001,FAULT,27.19,39.41,38.86,99.07,233.51,HIGH_NETWORK_LATENCY,1
2026-09-20 11:12:18,DT-001,FAULT,30.02,38.57,38.32,99.06,379.32,HIGH_NETWORK_LATENCY,1
2026-09-20 11:12:19,DT-001,FAULT,28.8,40.16,39.01,99.05,275.97,HIGH_NETWORK_LATENCY,1
2026-09-20 11:12:20,DT-001,FAULT,27.98,39.92,38.62,99.04,239.6,HIGH_NETWORK_LATENCY,1
2026-09-20 11:12:21,DT-001,FAULT,30.15,39.89,38.68,99.04,291.24,HIGH_NETWORK_LATENCY,1
2026-09-20 11:12:22,DT-001,FAULT,32.59,40.86,39.48,99.04,351.27,HIGH_NETWORK_LATENCY,1
2026-09-20 11:12:23,DT-001,FAULT,31.92,39.85,39.94,99.03,264.88,HIGH_NETWORK_LATENCY,1
2026-09-20 11:12:24,DT-001,FAULT,29.74,40.35,40.34,99.03,161.19,HIGH_NETWORK_LATENCY,1
2026-09-20 11:12:25,DT-001,FAULT,30.48,40.68,40.08,99.02,474.13,HIGH_NETWORK_LATENCY,1
2026-09-20 11:12:26,DT-001,NORMAL,32.35,39.24,39.57,99.02,430.13,NORMAL,0
2026-09-20 11:12:27,DT-001,NORMAL,34.62,39.24,39.84,99.02,387.14,NORMAL,0
2026-09-20 11:12:28,DT-001,NORMAL,31.82,37.62,39.25,99.01,353.04,NORMAL,0
2026-09-20 11:12:29,DT-001,NORMAL,33.86,39.12,39.78,99.01,321.34,NORMAL,0
2026-09-20 11:12:30,DT-001,NORMAL,36.14,37.43,40.38,99.01,289.09,NORMAL,0
2026-09-20 11:12:31,DT-001,NORMAL,38.13,37.62,40.34,99.0,260.54,NORMAL,0
2026-09-20 11:12:32,DT-001,NORMAL,37.73,39.24,40.1,98.99,238.63,NORMAL,0
2026-09-20 11:12:33,DT-001,NORMAL,35.74,38.0,40.4,98.98,218.67,NORMAL,0
2026-09-20 11:12:34,DT-001,NORMAL,34.76,36.93,39.8,98.98,197.21,NORMAL,0
2026-09-20 11:12:35,DT-001,NORMAL,35.55,38.62,39.6,98.98,180.55,NORMAL,0
2026-09-20 11:12:36,DT-001,NORMAL,36.98,38.87,39.58,98.97,166.21,NORMAL,0
2026-09-20 11:12:37,DT-001,NORMAL,38.89,40.6,39.15,98.97,152.52,NORMAL,0
2026-09-20 11:12:38,DT-001,NORMAL,36.56,39.91,38.88,98.97,141.86,NORMAL,0
2026-09-20 11:12:39,DT-001,NORMAL,33.37,41.52,38.64,98.96,128.51,NORMAL,0
2026-09-20 11:12:40,DT-001,NORMAL,34.33,42.7,39.27,98.96,115.72,NORMAL,0
2026-09-20 11:12:41,DT-001,NORMAL,36.24,44.17,39.04,98.95,107.58,NORMAL,0
2026-09-20 11:12:42,DT-001,NORMAL,35.57,45.34,39.47,98.94,98.56,NORMAL,0
2026-09-20 11:12:43,DT-001,NORMAL,34.46,43.75,39.76,98.94,91.66,NORMAL,0
2026-09-20 11:12:44,DT-001,NORMAL,32.23,42.26,40.26,98.93,85.5,NORMAL,0
2026-09-20 11:12:45,DT-001,NORMAL,34.16,41.51,39.54,98.93,80.57,NORMAL,0
2026-09-20 11:12:46,DT-001,NORMAL,35.28,43.02,40.05,98.92,75.68,NORMAL,0
2026-09-20 11:12:47,DT-001,NORMAL,34.14,44.5,40.74,98.92,70.35,NORMAL,0
2026-09-20 11:12:48,DT-001,NORMAL,32.46,45.47,40.42,98.92,64.27,NORMAL,0
2026-09-20 11:12:49,DT-001,NORMAL,34.49,45.64,40.57,98.92,57.51,NORMAL,0
2026-09-20 11:12:50,DT-001,NORMAL,33.72,45.1,40.53,98.92,53.36,NORMAL,0
2026-09-20 11:12:51,DT-001,NORMAL,32.15,43.7,40.73,98.91,48.74,NORMAL,0
2026-09-20 11:12:52,DT-001,NORMAL,32.11,44.48,41.2,98.91,45.73,NORMAL,0
2026-09-20 11:12:53,DT-001,NORMAL,31.63,45.06,40.51,98.9,43.97,NORMAL,0
2026-09-20 11:12:54,DT-001,NORMAL,32.69,43.9,40.67,98.9,41.77,NORMAL,0
2026-09-20 11:12:55,DT-001,NORMAL,32.49,42.63,40.66,98.89,40.25,NORMAL,0
2026-09-20 11:12:56,DT-001,NORMAL,34.87,42.47,40.99,98.88,39.66,NORMAL,0
2026-09-20 11:12:57,DT-001,NORMAL,33.34,43.97,40.86,98.88,39.51,NORMAL,0
2026-09-20 11:12:58,DT-001,NORMAL,34.84,44.23,40.42,98.88,39.24,NORMAL,0
2026-09-20 11:12:59,DT-001,NORMAL,36.98,43.95,41.05,98.87,35.56,NORMAL,0
2026-09-20 11:13:00,DT-001,NORMAL,34.68,43.76,40.55,98.86,34.12,NORMAL,0
2026-09-20 11:13:01,DT-001,NORMAL,35.8,42.13,39.94,98.86,32.97,NORMAL,0
2026-09-20 11:13:02,DT-001,NORMAL,37.48,40.68,40.49,98.86,29.91,NORMAL,0
2026-09-20 11:13:03,DT-001,NORMAL,39.03,41.37,40.53,98.85,27.0,NORMAL,0
2026-09-20 11:13:04,DT-001,NORMAL,36.05,40.1,40.01,98.85,23.94,NORMAL,0
2026-09-20 11:13:05,DT-001,NORMAL,35.24,39.66,39.35,98.85,25.39,NORMAL,0
2026-09-20 11:13:06,DT-001,NORMAL,36.7,41.2,39.67,98.85,22.81,NORMAL,0
2026-09-20 11:13:07,DT-001,NORMAL,37.75,39.96,39.54,98.84,20.16,NORMAL,0
2026-09-20 11:13:08,DT-001,NORMAL,39.12,39.21,39.32,98.84,22.54,NORMAL,0
2026-09-20 11:13:09,DT-001,NORMAL,39.59,40.32,39.07,98.83,23.73,NORMAL,0
2026-09-20 11:13:10,DT-001,NORMAL,36.67,39.62,39.03,98.82,22.36,NORMAL,0
2026-09-20 11:13:11,DT-001,NORMAL,33.83,37.87,39.46,98.81,21.89,NORMAL,0
2026-09-20 11:13:12,DT-001,NORMAL,35.7,36.3,39.97,98.81,20.78,NORMAL,0
2026-09-20 11:13:13,DT-001,NORMAL,34.48,37.87,39.73,98.8,18.25,NORMAL,0
2026-09-20 11:13:14,DT-001,NORMAL,36.17,37.69,39.43,98.8,20.62,NORMAL,0
2026-09-20 11:13:15,DT-001,NORMAL,34.86,39.24,39.78,98.8,22.67,NORMAL,0
2026-09-20 11:13:16,DT-001,NORMAL,37.0,37.52,39.73,98.79,21.86,NORMAL,0
2026-09-20 11:13:17,DT-001,NORMAL,38.55,36.94,39.93,98.79,22.29,NORMAL,0
2026-09-20 11:13:18,DT-001,NORMAL,38.03,36.15,39.82,98.79,22.35,NORMAL,0
2026-09-20 11:13:19,DT-001,NORMAL,38.44,36.76,39.7,98.79,21.9,NORMAL,0
2026-09-20 11:13:20,DT-001,FAULT,37.91,95.23,41.39,98.78,21.87,HIGH_MEMORY,1
2026-09-20 11:13:21,DT-001,FAULT,38.64,90.45,42.34,98.78,21.29,HIGH_MEMORY,1
2026-09-20 11:13:22,DT-001,FAULT,38.15,99.15,42.12,98.77,19.15,HIGH_MEMORY,1
2026-09-20 11:13:23,DT-001,FAULT,39.39,93.66,43.45,98.76,19.94,HIGH_MEMORY,1
2026-09-20 11:13:24,DT-001,FAULT,36.76,99.15,45.64,98.76,17.28,HIGH_MEMORY,1
2026-09-20 11:13:25,DT-001,FAULT,35.38,89.72,46.39,98.75,16.66,HIGH_MEMORY,1
2026-09-20 11:13:26,DT-001,FAULT,34.63,89.45,47.46,98.75,15.04,HIGH_MEMORY,1
2026-09-20 11:13:27,DT-001,FAULT,35.7,89.2,48.37,98.74,15.82,HIGH_MEMORY,1
2026-09-20 11:13:28,DT-001,FAULT,35.63,99.15,48.44,98.73,14.29,HIGH_MEMORY,1
2026-09-20 11:13:29,DT-001,FAULT,35.54,88.97,49.64,98.73,17.1,HIGH_MEMORY,1
2026-09-20 11:13:30,DT-001,FAULT,33.72,92.29,50.9,98.72,16.27,HIGH_MEMORY,1
2026-09-20 11:13:31,DT-001,FAULT,32.37,97.67,50.32,98.71,14.71,HIGH_MEMORY,1
2026-09-20 11:13:32,DT-001,FAULT,33.92,90.99,50.48,98.71,12.88,HIGH_MEMORY,1
2026-09-20 11:13:33,DT-001,FAULT,35.68,87.04,51.85,98.7,12.03,HIGH_MEMORY,1
2026-09-20 11:13:34,DT-001,FAULT,34.95,95.82,51.87,98.7,11.9,HIGH_MEMORY,1
2026-09-20 11:13:35,DT-001,FAULT,31.78,87.74,52.24,98.69,14.42,HIGH_MEMORY,1
2026-09-20 11:13:36,DT-001,FAULT,32.78,99.01,52.38,98.68,14.38,HIGH_MEMORY,1
2026-09-20 11:13:37,DT-001,FAULT,34.09,93.44,52.66,98.68,14.14,HIGH_MEMORY,1
2026-09-20 11:13:38,DT-001,NORMAL,31.48,88.36,52.08,98.68,16.59,NORMAL,0
2026-09-20 11:13:39,DT-001,NORMAL,29.22,84.66,50.28,98.67,14.66,NORMAL,0
2026-09-20 11:13:40,DT-001,NORMAL,30.61,79.22,49.7,98.67,12.79,NORMAL,0
2026-09-20 11:13:41,DT-001,NORMAL,28.93,73.61,48.12,98.66,12.5,NORMAL,0
2026-09-20 11:13:42,DT-001,FAULT,31.23,71.44,47.53,98.65,238.66,HIGH_NETWORK_LATENCY,1
2026-09-20 11:13:43,DT-001,FAULT,32.25,69.01,46.38,98.65,318.32,HIGH_NETWORK_LATENCY,1
2026-09-20 11:13:44,DT-001,FAULT,31.55,66.31,45.33,98.64,346.17,HIGH_NETWORK_LATENCY,1
2026-09-20 11:13:45,DT-001,FAULT,30.21,63.58,44.24,98.63,357.27,HIGH_NETWORK_LATENCY,1
2026-09-20 11:13:46,DT-001,FAULT,31.38,62.75,44.51,98.63,324.6,HIGH_NETWORK_LATENCY,1
2026-09-20 11:13:47,DT-001,FAULT,29.69,61.45,44.45,98.63,178.42,HIGH_NETWORK_LATENCY,1
2026-09-20 11:13:48,DT-001,FAULT,31.21,59.9,43.86,98.62,459.11,HIGH_NETWORK_LATENCY,1
2026-09-20 11:13:49,DT-001,FAULT,29.54,59.28,43.9,98.62,410.3,HIGH_NETWORK_LATENCY,1
2026-09-20 11:13:50,DT-001,FAULT,31.33,56.77,44.11,98.61,447.58,HIGH_NETWORK_LATENCY,1
2026-09-20 11:13:51,DT-001,FAULT,33.79,54.86,44.05,98.61,203.23,HIGH_NETWORK_LATENCY,1
2026-09-20 11:13:52,DT-001,FAULT,34.58,52.48,43.36,98.6,235.38,HIGH_NETWORK_LATENCY,1
2026-09-20 11:13:53,DT-001,FAULT,32.38,52.31,42.85,98.59,488.24,HIGH_NETWORK_LATENCY,1
2026-09-20 11:13:54,DT-001,FAULT,31.05,52.57,42.63,98.59,430.2,HIGH_NETWORK_LATENCY,1
2026-09-20 11:13:55,DT-001,NORMAL,32.05,50.93,42.29,98.59,386.91,NORMAL,0
2026-09-20 11:13:56,DT-001,NORMAL,30.01,50.07,42.39,98.59,347.7,NORMAL,0
2026-09-20 11:13:57,DT-001,NORMAL,32.18,48.43,41.49,98.58,313.9,NORMAL,0
2026-09-20 11:13:58,DT-001,FAULT,34.06,46.15,40.74,17.0,286.02,LOW_BATTERY,1
2026-09-20 11:13:59,DT-001,FAULT,31.47,47.28,39.98,17.02,258.31,LOW_BATTERY,1
2026-09-20 11:14:00,DT-001,FAULT,32.3,44.95,40.27,13.19,231.91,LOW_BATTERY,1
2026-09-20 11:14:01,DT-001,FAULT,31.38,43.5,40.7,2.41,211.79,LOW_BATTERY,1
2026-09-20 11:14:02,DT-001,FAULT,29.5,41.35,40.03,6.33,192.27,LOW_BATTERY,1
2026-09-20 11:14:03,DT-001,FAULT,31.13,41.45,40.56,8.1,173.2,LOW_BATTERY,1
2026-09-20 11:14:04,DT-001,FAULT,32.71,42.82,39.9,13.23,156.34,LOW_BATTERY,1
2026-09-20 11:14:05,DT-001,FAULT,30.73,43.9,40.58,5.41,143.71,LOW_BATTERY,1
2026-09-20 11:14:06,DT-001,NORMAL,31.29,41.82,40.21,100.0,131.3,NORMAL,0
2026-09-20 11:14:07,DT-001,NORMAL,32.26,42.88,40.14,99.99,122.49,NORMAL,0
2026-09-20 11:14:08,DT-001,NORMAL,32.52,42.11,39.44,99.99,113.6,NORMAL,0
2026-09-20 11:14:09,DT-001,NORMAL,29.62,41.51,40.16,99.99,106.78,NORMAL,0
2026-09-20 11:14:10,DT-001,NORMAL,27.03,42.05,40.26,99.99,97.28,NORMAL,0
2026-09-20 11:14:11,DT-001,NORMAL,29.37,41.58,40.24,99.98,90.96,NORMAL,0
2026-09-20 11:14:12,DT-001,NORMAL,29.66,41.88,40.81,99.97,86.51,NORMAL,0
2026-09-20 11:14:13,DT-001,NORMAL,30.32,43.1,41.39,99.97,81.26,NORMAL,0
2026-09-20 11:14:14,DT-001,NORMAL,29.6,43.04,40.74,99.96,72.82,NORMAL,0
2026-09-20 11:14:15,DT-001,NORMAL,32.15,42.98,40.78,99.96,66.98,NORMAL,0
2026-09-20 11:14:16,DT-001,NORMAL,34.17,43.85,40.06,99.95,63.46,NORMAL,0
2026-09-20 11:14:17,DT-001,NORMAL,31.29,44.17,39.69,99.95,57.85,NORMAL,0
2026-09-20 11:14:18,DT-001,NORMAL,32.33,45.4,39.95,99.94,52.93,NORMAL,0
2026-09-20 11:14:19,DT-001,NORMAL,34.6,44.41,39.56,99.94,49.59,NORMAL,0
2026-09-20 11:14:20,DT-001,NORMAL,36.02,42.73,39.36,99.94,47.35,NORMAL,0
2026-09-20 11:14:21,DT-001,NORMAL,33.11,41.42,39.25,99.94,46.77,NORMAL,0
2026-09-20 11:14:22,DT-001,NORMAL,30.67,41.41,38.87,99.93,42.4,NORMAL,0
2026-09-20 11:14:23,DT-001,NORMAL,31.7,40.01,39.4,99.93,42.08,NORMAL,0
2026-09-20 11:14:24,DT-001,NORMAL,32.81,38.33,38.79,99.92,39.45,NORMAL,0
2026-09-20 11:14:25,DT-001,NORMAL,31.75,36.71,39.3,99.92,39.74,NORMAL,0
2026-09-20 11:14:26,DT-001,NORMAL,30.19,35.79,39.95,99.92,37.18,NORMAL,0
2026-09-20 11:14:27,DT-001,NORMAL,28.2,37.75,39.64,99.91,37.94,NORMAL,0
2026-09-20 11:14:28,DT-001,NORMAL,28.15,38.89,40.39,99.9,38.75,NORMAL,0
2026-09-20 11:14:29,DT-001,NORMAL,30.26,40.3,39.76,99.9,37.38,NORMAL,0
2026-09-20 11:14:30,DT-001,NORMAL,28.44,38.63,40.43,99.9,36.56,NORMAL,0
2026-09-20 11:14:31,DT-001,NORMAL,30.2,40.16,39.87,99.89,35.02,NORMAL,0
2026-09-20 11:14:32,DT-001,NORMAL,29.98,40.01,39.2,99.89,30.82,NORMAL,0
2026-09-20 11:14:33,DT-001,NORMAL,27.77,39.45,38.79,99.88,30.01,NORMAL,0
2026-09-20 11:14:34,DT-001,NORMAL,27.62,41.15,38.34,99.87,30.23,NORMAL,0
2026-09-20 11:14:35,DT-001,NORMAL,27.06,42.51,38.92,99.87,31.42,NORMAL,0
2026-09-20 11:14:36,DT-001,NORMAL,28.36,42.5,38.93,99.86,30.3,NORMAL,0
2026-09-20 11:14:37,DT-001,NORMAL,27.83,42.43,38.43,99.85,28.26,NORMAL,0
2026-09-20 11:14:38,DT-001,NORMAL,29.08,42.08,38.88,99.85,27.73,NORMAL,0
2026-09-20 11:14:39,DT-001,NORMAL,26.74,43.64,38.76,99.85,27.15,NORMAL,0
2026-09-20 11:14:40,DT-001,NORMAL,27.63,42.26,38.96,99.84,28.82,NORMAL,0
2026-09-20 11:14:41,DT-001,NORMAL,28.31,43.47,39.5,99.84,30.43,NORMAL,0
2026-09-20 11:14:42,DT-001,NORMAL,26.07,41.67,39.57,99.84,30.76,NORMAL,0
2026-09-20 11:14:43,DT-001,NORMAL,24.05,41.68,39.78,99.83,30.36,NORMAL,0
2026-09-20 11:14:44,DT-001,NORMAL,23.18,42.1,39.3,99.83,28.12,NORMAL,0
2026-09-20 11:14:45,DT-001,NORMAL,22.67,40.85,38.84,99.82,27.45,NORMAL,0
2026-09-20 11:14:46,DT-001,NORMAL,22.98,42.4,38.76,99.82,25.06,NORMAL,0
2026-09-20 11:14:47,DT-001,FAULT,21.67,87.24,41.35,99.82,25.71,HIGH_MEMORY,1
2026-09-20 11:14:48,DT-001,FAULT,20.51,86.55,42.07,99.81,26.2,HIGH_MEMORY,1
2026-09-20 11:14:49,DT-001,FAULT,19.8,98.3,43.35,99.8,25.13,HIGH_MEMORY,1
2026-09-20 11:14:50,DT-001,FAULT,20.26,93.92,45.61,99.8,25.78,HIGH_MEMORY,1
2026-09-20 11:14:51,DT-001,FAULT,20.91,88.36,46.56,99.8,25.8,HIGH_MEMORY,1
2026-09-20 11:14:52,DT-001,NORMAL,22.64,85.29,45.31,99.79,26.91,NORMAL,0
2026-09-20 11:14:53,DT-001,NORMAL,21.07,80.04,45.3,99.79,28.63,NORMAL,0
2026-09-20 11:14:54,DT-001,NORMAL,24.43,75.02,45.41,99.79,26.4,NORMAL,0
2026-09-20 11:14:55,DT-001,NORMAL,25.21,70.71,45.05,99.78,23.88,NORMAL,0
2026-09-20 11:14:56,DT-001,NORMAL,27.68,69.22,44.43,99.78,21.09,NORMAL,0
2026-09-20 11:14:57,DT-001,NORMAL,29.99,67.99,43.86,99.77,20.4,NORMAL,0
2026-09-20 11:14:58,DT-001,NORMAL,32.03,63.53,43.09,99.77,18.49,NORMAL,0
2026-09-20 11:14:59,DT-001,NORMAL,33.47,60.68,42.15,99.76,20.15,NORMAL,0
2026-09-20 11:15:00,DT-001,NORMAL,32.04,56.95,42.61,99.76,18.49,NORMAL,0
2026-09-20 11:15:01,DT-001,NORMAL,33.3,56.03,42.44,99.76,17.58,NORMAL,0
2026-09-20 11:15:02,DT-001,NORMAL,31.17,53.31,42.7,99.75,17.46,NORMAL,0
2026-09-20 11:15:03,DT-001,NORMAL,28.83,53.67,42.08,99.75,18.61,NORMAL,0
2026-09-20 11:15:04,DT-001,NORMAL,30.24,53.89,41.95,99.74,19.68,NORMAL,0
2026-09-20 11:15:05,DT-001,NORMAL,30.29,52.55,42.31,99.74,20.98,NORMAL,0
2026-09-20 11:15:06,DT-001,NORMAL,30.77,51.97,41.5,99.74,20.39,NORMAL,0
2026-09-20 11:15:07,DT-001,NORMAL,31.91,52.24,41.65,99.73,20.73,NORMAL,0
2026-09-20 11:15:08,DT-001,NORMAL,30.21,51.23,41.93,99.72,21.85,NORMAL,0
2026-09-20 11:15:09,DT-001,NORMAL,29.01,49.96,42.39,99.71,22.56,NORMAL,0
2026-09-20 11:15:10,DT-001,NORMAL,27.68,48.05,42.8,99.7,19.79,NORMAL,0
2026-09-20 11:15:11,DT-001,NORMAL,25.63,47.99,42.33,99.69,19.81,NORMAL,0
2026-09-20 11:15:12,DT-001,FAULT,32.01,48.19,88.99,99.69,20.78,HIGH_TEMPERATURE,1
2026-09-20 11:15:13,DT-001,FAULT,35.86,48.14,98.74,99.68,21.9,HIGH_TEMPERATURE,1
2026-09-20 11:15:14,DT-001,FAULT,35.74,46.24,99.8,99.67,22.05,HIGH_TEMPERATURE,1
2026-09-20 11:15:15,DT-001,FAULT,39.08,46.44,87.48,99.67,23.51,HIGH_TEMPERATURE,1
2026-09-20 11:15:16,DT-001,FAULT,37.82,44.63,78.17,99.67,24.22,HIGH_TEMPERATURE,1
2026-09-20 11:15:17,DT-001,FAULT,40.86,44.6,82.08,99.66,25.5,HIGH_TEMPERATURE,1
2026-09-20 11:15:18,DT-001,FAULT,38.41,45.17,87.83,99.66,23.88,HIGH_TEMPERATURE,1
2026-09-20 11:15:19,DT-001,FAULT,42.79,42.9,95.09,99.66,22.09,HIGH_TEMPERATURE,1
2026-09-20 11:15:20,DT-001,FAULT,40.78,41.46,92.69,99.65,19.46,HIGH_TEMPERATURE,1
2026-09-20 11:15:21,DT-001,FAULT,43.82,40.22,80.56,99.65,19.06,HIGH_TEMPERATURE,1
2026-09-20 11:15:22,DT-001,FAULT,46.82,39.17,92.47,99.64,18.68,HIGH_TEMPERATURE,1
2026-09-20 11:15:23,DT-001,FAULT,45.48,40.72,94.08,99.64,19.6,HIGH_TEMPERATURE,1
2026-09-20 11:15:24,DT-001,FAULT,46.33,40.13,94.06,99.63,17.37,HIGH_TEMPERATURE,1
2026-09-20 11:15:25,DT-001,FAULT,50.64,40.32,92.47,99.63,19.34,HIGH_TEMPERATURE,1
2026-09-20 11:15:26,DT-001,FAULT,51.28,41.69,92.97,99.63,18.15,HIGH_TEMPERATURE,1
2026-09-20 11:15:27,DT-001,FAULT,52.52,40.12,98.54,99.62,20.33,HIGH_TEMPERATURE,1
2026-09-20 11:15:28,DT-001,NORMAL,49.79,39.54,93.04,99.62,22.48,NORMAL,0
2026-09-20 11:15:29,DT-001,NORMAL,45.82,39.34,88.0,99.61,20.59,NORMAL,0
2026-09-20 11:15:30,DT-001,FAULT,49.69,37.77,95.9,99.61,22.23,HIGH_TEMPERATURE,1
2026-09-20 11:15:31,DT-001,FAULT,45.49,39.53,79.0,99.6,22.86,HIGH_TEMPERATURE,1
2026-09-20 11:15:32,DT-001,FAULT,45.37,40.86,85.04,99.6,21.54,HIGH_TEMPERATURE,1
2026-09-20 11:15:33,DT-001,FAULT,46.86,39.41,93.23,99.59,23.92,HIGH_TEMPERATURE,1
2026-09-20 11:15:34,DT-001,FAULT,51.97,40.41,99.86,99.59,21.29,HIGH_TEMPERATURE,1
2026-09-20 11:15:35,DT-001,FAULT,49.03,39.29,95.06,99.58,19.3,HIGH_TEMPERATURE,1
2026-09-20 11:15:36,DT-001,NORMAL,47.67,38.23,89.88,99.58,20.9,NORMAL,0
2026-09-20 11:15:37,DT-001,NORMAL,47.09,40.08,84.68,99.57,21.67,NORMAL,0
2026-09-20 11:15:38,DT-001,NORMAL,43.94,38.88,80.41,99.56,21.19,NORMAL,0
2026-09-20 11:15:39,DT-001,NORMAL,40.88,39.08,76.53,99.56,20.34,NORMAL,0
2026-09-20 11:15:40,DT-001,NORMAL,40.83,40.59,73.35,99.55,18.82,NORMAL,0
2026-09-20 11:15:41,DT-001,NORMAL,39.36,40.56,70.7,99.55,16.73,NORMAL,0
2026-09-20 11:15:42,DT-001,NORMAL,40.99,38.86,67.18,99.54,18.62,NORMAL,0
2026-09-20 11:15:43,DT-001,NORMAL,39.92,37.75,64.97,99.54,16.59,NORMAL,0
2026-09-20 11:15:44,DT-001,NORMAL,37.07,36.53,62.68,99.53,19.52,NORMAL,0
2026-09-20 11:15:45,DT-001,NORMAL,38.86,37.52,60.6,99.53,17.35,NORMAL,0
2026-09-20 11:15:46,DT-001,NORMAL,38.88,39.0,58.45,99.52,16.33,NORMAL,0
2026-09-20 11:15:47,DT-001,NORMAL,39.5,39.02,56.35,99.51,14.71,NORMAL,0
2026-09-20 11:15:48,DT-001,NORMAL,41.08,38.1,54.99,99.51,17.68,NORMAL,0
2026-09-20 11:15:49,DT-001,NORMAL,40.02,38.77,53.86,99.51,20.6,NORMAL,0
2026-09-20 11:15:50,DT-001,NORMAL,41.67,40.19,52.57,99.5,21.43,NORMAL,0
2026-09-20 11:15:51,DT-001,NORMAL,42.45,39.01,51.97,99.5,20.62,NORMAL,0
2026-09-20 11:15:52,DT-001,NORMAL,41.84,40.88,50.36,99.49,22.72,NORMAL,0
2026-09-20 11:15:53,DT-001,NORMAL,42.8,41.84,49.29,99.48,20.11,NORMAL,0
2026-09-20 11:15:54,DT-001,NORMAL,41.69,40.83,48.63,99.48,17.96,NORMAL,0
2026-09-20 11:15:55,DT-001,NORMAL,40.44,40.09,48.28,99.47,19.64,NORMAL,0
2026-09-20 11:15:56,DT-001,NORMAL,38.45,38.33,47.68,99.46,19.05,NORMAL,0
2026-09-20 11:15:57,DT-001,NORMAL,35.21,39.52,47.15,99.46,20.92,NORMAL,0
2026-09-20 11:15:58,DT-001,NORMAL,33.96,37.99,46.77,99.45,18.37,NORMAL,0
2026-09-20 11:15:59,DT-001,NORMAL,33.94,39.27,46.72,99.45,17.82,NORMAL,0
2026-09-20 11:16:00,DT-001,NORMAL,34.73,37.8,46.14,99.44,17.19,NORMAL,0
2026-09-20 11:16:01,DT-001,NORMAL,31.65,39.58,44.94,99.43,17.97,NORMAL,0
2026-09-20 11:16:02,DT-001,NORMAL,30.52,39.79,44.24,99.43,18.05,NORMAL,0
2026-09-20 11:16:03,DT-001,FAULT,29.14,94.78,43.97,99.43,18.91,HIGH_MEMORY,1
2026-09-20 11:16:04,DT-001,FAULT,30.46,96.28,44.44,99.42,19.4,HIGH_MEMORY,1
2026-09-20 11:16:05,DT-001,FAULT,32.83,93.5,45.33,99.41,18.95,HIGH_MEMORY,1
2026-09-20 11:16:06,DT-001,FAULT,31.01,94.03,46.44,99.41,16.79,HIGH_MEMORY,1
2026-09-20 11:16:07,DT-001,FAULT,28.92,95.43,47.99,99.41,19.59,HIGH_MEMORY,1
2026-09-20 11:16:08,DT-001,NORMAL,28.89,90.05,46.98,99.4,21.99,NORMAL,0
2026-09-20 11:16:09,DT-001,NORMAL,30.0,86.48,46.57,99.4,19.71,NORMAL,0
2026-09-20 11:16:10,DT-001,NORMAL,31.46,81.22,45.46,99.39,20.67,NORMAL,0
2026-09-20 11:16:11,DT-001,NORMAL,32.05,75.95,44.37,99.39,18.56,NORMAL,0
2026-09-20 11:16:12,DT-001,NORMAL,33.7,73.35,43.92,99.38,21.36,NORMAL,0
2026-09-20 11:16:13,DT-001,NORMAL,33.09,71.53,43.5,99.38,18.53,NORMAL,0
2026-09-20 11:16:14,DT-001,NORMAL,33.11,68.0,42.87,99.37,18.33,NORMAL,0
2026-09-20 11:16:15,DT-001,NORMAL,33.19,65.54,43.19,99.36,16.28,NORMAL,0
2026-09-20 11:16:16,DT-001,NORMAL,32.25,62.43,43.15,99.36,18.58,NORMAL,0
2026-09-20 11:16:17,DT-001,NORMAL,31.53,59.66,43.12,99.36,16.23,NORMAL,0
2026-09-20 11:16:18,DT-001,NORMAL,33.94,57.93,42.98,99.35,16.29,NORMAL,0
2026-09-20 11:16:19,DT-001,NORMAL,34.27,56.68,42.16,99.34,15.16,NORMAL,0
2026-09-20 11:16:20,DT-001,NORMAL,34.9,55.35,42.26,99.34,14.83,NORMAL,0
2026-09-20 11:16:21,DT-001,NORMAL,32.58,53.5,41.61,99.33,17.98,NORMAL,0
2026-09-20 11:16:22,DT-001,NORMAL,32.94,53.65,41.62,99.33,18.56,NORMAL,0
2026-09-20 11:16:23,DT-001,NORMAL,32.07,53.8,41.34,99.32,17.62,NORMAL,0
2026-09-20 11:16:24,DT-001,NORMAL,30.57,53.87,41.81,99.32,16.82,NORMAL,0
2026-09-20 11:16:25,DT-001,NORMAL,28.21,53.91,41.79,99.31,19.45,NORMAL,0
2026-09-20 11:16:26,DT-001,NORMAL,29.76,51.59,41.91,99.3,18.29,NORMAL,0
2026-09-20 11:16:27,DT-001,NORMAL,28.3,51.8,42.26,99.3,18.6,NORMAL,0
2026-09-20 11:16:28,DT-001,NORMAL,29.32,50.84,41.52,99.3,17.81,NORMAL,0
2026-09-20 11:16:29,DT-001,NORMAL,29.96,49.68,42.0,99.29,18.94,NORMAL,0
2026-09-20 11:16:30,DT-001,NORMAL,31.42,48.79,42.31,99.29,17.7,NORMAL,0
2026-09-20 11:16:31,DT-001,NORMAL,28.62,49.33,42.19,99.29,18.96,NORMAL,0
2026-09-20 11:16:32,DT-001,NORMAL,28.65,46.75,41.72,99.28,19.16,NORMAL,0
2026-09-20 11:16:33,DT-001,NORMAL,29.49,47.1,41.36,99.27,19.71,NORMAL,0
2026-09-20 11:16:34,DT-001,NORMAL,27.52,45.47,40.57,99.27,19.38,NORMAL,0
2026-09-20 11:16:35,DT-001,NORMAL,30.08,43.66,40.67,99.26,21.18,NORMAL,0
2026-09-20 11:16:36,DT-001,NORMAL,31.35,42.77,40.08,99.26,22.33,NORMAL,0
2026-09-20 11:16:37,DT-001,NORMAL,33.15,43.81,40.11,99.26,20.42,NORMAL,0
2026-09-20 11:16:38,DT-001,NORMAL,33.53,44.65,40.77,99.25,20.0,NORMAL,0
2026-09-20 11:16:39,DT-001,NORMAL,35.46,44.58,41.33,99.25,19.25,NORMAL,0
2026-09-20 11:16:40,DT-001,NORMAL,33.61,43.5,41.04,99.25,17.83,NORMAL,0
2026-09-20 11:16:41,DT-001,NORMAL,32.56,44.53,40.64,99.25,19.82,NORMAL,0
2026-09-20 11:16:42,DT-001,NORMAL,33.22,42.77,41.09,99.24,19.61,NORMAL,0
2026-09-20 11:16:43,DT-001,NORMAL,32.4,43.05,40.29,99.24,19.38,NORMAL,0
2026-09-20 11:16:44,DT-001,NORMAL,32.18,43.44,40.69,99.24,21.18,NORMAL,0
2026-09-20 11:16:45,DT-001,NORMAL,29.44,44.15,41.33,99.23,22.2,NORMAL,0
2026-09-20 11:16:46,DT-001,NORMAL,29.87,42.94,41.56,99.22,20.11,NORMAL,0
2026-09-20 11:16:47,DT-001,NORMAL,27.67,43.24,41.39,99.21,17.74,NORMAL,0
2026-09-20 11:16:48,DT-001,NORMAL,30.56,42.2,41.74,99.21,16.5,NORMAL,0
2026-09-20 11:16:49,DT-001,NORMAL,32.31,43.59,41.08,99.2,17.44,NORMAL,0
2026-09-20 11:16:50,DT-001,NORMAL,31.49,42.08,41.33,99.2,19.07,NORMAL,0
2026-09-20 11:16:51,DT-001,NORMAL,29.72,40.56,41.91,99.19,17.73,NORMAL,0
2026-09-20 11:16:52,DT-001,NORMAL,27.77,40.14,42.43,99.19,19.99,NORMAL,0
2026-09-20 11:16:53,DT-001,NORMAL,26.48,39.24,42.14,99.19,21.03,NORMAL,0
2026-09-20 11:16:54,DT-001,NORMAL,26.44,39.16,42.55,99.19,22.85,NORMAL,0
2026-09-20 11:16:55,DT-001,NORMAL,26.68,39.64,42.66,99.19,24.72,NORMAL,0
2026-09-20 11:16:56,DT-001,NORMAL,25.81,39.21,41.75,99.18,22.48,NORMAL,0
2026-09-20 11:16:57,DT-001,NORMAL,26.67,40.26,42.03,99.17,19.69,NORMAL,0
2026-09-20 11:16:58,DT-001,NORMAL,29.26,41.29,41.18,99.17,19.5,NORMAL,0
2026-09-20 11:16:59,DT-001,NORMAL,30.96,42.27,41.49,99.16,16.94,NORMAL,0
2026-09-20 11:17:00,DT-001,NORMAL,29.04,40.83,41.76,99.16,19.3,NORMAL,0
2026-09-20 11:17:01,DT-001,NORMAL,30.83,41.55,42.19,99.15,21.44,NORMAL,0
2026-09-20 11:17:02,DT-001,NORMAL,32.24,39.96,42.57,99.15,22.33,NORMAL,0
2026-09-20 11:17:03,DT-001,NORMAL,30.72,38.55,42.73,99.14,24.05,NORMAL,0
2026-09-20 11:17:04,DT-001,NORMAL,28.22,38.19,42.51,99.14,25.92,NORMAL,0
2026-09-20 11:17:05,DT-001,NORMAL,29.36,38.83,42.03,99.13,22.97,NORMAL,0
2026-09-20 11:17:06,DT-001,NORMAL,29.96,40.04,41.95,99.12,22.05,NORMAL,0
2026-09-20 11:17:07,DT-001,NORMAL,28.78,39.15,41.77,99.11,24.26,NORMAL,0
2026-09-20 11:17:08,DT-001,NORMAL,29.59,39.06,41.98,99.11,22.14,NORMAL,0
2026-09-20 11:17:09,DT-001,NORMAL,27.4,37.52,41.82,99.1,19.45,NORMAL,0
2026-09-20 11:17:10,DT-001,NORMAL,30.26,37.96,42.08,99.1,17.08,NORMAL,0
2026-09-20 11:17:11,DT-001,NORMAL,32.81,36.63,42.39,99.09,17.29,NORMAL,0
2026-09-20 11:17:12,DT-001,NORMAL,34.13,38.53,42.29,99.08,18.03,NORMAL,0
2026-09-20 11:17:13,DT-001,NORMAL,32.38,38.15,42.2,99.08,20.38,NORMAL,0
2026-09-20 11:17:14,DT-001,NORMAL,29.99,37.17,42.57,99.07,21.68,NORMAL,0
2026-09-20 11:17:15,DT-001,NORMAL,30.31,36.31,41.62,99.06,19.62,NORMAL,0
2026-09-20 11:17:16,DT-001,NORMAL,28.53,37.32,41.72,99.06,21.71,NORMAL,0
2026-09-20 11:17:17,DT-001,NORMAL,31.15,39.06,41.9,99.06,21.75,NORMAL,0
2026-09-20 11:17:18,DT-001,NORMAL,33.6,38.41,41.63,99.05,18.97,NORMAL,0
2026-09-20 11:17:19,DT-001,NORMAL,33.34,38.6,41.58,99.04,17.84,NORMAL,0
2026-09-20 11:17:20,DT-001,FAULT,34.95,94.18,43.06,99.04,17.24,HIGH_MEMORY,1
2026-09-20 11:17:21,DT-001,FAULT,32.78,90.96,44.2,99.03,19.7,HIGH_MEMORY,1
2026-09-20 11:17:22,DT-001,FAULT,30.93,87.77,45.8,99.03,18.29,HIGH_MEMORY,1
2026-09-20 11:17:23,DT-001,FAULT,30.7,91.28,46.56,99.02,16.59,HIGH_MEMORY,1
2026-09-20 11:17:24,DT-001,FAULT,29.82,93.59,48.24,99.02,17.76,HIGH_MEMORY,1
2026-09-20 11:17:25,DT-001,NORMAL,28.68,86.69,48.03,99.01,19.44,NORMAL,0
2026-09-20 11:17:26,DT-001,NORMAL,26.93,81.36,47.6,99.01,18.96,NORMAL,0
2026-09-20 11:17:27,DT-001,NORMAL,27.04,78.02,46.34,99.0,20.83,NORMAL,0
2026-09-20 11:17:28,DT-001,NORMAL,28.22,75.85,45.05,99.0,19.86,NORMAL,0
2026-09-20 11:17:29,DT-001,NORMAL,28.48,72.79,44.61,99.0,18.28,NORMAL,0
2026-09-20 11:17:30,DT-001,NORMAL,29.46,70.45,43.49,99.0,18.64,NORMAL,0
2026-09-20 11:17:31,DT-001,NORMAL,30.62,66.17,43.6,98.99,20.67,NORMAL,0
2026-09-20 11:17:32,DT-001,NORMAL,32.33,64.57,43.06,98.99,21.48,NORMAL,0
2026-09-20 11:17:33,DT-001,NORMAL,33.24,62.25,43.28,98.99,21.52,NORMAL,0
2026-09-20 11:17:34,DT-001,NORMAL,31.83,58.26,43.34,98.99,20.44,NORMAL,0
2026-09-20 11:17:35,DT-001,NORMAL,29.26,55.74,42.72,98.98,22.21,NORMAL,0
2026-09-20 11:17:36,DT-001,FAULT,29.71,54.18,43.07,98.98,212.93,HIGH_NETWORK_LATENCY,1
2026-09-20 11:17:37,DT-001,FAULT,28.73,52.14,43.11,98.98,479.38,HIGH_NETWORK_LATENCY,1
2026-09-20 11:17:38,DT-001,FAULT,28.32,50.24,43.15,98.97,202.73,HIGH_NETWORK_LATENCY,1
2026-09-20 11:17:39,DT-001,FAULT,29.34,47.82,42.32,98.96,188.04,HIGH_NETWORK_LATENCY,1
2026-09-20 11:17:40,DT-001,FAULT,27.75,45.3,42.36,98.96,216.12,HIGH_NETWORK_LATENCY,1
2026-09-20 11:17:41,DT-001,FAULT,26.45,46.47,41.81,98.95,454.39,HIGH_NETWORK_LATENCY,1
2026-09-20 11:17:42,DT-001,FAULT,28.27,46.55,41.07,98.95,178.3,HIGH_NETWORK_LATENCY,1
2026-09-20 11:17:43,DT-001,FAULT,29.85,46.21,41.1,98.94,320.2,HIGH_NETWORK_LATENCY,1
2026-09-20 11:17:44,DT-001,FAULT,30.69,45.64,40.55,98.94,203.35,HIGH_NETWORK_LATENCY,1
2026-09-20 11:17:45,DT-001,FAULT,30.25,44.75,40.84,98.93,143.71,HIGH_NETWORK_LATENCY,1
2026-09-20 11:17:46,DT-001,NORMAL,28.59,43.05,40.52,98.92,129.65,NORMAL,0
2026-09-20 11:17:47,DT-001,NORMAL,27.77,41.12,40.92,98.92,120.78,NORMAL,0
2026-09-20 11:17:48,DT-001,NORMAL,28.26,39.21,40.62,98.91,112.99,NORMAL,0
2026-09-20 11:17:49,DT-001,NORMAL,29.06,39.87,40.65,98.91,101.32,NORMAL,0
2026-09-20 11:17:50,DT-001,NORMAL,30.22,38.67,40.52,98.9,91.8,NORMAL,0
2026-09-20 11:17:51,DT-001,NORMAL,32.05,40.58,40.05,98.89,85.21,NORMAL,0
2026-09-20 11:17:52,DT-001,NORMAL,33.41,42.17,39.63,98.89,80.85,NORMAL,0
2026-09-20 11:17:53,DT-001,NORMAL,32.19,40.57,39.86,98.88,76.45,NORMAL,0
2026-09-20 11:17:54,DT-001,NORMAL,31.44,40.14,39.3,98.88,69.75,NORMAL,0
2026-09-20 11:17:55,DT-001,NORMAL,28.6,38.6,38.87,98.88,62.92,NORMAL,0
2026-09-20 11:17:56,DT-001,NORMAL,29.91,37.48,39.24,98.87,59.88,NORMAL,0
2026-09-20 11:17:57,DT-001,NORMAL,32.07,37.6,39.46,98.86,56.04,NORMAL,0
2026-09-20 11:17:58,DT-001,NORMAL,34.23,38.69,39.8,98.85,54.57,NORMAL,0
2026-09-20 11:17:59,DT-001,NORMAL,31.62,37.18,40.19,98.85,52.87,NORMAL,0
2026-09-20 11:18:00,DT-001,NORMAL,32.18,39.02,40.2,98.84,51.28,NORMAL,0
2026-09-20 11:18:01,DT-001,NORMAL,29.67,37.78,40.33,98.83,46.08,NORMAL,0
2026-09-20 11:18:02,DT-001,NORMAL,30.76,37.47,40.44,98.82,43.65,NORMAL,0
2026-09-20 11:18:03,DT-001,NORMAL,31.72,37.18,40.39,98.82,38.68,NORMAL,0
2026-09-20 11:18:04,DT-001,NORMAL,32.8,38.19,40.17,98.81,38.55,NORMAL,0
2026-09-20 11:18:05,DT-001,NORMAL,33.94,38.77,39.94,98.8,34.74,NORMAL,0
2026-09-20 11:18:06,DT-001,NORMAL,32.51,38.92,40.04,98.79,32.42,NORMAL,0
2026-09-20 11:18:07,DT-001,NORMAL,31.04,38.8,40.24,98.78,32.47,NORMAL,0
2026-09-20 11:18:08,DT-001,NORMAL,31.36,39.3,40.13,98.78,29.29,NORMAL,0
2026-09-20 11:18:09,DT-001,NORMAL,30.81,41.13,39.84,98.77,28.76,NORMAL,0
2026-09-20 11:18:10,DT-001,NORMAL,28.14,39.23,40.26,98.76,28.89,NORMAL,0
2026-09-20 11:18:11,DT-001,NORMAL,28.65,39.98,40.74,98.76,26.79,NORMAL,0
2026-09-20 11:18:12,DT-001,NORMAL,27.13,40.37,40.67,98.76,25.63,NORMAL,0
2026-09-20 11:18:13,DT-001,NORMAL,29.25,40.4,40.79,98.76,26.33,NORMAL,0
2026-09-20 11:18:14,DT-001,NORMAL,29.5,42.15,40.41,98.75,23.14,NORMAL,0
2026-09-20 11:18:15,DT-001,NORMAL,26.9,42.31,40.61,98.75,22.26,NORMAL,0
2026-09-20 11:18:16,DT-001,FAULT,29.03,90.95,41.0,98.74,21.81,HIGH_MEMORY,1
2026-09-20 11:18:17,DT-001,FAULT,29.67,88.79,42.67,98.74,21.82,HIGH_MEMORY,1
2026-09-20 11:18:18,DT-001,FAULT,31.17,94.99,43.51,98.74,19.96,HIGH_MEMORY,1
2026-09-20 11:18:19,DT-001,FAULT,30.95,92.11,44.96,98.73,20.48,HIGH_MEMORY,1
2026-09-20 11:18:20,DT-001,FAULT,32.17,87.24,46.19,98.72,19.01,HIGH_MEMORY,1
2026-09-20 11:18:21,DT-001,FAULT,33.51,95.8,46.56,98.72,20.08,HIGH_MEMORY,1
2026-09-20 11:18:22,DT-001,FAULT,32.64,85.26,48.39,98.72,20.85,HIGH_MEMORY,1
2026-09-20 11:18:23,DT-001,FAULT,31.61,91.57,48.94,98.71,19.1,HIGH_MEMORY,1
2026-09-20 11:18:24,DT-001,NORMAL,34.09,86.17,48.15,98.7,19.08,NORMAL,0
2026-09-20 11:18:25,DT-001,NORMAL,31.09,80.18,47.29,98.7,19.95,NORMAL,0
2026-09-20 11:18:26,DT-001,NORMAL,28.89,77.06,46.46,98.69,17.91,NORMAL,0
2026-09-20 11:18:27,DT-001,NORMAL,31.26,72.65,46.49,98.69,18.64,NORMAL,0
2026-09-20 11:18:28,DT-001,NORMAL,31.05,69.98,46.5,98.68,21.09,NORMAL,0
2026-09-20 11:18:29,DT-001,NORMAL,30.27,66.26,45.18,98.68,22.48,NORMAL,0
2026-09-20 11:18:30,DT-001,NORMAL,32.46,64.04,44.57,98.68,21.24,NORMAL,0
2026-09-20 11:18:31,DT-001,NORMAL,30.47,63.21,43.65,98.67,20.21,NORMAL,0
2026-09-20 11:18:32,DT-001,NORMAL,31.16,61.47,43.2,98.67,20.18,NORMAL,0
2026-09-20 11:18:33,DT-001,NORMAL,30.44,59.47,43.15,98.67,20.69,NORMAL,0
2026-09-20 11:18:34,DT-001,NORMAL,29.46,56.07,43.3,98.67,19.13,NORMAL,0
2026-09-20 11:18:35,DT-001,FAULT,98.49,55.29,43.68,98.66,21.0,HIGH_CPU,1
2026-09-20 11:18:36,DT-001,FAULT,86.02,53.38,45.97,98.65,23.22,HIGH_CPU,1
2026-09-20 11:18:37,DT-001,FAULT,87.36,53.56,48.12,98.65,22.7,HIGH_CPU,1
2026-09-20 11:18:38,DT-001,FAULT,95.13,52.37,49.05,98.64,21.47,HIGH_CPU,1
2026-09-20 11:18:39,DT-001,FAULT,95.69,51.44,49.49,98.64,20.49,HIGH_CPU,1
2026-09-20 11:18:40,DT-001,FAULT,86.0,52.01,49.97,98.63,18.19,HIGH_CPU,1
2026-09-20 11:18:41,DT-001,FAULT,91.72,52.08,49.93,98.63,16.17,HIGH_CPU,1
2026-09-20 11:18:42,DT-001,FAULT,91.58,51.82,51.2,98.63,14.62,HIGH_CPU,1
2026-09-20 11:18:43,DT-001,FAULT,90.35,51.48,51.12,98.62,14.95,HIGH_CPU,1
2026-09-20 11:18:44,DT-001,NORMAL,84.7,49.25,49.7,98.61,13.85,NORMAL,0
2026-09-20 11:18:45,DT-001,NORMAL,79.16,48.45,48.33,98.61,12.94,NORMAL,0
2026-09-20 11:18:46,DT-001,NORMAL,75.8,48.28,47.12,98.6,15.91,NORMAL,0
2026-09-20 11:18:47,DT-001,NORMAL,70.83,45.79,46.38,98.6,14.56,NORMAL,0
2026-09-20 11:18:48,DT-001,NORMAL,64.41,46.27,45.71,98.59,12.46,NORMAL,0
2026-09-20 11:18:49,DT-001,NORMAL,60.62,44.98,44.51,98.59,12.92,NORMAL,0
2026-09-20 11:18:50,DT-001,NORMAL,56.62,45.06,44.67,98.58,13.53,NORMAL,0
2026-09-20 11:18:51,DT-001,NORMAL,54.02,43.12,44.3,98.58,13.77,NORMAL,0
2026-09-20 11:18:52,DT-001,NORMAL,50.5,44.14,43.86,98.58,14.08,NORMAL,0
2026-09-20 11:18:53,DT-001,NORMAL,46.63,44.84,43.6,98.57,13.65,NORMAL,0
2026-09-20 11:18:54,DT-001,NORMAL,44.4,44.67,43.35,98.57,14.98,NORMAL,0
2026-09-20 11:18:55,DT-001,NORMAL,45.51,43.63,43.18,98.56,17.05,NORMAL,0
2026-09-20 11:18:56,DT-001,NORMAL,41.87,43.38,42.94,98.56,17.77,NORMAL,0
2026-09-20 11:18:57,DT-001,NORMAL,39.24,44.6,42.94,98.55,19.09,NORMAL,0
2026-09-20 11:18:58,DT-001,NORMAL,37.83,44.22,43.23,98.55,18.08,NORMAL,0
2026-09-20 11:18:59,DT-001,NORMAL,39.41,44.79,42.62,98.54,20.43,NORMAL,0
2026-09-20 11:19:00,DT-001,NORMAL,39.68,44.61,42.27,98.54,22.42,NORMAL,0
2026-09-20 11:19:01,DT-001,NORMAL,40.82,43.53,42.34,98.54,22.29,NORMAL,0
2026-09-20 11:19:02,DT-001,NORMAL,41.04,44.41,41.46,98.53,21.74,NORMAL,0
2026-09-20 11:19:03,DT-001,NORMAL,41.19,44.36,41.89,98.53,23.4,NORMAL,0
2026-09-20 11:19:04,DT-001,NORMAL,38.98,44.07,41.9,98.52,22.8,NORMAL,0
2026-09-20 11:19:05,DT-001,NORMAL,35.46,43.05,41.83,98.51,25.03,NORMAL,0
2026-09-20 11:19:06,DT-001,NORMAL,36.6,43.79,42.07,98.51,24.51,NORMAL,0
2026-09-20 11:19:07,DT-001,NORMAL,36.06,43.02,41.89,98.51,25.28,NORMAL,0
2026-09-20 11:19:08,DT-001,NORMAL,33.89,42.72,42.07,98.5,22.67,NORMAL,0
2026-09-20 11:19:09,DT-001,NORMAL,32.13,44.2,41.85,98.5,21.19,NORMAL,0
2026-09-20 11:19:10,DT-001,NORMAL,32.33,45.18,40.98,98.49,21.91,NORMAL,0
2026-09-20 11:19:11,DT-001,NORMAL,33.95,44.92,41.38,98.48,21.43,NORMAL,0
2026-09-20 11:19:12,DT-001,NORMAL,32.86,43.16,41.76,98.47,21.74,NORMAL,0
2026-09-20 11:19:13,DT-001,NORMAL,34.13,41.37,42.06,98.47,21.59,NORMAL,0
2026-09-20 11:19:14,DT-001,NORMAL,35.09,41.1,42.21,98.46,22.35,NORMAL,0
2026-09-20 11:19:15,DT-001,NORMAL,35.52,39.26,42.34,98.46,20.71,NORMAL,0
2026-09-20 11:19:16,DT-001,NORMAL,32.32,40.99,42.15,98.45,23.26,NORMAL,0
2026-09-20 11:19:17,DT-001,NORMAL,32.88,40.22,41.39,98.44,20.46,NORMAL,0
2026-09-20 11:19:18,DT-001,NORMAL,32.76,41.38,41.68,98.43,21.59,NORMAL,0
2026-09-20 11:19:19,DT-001,NORMAL,31.56,42.6,41.23,98.43,19.85,NORMAL,0
2026-09-20 11:19:20,DT-001,NORMAL,30.55,43.05,41.52,98.42,19.21,NORMAL,0
2026-09-20 11:19:21,DT-001,NORMAL,32.74,41.23,41.64,98.42,19.83,NORMAL,0
2026-09-20 11:19:22,DT-001,NORMAL,30.89,40.18,41.65,98.41,20.53,NORMAL,0
2026-09-20 11:19:23,DT-001,NORMAL,33.37,41.88,41.97,98.41,19.75,NORMAL,0
2026-09-20 11:19:24,DT-001,NORMAL,32.77,40.78,41.99,98.4,21.51,NORMAL,0
2026-09-20 11:19:25,DT-001,NORMAL,32.42,39.57,41.57,98.39,19.21,NORMAL,0
2026-09-20 11:19:26,DT-001,NORMAL,31.6,40.26,40.76,98.39,19.33,NORMAL,0
2026-09-20 11:19:27,DT-001,NORMAL,31.37,40.08,41.19,98.38,18.97,NORMAL,0
2026-09-20 11:19:28,DT-001,NORMAL,30.57,38.28,41.67,98.38,19.19,NORMAL,0
2026-09-20 11:19:29,DT-001,NORMAL,29.19,36.9,41.8,98.38,16.76,NORMAL,0
2026-09-20 11:19:30,DT-001,NORMAL,31.97,37.08,42.26,98.37,15.49,NORMAL,0
2026-09-20 11:19:31,DT-001,NORMAL,33.49,38.88,41.91,98.37,18.51,NORMAL,0
2026-09-20 11:19:32,DT-001,NORMAL,30.64,39.6,41.78,98.36,21.25,NORMAL,0
2026-09-20 11:19:33,DT-001,FAULT,30.14,94.51,43.74,98.36,18.98,HIGH_MEMORY,1
2026-09-20 11:19:34,DT-001,FAULT,29.88,98.9,44.85,98.35,20.67,HIGH_MEMORY,1
2026-09-20 11:19:35,DT-001,FAULT,30.3,98.76,46.15,98.35,21.99,HIGH_MEMORY,1
2026-09-20 11:19:36,DT-001,FAULT,30.95,96.45,45.73,98.35,21.82,HIGH_MEMORY,1
2026-09-20 11:19:37,DT-001,FAULT,31.47,86.68,46.39,98.35,24.12,HIGH_MEMORY,1
2026-09-20 11:19:38,DT-001,FAULT,33.11,92.36,46.98,98.34,21.75,HIGH_MEMORY,1
2026-09-20 11:19:39,DT-001,FAULT,34.9,99.78,48.64,98.33,24.05,HIGH_MEMORY,1
2026-09-20 11:19:40,DT-001,FAULT,35.8,85.53,49.2,98.32,25.08,HIGH_MEMORY,1
2026-09-20 11:19:41,DT-001,FAULT,33.64,93.23,49.48,98.32,24.54,HIGH_MEMORY,1
2026-09-20 11:19:42,DT-001,FAULT,34.61,96.41,49.3,98.32,23.57,HIGH_MEMORY,1
2026-09-20 11:19:43,DT-001,FAULT,35.93,86.69,50.61,98.31,23.88,HIGH_MEMORY,1
2026-09-20 11:19:44,DT-001,FAULT,33.68,86.92,50.79,98.3,21.79,HIGH_MEMORY,1
2026-09-20 11:19:45,DT-001,FAULT,32.04,87.56,50.85,98.3,22.45,HIGH_MEMORY,1
2026-09-20 11:19:46,DT-001,FAULT,33.97,85.11,51.73,98.3,22.0,HIGH_MEMORY,1
2026-09-20 11:19:47,DT-001,FAULT,31.23,89.08,52.18,98.29,23.63,HIGH_MEMORY,1
2026-09-20 11:19:48,DT-001,FAULT,29.27,85.89,52.59,98.28,24.04,HIGH_MEMORY,1
2026-09-20 11:19:49,DT-001,FAULT,29.97,93.16,52.72,98.28,24.99,HIGH_MEMORY,1
2026-09-20 11:19:50,DT-001,FAULT,30.44,97.98,52.77,98.27,27.1,HIGH_MEMORY,1
2026-09-20 11:19:51,DT-001,FAULT,28.8,87.16,51.82,98.27,25.3,HIGH_MEMORY,1
2026-09-20 11:19:52,DT-001,FAULT,27.65,86.62,52.59,98.27,24.34,HIGH_MEMORY,1
2026-09-20 11:19:53,DT-001,NORMAL,26.23,81.53,51.23,98.26,22.36,NORMAL,0
2026-09-20 11:19:54,DT-001,NORMAL,24.71,77.02,50.39,98.26,24.47,NORMAL,0
2026-09-20 11:19:55,DT-001,NORMAL,22.73,73.66,49.75,98.25,26.15,NORMAL,0
2026-09-20 11:19:56,DT-001,NORMAL,21.49,70.55,48.34,98.24,25.98,NORMAL,0
2026-09-20 11:19:57,DT-001,FAULT,22.91,65.8,46.93,98.24,423.22,HIGH_NETWORK_LATENCY,1
2026-09-20 11:19:58,DT-001,FAULT,26.13,61.51,46.18,98.24,406.0,HIGH_NETWORK_LATENCY,1
2026-09-20 11:19:59,DT-001,FAULT,24.0,59.19,45.07,98.24,264.66,HIGH_NETWORK_LATENCY,1
2026-09-20 11:20:00,DT-001,FAULT,22.13,57.3,45.12,98.23,190.54,HIGH_NETWORK_LATENCY,1
2026-09-20 11:20:01,DT-001,FAULT,20.35,56.74,44.34,98.22,402.52,HIGH_NETWORK_LATENCY,1
2026-09-20 11:20:02,DT-001,FAULT,22.89,56.86,43.35,98.22,486.48,HIGH_NETWORK_LATENCY,1
2026-09-20 11:20:03,DT-001,FAULT,23.46,53.4,42.66,98.22,491.78,HIGH_NETWORK_LATENCY,1
2026-09-20 11:20:04,DT-001,FAULT,25.87,52.99,42.1,98.21,189.79,HIGH_NETWORK_LATENCY,1
2026-09-20 11:20:05,DT-001,FAULT,24.36,52.22,41.19,98.2,343.33,HIGH_NETWORK_LATENCY,1
2026-09-20 11:20:06,DT-001,FAULT,26.31,49.71,41.41,98.19,341.67,HIGH_NETWORK_LATENCY,1
2026-09-20 11:20:07,DT-001,FAULT,25.62,49.91,41.69,98.19,354.47,HIGH_NETWORK_LATENCY,1
2026-09-20 11:20:08,DT-001,FAULT,24.48,47.77,41.73,98.19,470.72,HIGH_NETWORK_LATENCY,1
2026-09-20 11:20:09,DT-001,FAULT,24.88,45.48,41.51,98.18,129.16,HIGH_NETWORK_LATENCY,1
2026-09-20 11:20:10,DT-001,FAULT,27.93,43.61,42.0,98.17,325.22,HIGH_NETWORK_LATENCY,1
2026-09-20 11:20:11,DT-001,FAULT,26.04,41.59,41.23,98.16,482.93,HIGH_NETWORK_LATENCY,1
2026-09-20 11:20:12,DT-001,FAULT,26.64,42.95,40.52,98.16,273.75,HIGH_NETWORK_LATENCY,1
2026-09-20 11:20:13,DT-001,FAULT,28.36,41.88,40.62,98.15,302.01,HIGH_NETWORK_LATENCY,1
2026-09-20 11:20:14,DT-001,FAULT,28.14,43.06,41.25,98.14,296.17,HIGH_NETWORK_LATENCY,1
2026-09-20 11:20:15,DT-001,FAULT,31.02,44.22,41.13,98.14,128.98,HIGH_NETWORK_LATENCY,1
2026-09-20 11:20:16,DT-001,FAULT,32.26,43.57,41.24,98.13,161.62,HIGH_NETWORK_LATENCY,1
2026-09-20 11:20:17,DT-001,NORMAL,30.91,44.46,40.59,98.13,145.0,NORMAL,0
2026-09-20 11:20:18,DT-001,NORMAL,32.1,44.97,41.15,98.12,134.89,NORMAL,0
2026-09-20 11:20:19,DT-001,NORMAL,32.47,45.3,40.5,98.12,122.46,NORMAL,0
2026-09-20 11:20:20,DT-001,NORMAL,32.44,44.81,40.12,98.11,109.72,NORMAL,0
2026-09-20 11:20:21,DT-001,NORMAL,30.71,46.0,39.98,98.11,99.06,NORMAL,0
2026-09-20 11:20:22,DT-001,NORMAL,27.99,43.84,39.5,98.1,91.11,NORMAL,0
2026-09-20 11:20:23,DT-001,NORMAL,26.29,41.71,40.13,98.1,82.42,NORMAL,0
2026-09-20 11:20:24,DT-001,NORMAL,24.29,39.8,40.14,98.1,75.06,NORMAL,0
2026-09-20 11:20:25,DT-001,NORMAL,24.34,38.88,39.57,98.1,69.64,NORMAL,0
2026-09-20 11:20:26,DT-001,NORMAL,26.41,40.79,39.07,98.09,66.29,NORMAL,0
2026-09-20 11:20:27,DT-001,FAULT,88.02,41.58,40.57,98.09,62.66,HIGH_CPU,1
2026-09-20 11:20:28,DT-001,FAULT,95.75,42.05,42.25,98.09,58.18,HIGH_CPU,1
2026-09-20 11:20:29,DT-001,FAULT,86.23,42.91,44.5,98.08,56.21,HIGH_CPU,1
2026-09-20 11:20:30,DT-001,FAULT,85.35,42.35,46.96,98.08,50.11,HIGH_CPU,1
2026-09-20 11:20:31,DT-001,FAULT,98.35,42.43,48.39,98.07,46.74,HIGH_CPU,1
2026-09-20 11:20:32,DT-001,FAULT,86.39,41.99,50.38,98.07,41.83,HIGH_CPU,1
2026-09-20 11:20:33,DT-001,FAULT,97.07,42.49,50.39,98.07,40.04,HIGH_CPU,1
2026-09-20 11:20:34,DT-001,FAULT,88.05,42.73,52.32,98.06,35.71,HIGH_CPU,1
2026-09-20 11:20:35,DT-001,FAULT,93.96,42.14,52.58,98.06,34.54,HIGH_CPU,1
2026-09-20 11:20:36,DT-001,FAULT,86.43,41.11,53.28,98.05,34.25,HIGH_CPU,1
2026-09-20 11:20:37,DT-001,FAULT,98.65,41.52,53.64,98.05,34.29,HIGH_CPU,1
2026-09-20 11:20:38,DT-001,FAULT,89.33,40.06,52.87,98.05,35.14,HIGH_CPU,1
2026-09-20 11:20:39,DT-001,FAULT,92.45,39.66,53.29,98.04,35.72,HIGH_CPU,1
2026-09-20 11:20:40,DT-001,FAULT,91.17,39.58,53.7,98.04,36.69,HIGH_CPU,1
2026-09-20 11:20:41,DT-001,FAULT,94.3,39.06,55.25,98.04,32.79,HIGH_CPU,1
2026-09-20 11:20:42,DT-001,FAULT,91.28,37.86,55.15,98.04,29.44,HIGH_CPU,1
2026-09-20 11:20:43,DT-001,FAULT,97.99,38.55,55.18,98.03,27.34,HIGH_CPU,1
2026-09-20 11:20:44,DT-001,NORMAL,88.82,39.06,53.26,98.03,26.11,NORMAL,0
2026-09-20 11:20:45,DT-001,NORMAL,80.93,38.22,51.42,98.03,23.29,NORMAL,0
2026-09-20 11:20:46,DT-001,NORMAL,78.04,37.32,50.86,98.02,25.61,NORMAL,0
2026-09-20 11:20:47,DT-001,NORMAL,70.9,36.11,49.1,98.01,27.46,NORMAL,0
2026-09-20 11:20:48,DT-001,NORMAL,64.18,37.35,48.09,98.01,29.17,NORMAL,0
2026-09-20 11:20:49,DT-001,NORMAL,62.0,39.32,46.94,98.01,25.8,NORMAL,0
2026-09-20 11:20:50,DT-001,NORMAL,59.64,40.81,46.93,98.0,23.7,NORMAL,0
2026-09-20 11:20:51,DT-001,NORMAL,56.04,42.4,45.67,98.0,21.91,NORMAL,0
2026-09-20 11:20:52,DT-001,NORMAL,54.62,43.24,45.8,97.99,20.69,NORMAL,0
2026-09-20 11:20:53,DT-001,NORMAL,50.86,42.37,45.89,97.99,23.32,NORMAL,0
2026-09-20 11:20:54,DT-001,NORMAL,46.96,41.48,44.72,97.99,24.74,NORMAL,0
2026-09-20 11:20:55,DT-001,NORMAL,43.55,41.16,43.54,97.98,23.83,NORMAL,0
2026-09-20 11:20:56,DT-001,NORMAL,44.54,42.6,43.59,97.97,25.37,NORMAL,0
2026-09-20 11:20:57,DT-001,NORMAL,40.8,43.88,43.78,97.96,24.34,NORMAL,0
2026-09-20 11:20:58,DT-001,NORMAL,39.78,44.73,43.82,97.96,23.73,NORMAL,0
2026-09-20 11:20:59,DT-001,NORMAL,36.96,42.67,43.02,97.96,22.88,NORMAL,0
2026-09-20 11:21:00,DT-001,NORMAL,37.92,41.7,42.81,97.95,25.15,NORMAL,0
2026-09-20 11:21:01,DT-001,NORMAL,36.12,40.71,42.11,97.95,25.86,NORMAL,0
2026-09-20 11:21:02,DT-001,NORMAL,36.88,40.81,42.54,97.95,24.39,NORMAL,0
2026-09-20 11:21:03,DT-001,NORMAL,38.05,41.1,42.65,97.95,22.64,NORMAL,0
2026-09-20 11:21:04,DT-001,NORMAL,34.64,40.63,42.66,97.94,23.14,NORMAL,0
2026-09-20 11:21:05,DT-001,NORMAL,32.14,41.18,42.56,97.93,23.08,NORMAL,0
2026-09-20 11:21:06,DT-001,NORMAL,30.02,40.16,42.81,97.93,21.73,NORMAL,0
2026-09-20 11:21:07,DT-001,NORMAL,30.48,39.38,43.07,97.92,19.82,NORMAL,0
2026-09-20 11:21:08,DT-001,NORMAL,30.53,39.75,42.65,97.92,19.33,NORMAL,0
2026-09-20 11:21:09,DT-001,NORMAL,31.95,39.23,41.81,97.92,16.93,NORMAL,0
2026-09-20 11:21:10,DT-001,NORMAL,33.46,38.84,41.19,97.91,14.98,NORMAL,0
2026-09-20 11:21:11,DT-001,NORMAL,31.75,37.26,41.37,97.91,16.08,NORMAL,0
2026-09-20 11:21:12,DT-001,NORMAL,31.16,38.7,40.86,97.91,17.63,NORMAL,0
2026-09-20 11:21:13,DT-001,NORMAL,31.08,37.22,40.14,97.91,20.56,NORMAL,0
2026-09-20 11:21:14,DT-001,NORMAL,31.48,37.68,40.25,97.9,22.98,NORMAL,0
2026-09-20 11:21:15,DT-001,NORMAL,32.99,36.23,39.53,97.9,25.04,NORMAL,0
2026-09-20 11:21:16,DT-001,NORMAL,31.29,37.51,39.57,97.9,26.28,NORMAL,0
2026-09-20 11:21:17,DT-001,NORMAL,31.46,36.12,39.97,97.89,27.04,NORMAL,0
2026-09-20 11:21:18,DT-001,NORMAL,29.45,38.27,39.77,97.88,28.92,NORMAL,0
2026-09-20 11:21:19,DT-001,NORMAL,30.71,37.57,39.91,97.88,30.61,NORMAL,0
2026-09-20 11:21:20,DT-001,NORMAL,30.76,39.13,40.52,97.87,27.26,NORMAL,0
2026-09-20 11:21:21,DT-001,NORMAL,29.83,38.64,39.99,97.87,26.39,NORMAL,0
2026-09-20 11:21:22,DT-001,NORMAL,30.0,40.1,39.91,97.87,25.6,NORMAL,0
2026-09-20 11:21:23,DT-001,NORMAL,30.53,38.49,39.52,97.86,24.58,NORMAL,0
2026-09-20 11:21:24,DT-001,NORMAL,30.76,38.68,39.97,97.86,25.93,NORMAL,0
2026-09-20 11:21:25,DT-001,NORMAL,29.08,39.16,40.35,97.85,24.71,NORMAL,0
2026-09-20 11:21:26,DT-001,NORMAL,30.66,39.37,40.29,97.84,21.76,NORMAL,0
2026-09-20 11:21:27,DT-001,NORMAL,30.91,38.02,40.84,97.84,20.43,NORMAL,0
2026-09-20 11:21:28,DT-001,FAULT,32.36,38.09,41.44,5.37,18.61,LOW_BATTERY,1
2026-09-20 11:21:29,DT-001,FAULT,34.11,37.18,41.68,4.17,18.18,LOW_BATTERY,1
2026-09-20 11:21:30,DT-001,FAULT,36.24,36.1,41.63,12.37,17.74,LOW_BATTERY,1
2026-09-20 11:21:31,DT-001,FAULT,34.98,35.96,41.41,7.61,17.81,LOW_BATTERY,1
2026-09-20 11:21:32,DT-001,FAULT,34.17,37.02,40.64,10.83,15.97,LOW_BATTERY,1
2026-09-20 11:21:33,DT-001,FAULT,36.36,38.87,40.86,2.52,18.77,LOW_BATTERY,1
2026-09-20 11:21:34,DT-001,FAULT,33.32,37.6,40.64,2.24,16.98,LOW_BATTERY,1
2026-09-20 11:21:35,DT-001,FAULT,32.88,36.07,40.14,14.83,19.66,LOW_BATTERY,1
2026-09-20 11:21:36,DT-001,FAULT,32.72,35.6,40.53,13.72,18.14,LOW_BATTERY,1
2026-09-20 11:21:37,DT-001,FAULT,30.35,36.17,40.08,5.98,18.55,LOW_BATTERY,1
2026-09-20 11:21:38,DT-001,FAULT,27.97,34.84,39.79,14.76,18.29,LOW_BATTERY,1
2026-09-20 11:21:39,DT-001,FAULT,25.88,33.61,40.32,16.5,16.31,LOW_BATTERY,1
2026-09-20 11:21:40,DT-001,FAULT,25.63,35.04,40.67,12.87,19.32,LOW_BATTERY,1
2026-09-20 11:21:41,DT-001,FAULT,25.55,36.6,40.22,6.61,20.0,LOW_BATTERY,1
2026-09-20 11:21:42,DT-001,FAULT,24.97,35.46,39.48,13.94,17.94,LOW_BATTERY,1
2026-09-20 11:21:43,DT-001,FAULT,27.69,35.63,39.92,14.74,18.18,LOW_BATTERY,1
2026-09-20 11:21:44,DT-001,NORMAL,29.85,34.71,39.89,100.0,17.39,NORMAL,0
2026-09-20 11:21:45,DT-001,NORMAL,31.83,33.93,40.29,99.99,19.86,NORMAL,0
2026-09-20 11:21:46,DT-001,NORMAL,29.48,33.58,40.07,99.99,19.91,NORMAL,0
2026-09-20 11:21:47,DT-001,NORMAL,28.23,33.78,40.7,99.98,20.84,NORMAL,0
2026-09-20 11:21:48,DT-001,NORMAL,26.58,35.24,39.94,99.98,19.64,NORMAL,0
2026-09-20 11:21:49,DT-001,NORMAL,28.77,35.25,39.63,99.97,19.5,NORMAL,0
2026-09-20 11:21:50,DT-001,NORMAL,26.54,34.29,39.61,99.97,19.55,NORMAL,0
2026-09-20 11:21:51,DT-001,NORMAL,26.26,34.01,39.87,99.97,20.36,NORMAL,0
2026-09-20 11:21:52,DT-001,NORMAL,27.52,33.03,39.3,99.97,22.91,NORMAL,0
2026-09-20 11:21:53,DT-001,NORMAL,29.26,35.13,39.08,99.96,21.55,NORMAL,0
2026-09-20 11:21:54,DT-001,NORMAL,30.45,36.23,39.0,99.96,19.63,NORMAL,0
2026-09-20 11:21:55,DT-001,NORMAL,31.76,37.28,38.96,99.96,19.4,NORMAL,0
2026-09-20 11:21:56,DT-001,NORMAL,33.39,39.34,38.99,99.96,17.49,NORMAL,0
2026-09-20 11:21:57,DT-001,NORMAL,35.17,40.06,38.58,99.95,19.69,NORMAL,0
2026-09-20 11:21:58,DT-001,NORMAL,37.04,39.01,38.79,99.94,19.59,NORMAL,0
2026-09-20 11:21:59,DT-001,NORMAL,35.57,37.76,39.48,99.93,19.65,NORMAL,0
2026-09-20 11:22:00,DT-001,NORMAL,32.6,39.41,39.81,99.93,19.78,NORMAL,0
2026-09-20 11:22:01,DT-001,NORMAL,35.0,39.8,39.45,99.93,18.91,NORMAL,0
2026-09-20 11:22:02,DT-001,NORMAL,33.07,38.04,39.92,99.92,21.41,NORMAL,0
2026-09-20 11:22:03,DT-001,NORMAL,30.85,37.15,39.81,99.92,23.46,NORMAL,0
2026-09-20 11:22:04,DT-001,NORMAL,30.49,39.06,40.22,99.91,24.09,NORMAL,0
2026-09-20 11:22:05,DT-001,NORMAL,29.96,37.57,40.16,99.91,23.49,NORMAL,0
2026-09-20 11:22:06,DT-001,NORMAL,29.13,36.58,40.65,99.9,25.09,NORMAL,0
2026-09-20 11:22:07,DT-001,NORMAL,30.73,36.06,41.08,99.9,26.53,NORMAL,0
2026-09-20 11:22:08,DT-001,NORMAL,28.66,37.27,40.51,99.89,24.13,NORMAL,0
2026-09-20 11:22:09,DT-001,NORMAL,28.7,36.13,39.85,99.89,23.02,NORMAL,0
2026-09-20 11:22:10,DT-001,NORMAL,28.43,35.15,39.85,99.88,20.32,NORMAL,0
2026-09-20 11:22:11,DT-001,NORMAL,29.22,35.79,39.31,99.88,20.57,NORMAL,0
2026-09-20 11:22:12,DT-001,NORMAL,27.85,35.76,40.02,99.87,22.98,NORMAL,0
2026-09-20 11:22:13,DT-001,FAULT,26.38,37.62,40.37,14.51,25.29,LOW_BATTERY,1
2026-09-20 11:22:14,DT-001,FAULT,24.12,39.65,40.89,9.42,24.21,LOW_BATTERY,1
2026-09-20 11:22:15,DT-001,FAULT,22.42,39.4,40.12,16.08,23.6,LOW_BATTERY,1
2026-09-20 11:22:16,DT-001,FAULT,20.58,38.44,40.83,16.08,21.58,LOW_BATTERY,1
2026-09-20 11:22:17,DT-001,FAULT,19.04,38.03,40.04,4.55,21.88,LOW_BATTERY,1
2026-09-20 11:22:18,DT-001,FAULT,19.67,38.08,39.68,15.5,22.11,LOW_BATTERY,1
2026-09-20 11:22:19,DT-001,FAULT,22.66,38.06,39.8,5.11,21.54,LOW_BATTERY,1
2026-09-20 11:22:20,DT-001,FAULT,23.69,38.39,40.48,16.8,20.83,LOW_BATTERY,1
2026-09-20 11:22:21,DT-001,FAULT,23.03,37.32,40.22,10.35,22.46,LOW_BATTERY,1
2026-09-20 11:22:22,DT-001,FAULT,21.61,37.96,40.54,3.69,22.01,LOW_BATTERY,1
2026-09-20 11:22:23,DT-001,NORMAL,20.72,39.46,40.0,100.0,23.55,NORMAL,0
2026-09-20 11:22:24,DT-001,NORMAL,22.47,38.79,40.39,99.99,20.82,NORMAL,0
2026-09-20 11:22:25,DT-001,NORMAL,24.41,38.74,40.56,99.98,20.48,NORMAL,0
2026-09-20 11:22:26,DT-001,NORMAL,25.75,38.35,40.08,99.98,21.1,NORMAL,0
2026-09-20 11:22:27,DT-001,NORMAL,25.49,38.34,39.35,99.97,20.64,NORMAL,0
2026-09-20 11:22:28,DT-001,NORMAL,25.5,38.49,39.22,99.97,22.58,NORMAL,0
2026-09-20 11:22:29,DT-001,NORMAL,26.2,39.24,39.91,99.96,24.17,NORMAL,0
2026-09-20 11:22:30,DT-001,NORMAL,24.13,38.18,39.31,99.96,25.51,NORMAL,0
2026-09-20 11:22:31,DT-001,NORMAL,26.41,38.8,39.06,99.95,27.19,NORMAL,0
2026-09-20 11:22:32,DT-001,NORMAL,25.01,37.68,39.81,99.95,24.71,NORMAL,0
2026-09-20 11:22:33,DT-001,NORMAL,24.13,36.35,39.33,99.94,25.06,NORMAL,0
2026-09-20 11:22:34,DT-001,NORMAL,26.62,35.13,39.57,99.94,27.2,NORMAL,0
2026-09-20 11:22:35,DT-001,NORMAL,28.56,36.28,38.94,99.93,26.91,NORMAL,0
2026-09-20 11:22:36,DT-001,NORMAL,30.37,35.88,39.45,99.92,27.6,NORMAL,0
2026-09-20 11:22:37,DT-001,NORMAL,32.36,35.55,39.14,99.91,27.34,NORMAL,0
2026-09-20 11:22:38,DT-001,NORMAL,33.81,34.29,39.32,99.91,29.3,NORMAL,0
2026-09-20 11:22:39,DT-001,NORMAL,31.41,36.54,39.06,99.9,26.55,NORMAL,0
2026-09-20 11:22:40,DT-001,NORMAL,30.97,36.28,39.29,99.9,27.91,NORMAL,0
2026-09-20 11:22:41,DT-001,NORMAL,28.89,35.06,38.85,99.89,26.59,NORMAL,0
2026-09-20 11:22:42,DT-001,NORMAL,28.79,35.87,38.64,99.89,23.31,NORMAL,0
2026-09-20 11:22:43,DT-001,NORMAL,30.39,35.45,38.19,99.89,22.7,NORMAL,0
2026-09-20 11:22:44,DT-001,NORMAL,31.96,36.21,37.92,99.88,23.53,NORMAL,0
2026-09-20 11:22:45,DT-001,NORMAL,31.07,37.39,37.59,99.88,25.61,NORMAL,0
2026-09-20 11:22:46,DT-001,NORMAL,29.08,38.92,38.02,99.88,24.42,NORMAL,0
2026-09-20 11:22:47,DT-001,NORMAL,27.24,37.32,38.39,99.87,25.64,NORMAL,0
2026-09-20 11:22:48,DT-001,NORMAL,24.84,37.93,38.78,99.87,27.25,NORMAL,0
2026-09-20 11:22:49,DT-001,NORMAL,23.4,36.55,38.42,99.86,25.74,NORMAL,0
2026-09-20 11:22:50,DT-001,NORMAL,23.15,35.13,37.99,99.86,26.63,NORMAL,0
2026-09-20 11:22:51,DT-001,NORMAL,24.59,34.9,38.43,99.86,27.86,NORMAL,0
2026-09-20 11:22:52,DT-001,NORMAL,25.62,35.9,38.25,99.86,25.06,NORMAL,0
2026-09-20 11:22:53,DT-001,NORMAL,24.72,34.99,39.1,99.85,23.13,NORMAL,0
2026-09-20 11:22:54,DT-001,NORMAL,25.94,36.12,39.48,99.85,20.71,NORMAL,0
2026-09-20 11:22:55,DT-001,NORMAL,28.65,34.73,39.92,99.84,18.16,NORMAL,0
2026-09-20 11:22:56,DT-001,NORMAL,28.15,35.53,40.59,99.83,19.74,NORMAL,0
2026-09-20 11:22:57,DT-001,NORMAL,30.96,35.72,39.95,99.82,22.15,NORMAL,0
2026-09-20 11:22:58,DT-001,NORMAL,30.69,36.31,39.65,99.82,19.55,NORMAL,0
2026-09-20 11:22:59,DT-001,NORMAL,31.36,37.7,39.49,99.81,17.93,NORMAL,0
2026-09-20 11:23:00,DT-001,NORMAL,29.45,38.92,39.82,99.81,18.02,NORMAL,0
2026-09-20 11:23:01,DT-001,NORMAL,27.73,39.89,39.51,99.8,19.07,NORMAL,0
2026-09-20 11:23:02,DT-001,NORMAL,27.22,41.43,40.08,99.8,18.19,NORMAL,0
2026-09-20 11:23:03,DT-001,NORMAL,29.04,40.9,40.15,99.79,20.36,NORMAL,0
2026-09-20 11:23:04,DT-001,FAULT,99.83,41.87,42.65,99.79,21.72,HIGH_CPU,1
2026-09-20 11:23:05,DT-001,FAULT,86.36,40.57,45.65,99.78,22.33,HIGH_CPU,1
2026-09-20 11:23:06,DT-001,FAULT,93.91,39.59,47.34,99.78,22.5,HIGH_CPU,1
2026-09-20 11:23:07,DT-001,FAULT,87.02,40.19,48.25,99.77,21.94,HIGH_CPU,1
2026-09-20 11:23:08,DT-001,FAULT,90.42,41.36,48.59,99.76,24.25,HIGH_CPU,1
2026-09-20 11:23:09,DT-001,FAULT,86.12,42.44,50.41,99.76,22.37,HIGH_CPU,1
2026-09-20 11:23:10,DT-001,FAULT,87.02,41.18,50.78,99.76,22.78,HIGH_CPU,1
2026-09-20 11:23:11,DT-001,FAULT,85.7,39.58,52.77,99.75,19.83,HIGH_CPU,1
2026-09-20 11:23:12,DT-001,FAULT,91.0,38.34,54.32,99.75,19.31,HIGH_CPU,1
2026-09-20 11:23:13,DT-001,FAULT,90.86,39.7,53.68,99.74,21.38,HIGH_CPU,1
2026-09-20 11:23:14,DT-001,NORMAL,87.15,37.96,52.42,99.74,19.48,NORMAL,0
2026-09-20 11:23:15,DT-001,NORMAL,79.22,39.34,51.4,99.73,20.46,NORMAL,0
2026-09-20 11:23:16,DT-001,NORMAL,76.28,38.32,50.13,99.73,22.78,NORMAL,0
2026-09-20 11:23:17,DT-001,NORMAL,70.48,37.02,49.03,99.73,20.88,NORMAL,0
2026-09-20 11:23:18,DT-001,NORMAL,65.62,38.76,47.82,99.72,19.15,NORMAL,0
2026-09-20 11:23:19,DT-001,NORMAL,61.9,40.31,47.07,99.72,18.81,NORMAL,0
2026-09-20 11:23:20,DT-001,NORMAL,56.18,41.57,45.94,99.72,17.81,NORMAL,0
2026-09-20 11:23:21,DT-001,NORMAL,51.1,40.61,45.25,99.72,17.09,NORMAL,0
2026-09-20 11:23:22,DT-001,NORMAL,49.05,40.34,45.44,99.71,17.36,NORMAL,0
2026-09-20 11:23:23,DT-001,NORMAL,45.47,39.58,44.44,99.7,16.47,NORMAL,0
2026-09-20 11:23:24,DT-001,NORMAL,42.88,40.6,43.39,99.69,15.31,NORMAL,0
2026-09-20 11:23:25,DT-001,NORMAL,43.11,41.61,43.05,99.69,14.45,NORMAL,0
2026-09-20 11:23:26,DT-001,NORMAL,44.49,40.24,43.28,99.68,14.31,NORMAL,0
2026-09-20 11:23:27,DT-001,NORMAL,44.88,38.91,43.04,99.68,15.89,NORMAL,0
2026-09-20 11:23:28,DT-001,NORMAL,43.48,39.86,42.4,99.67,18.89,NORMAL,0
2026-09-20 11:23:29,DT-001,FAULT,44.09,39.29,81.84,99.67,21.4,HIGH_TEMPERATURE,1
2026-09-20 11:23:30,DT-001,FAULT,42.59,38.72,90.79,99.67,22.87,HIGH_TEMPERATURE,1
2026-09-20 11:23:31,DT-001,FAULT,45.2,37.99,91.97,99.67,24.45,HIGH_TEMPERATURE,1
2026-09-20 11:23:32,DT-001,FAULT,44.54,38.03,88.05,99.66,22.8,HIGH_TEMPERATURE,1
2026-09-20 11:23:33,DT-001,FAULT,43.7,38.38,97.33,99.65,24.44,HIGH_TEMPERATURE,1
2026-09-20 11:23:34,DT-001,FAULT,45.91,38.42,90.18,99.65,22.56,HIGH_TEMPERATURE,1
2026-09-20 11:23:35,DT-001,FAULT,49.42,37.02,86.2,99.64,20.07,HIGH_TEMPERATURE,1
2026-09-20 11:23:36,DT-001,FAULT,52.28,35.64,81.67,99.64,22.36,HIGH_TEMPERATURE,1
2026-09-20 11:23:37,DT-001,FAULT,49.33,36.14,96.43,99.63,22.93,HIGH_TEMPERATURE,1
2026-09-20 11:23:38,DT-001,FAULT,47.41,35.57,97.79,99.62,20.12,HIGH_TEMPERATURE,1
2026-09-20 11:23:39,DT-001,FAULT,47.53,35.18,86.72,99.62,18.55,HIGH_TEMPERATURE,1
2026-09-20 11:23:40,DT-001,FAULT,51.34,33.94,80.65,99.61,20.79,HIGH_TEMPERATURE,1
2026-09-20 11:23:41,DT-001,NORMAL,47.49,34.22,77.1,99.6,21.48,NORMAL,0
2026-09-20 11:23:42,DT-001,NORMAL,46.36,35.78,73.32,99.59,20.95,NORMAL,0
2026-09-20 11:23:43,DT-001,NORMAL,46.13,36.83,70.43,99.59,20.7,NORMAL,0
2026-09-20 11:23:44,DT-001,NORMAL,44.06,36.45,67.84,99.59,21.68,NORMAL,0
2026-09-20 11:23:45,DT-001,NORMAL,42.67,36.74,64.91,99.58,20.51,NORMAL,0
2026-09-20 11:23:46,DT-001,NORMAL,40.45,35.34,62.66,99.58,18.5,NORMAL,0
2026-09-20 11:23:47,DT-001,NORMAL,40.45,34.22,60.61,99.57,20.08,NORMAL,0
2026-09-20 11:23:48,DT-001,NORMAL,39.65,34.44,58.87,99.57,19.49,NORMAL,0
2026-09-20 11:23:49,DT-001,NORMAL,36.31,33.45,57.36,99.56,22.03,NORMAL,0
2026-09-20 11:23:50,DT-001,NORMAL,33.06,32.99,56.07,99.56,23.27,NORMAL,0
2026-09-20 11:23:51,DT-001,NORMAL,33.38,34.32,54.56,99.55,21.11,NORMAL,0
2026-09-20 11:23:52,DT-001,NORMAL,31.17,35.61,53.78,99.55,22.47,NORMAL,0
2026-09-20 11:23:53,DT-001,NORMAL,28.85,36.91,53.01,99.54,23.96,NORMAL,0
2026-09-20 11:23:54,DT-001,NORMAL,27.68,36.88,51.41,99.54,24.74,NORMAL,0
2026-09-20 11:23:55,DT-001,NORMAL,28.92,37.78,50.95,99.54,25.73,NORMAL,0
2026-09-20 11:23:56,DT-001,NORMAL,27.96,39.77,50.0,99.54,23.98,NORMAL,0
2026-09-20 11:23:57,DT-001,NORMAL,28.76,39.5,48.32,99.54,21.85,NORMAL,0
2026-09-20 11:23:58,DT-001,NORMAL,30.61,39.33,46.77,99.53,22.25,NORMAL,0
2026-09-20 11:23:59,DT-001,NORMAL,33.25,38.43,46.68,99.53,20.82,NORMAL,0
2026-09-20 11:24:00,DT-001,NORMAL,34.61,39.3,46.42,99.52,22.48,NORMAL,0
2026-09-20 11:24:01,DT-001,NORMAL,35.36,37.97,45.74,99.51,19.56,NORMAL,0
2026-09-20 11:24:02,DT-001,NORMAL,37.27,37.35,44.77,99.51,21.68,NORMAL,0
2026-09-20 11:24:03,DT-001,NORMAL,38.51,38.54,44.9,99.51,22.32,NORMAL,0
2026-09-20 11:24:04,DT-001,NORMAL,39.13,40.21,44.63,99.5,22.92,NORMAL,0
2026-09-20 11:24:05,DT-001,NORMAL,35.52,41.77,44.57,99.5,20.22,NORMAL,0
2026-09-20 11:24:06,DT-001,NORMAL,33.11,42.06,43.45,99.49,18.6,NORMAL,0
2026-09-20 11:24:07,DT-001,NORMAL,33.02,41.92,43.68,99.48,16.39,NORMAL,0
2026-09-20 11:24:08,DT-001,NORMAL,30.83,40.52,43.95,99.47,17.57,NORMAL,0
2026-09-20 11:24:09,DT-001,NORMAL,32.54,41.7,43.31,99.46,18.68,NORMAL,0
2026-09-20 11:24:10,DT-001,FAULT,34.72,91.28,43.69,99.46,16.59,HIGH_MEMORY,1
2026-09-20 11:24:11,DT-001,FAULT,36.61,86.65,45.34,99.45,16.31,HIGH_MEMORY,1
2026-09-20 11:24:12,DT-001,FAULT,35.44,88.6,45.57,99.44,18.52,HIGH_MEMORY,1
2026-09-20 11:24:13,DT-001,FAULT,32.51,98.52,45.44,99.43,17.02,HIGH_MEMORY,1
2026-09-20 11:24:14,DT-001,FAULT,31.01,88.8,47.03,99.43,15.61,HIGH_MEMORY,1
2026-09-20 11:24:15,DT-001,FAULT,31.88,96.2,48.62,99.43,13.41,HIGH_MEMORY,1
2026-09-20 11:24:16,DT-001,FAULT,34.02,93.95,48.65,99.42,12.53,HIGH_MEMORY,1
2026-09-20 11:24:17,DT-001,FAULT,35.99,93.27,48.28,99.41,10.62,HIGH_MEMORY,1
2026-09-20 11:24:18,DT-001,FAULT,35.13,94.74,49.24,99.41,12.16,HIGH_MEMORY,1
2026-09-20 11:24:19,DT-001,FAULT,32.63,98.37,48.91,99.41,14.8,HIGH_MEMORY,1
2026-09-20 11:24:20,DT-001,FAULT,31.56,95.5,50.12,99.41,16.69,HIGH_MEMORY,1
2026-09-20 11:24:21,DT-001,FAULT,32.97,91.0,50.34,99.41,15.63,HIGH_MEMORY,1
2026-09-20 11:24:22,DT-001,FAULT,34.51,93.55,51.37,99.41,18.09,HIGH_MEMORY,1
2026-09-20 11:24:23,DT-001,FAULT,32.7,87.96,51.56,99.4,16.41,HIGH_MEMORY,1
2026-09-20 11:24:24,DT-001,FAULT,32.04,92.93,51.77,99.4,17.44,HIGH_MEMORY,1
2026-09-20 11:24:25,DT-001,NORMAL,31.15,86.96,51.05,99.39,19.61,NORMAL,0
2026-09-20 11:24:26,DT-001,NORMAL,29.28,83.16,50.59,99.39,19.78,NORMAL,0
2026-09-20 11:24:27,DT-001,NORMAL,31.84,79.07,49.0,99.38,19.26,NORMAL,0
2026-09-20 11:24:28,DT-001,NORMAL,34.08,75.41,47.97,99.38,18.49,NORMAL,0
2026-09-20 11:24:29,DT-001,NORMAL,34.16,73.27,47.32,99.37,19.12,NORMAL,0
2026-09-20 11:24:30,DT-001,NORMAL,35.31,70.79,46.22,99.37,19.49,NORMAL,0
2026-09-20 11:24:31,DT-001,NORMAL,37.33,67.91,45.55,99.36,20.14,NORMAL,0
2026-09-20 11:24:32,DT-001,NORMAL,38.12,63.37,44.45,99.36,18.36,NORMAL,0
2026-09-20 11:24:33,DT-001,NORMAL,39.29,60.13,44.16,99.36,17.59,NORMAL,0
2026-09-20 11:24:34,DT-001,NORMAL,39.69,59.83,43.89,99.36,15.81,NORMAL,0
2026-09-20 11:24:35,DT-001,FAULT,87.2,56.23,46.42,99.35,18.55,HIGH_CPU,1
2026-09-20 11:24:36,DT-001,FAULT,97.79,53.05,48.94,99.34,19.57,HIGH_CPU,1
2026-09-20 11:24:37,DT-001,FAULT,97.17,51.97,49.63,99.34,18.01,HIGH_CPU,1
2026-09-20 11:24:38,DT-001,FAULT,93.1,51.27,51.02,99.34,18.71,HIGH_CPU,1
2026-09-20 11:24:39,DT-001,FAULT,87.03,49.72,52.25,99.33,21.21,HIGH_CPU,1
2026-09-20 11:24:40,DT-001,FAULT,90.05,50.44,52.7,99.33,19.38,HIGH_CPU,1
2026-09-20 11:24:41,DT-001,FAULT,94.34,49.34,52.85,99.33,21.06,HIGH_CPU,1
2026-09-20 11:24:42,DT-001,NORMAL,87.37,49.9,51.66,99.32,22.45,NORMAL,0
2026-09-20 11:24:43,DT-001,NORMAL,84.22,47.23,51.2,99.31,22.39,NORMAL,0
2026-09-20 11:24:44,DT-001,NORMAL,76.55,47.08,49.71,99.3,21.87,NORMAL,0
2026-09-20 11:24:45,DT-001,NORMAL,69.74,46.47,48.84,99.29,19.81,NORMAL,0
2026-09-20 11:24:46,DT-001,NORMAL,68.01,46.33,48.35,99.28,17.17,NORMAL,0
2026-09-20 11:24:47,DT-001,NORMAL,66.58,45.67,46.97,99.28,15.97,NORMAL,0
2026-09-20 11:24:48,DT-001,NORMAL,61.27,45.68,46.01,99.28,13.74,NORMAL,0
2026-09-20 11:24:49,DT-001,NORMAL,58.12,45.62,44.79,99.27,13.55,NORMAL,0
2026-09-20 11:24:50,DT-001,NORMAL,53.08,45.33,44.55,99.26,12.29,NORMAL,0
2026-09-20 11:24:51,DT-001,NORMAL,51.43,46.01,44.23,99.26,11.43,NORMAL,0
2026-09-20 11:24:52,DT-001,NORMAL,47.72,43.75,43.52,99.26,11.18,NORMAL,0
2026-09-20 11:24:53,DT-001,NORMAL,44.73,43.19,43.24,99.26,10.82,NORMAL,0
2026-09-20 11:24:54,DT-001,NORMAL,42.96,44.52,42.79,99.26,10.26,NORMAL,0
2026-09-20 11:24:55,DT-001,NORMAL,43.94,45.46,42.79,99.25,10.27,NORMAL,0
2026-09-20 11:24:56,DT-001,NORMAL,43.13,45.94,42.7,99.24,12.25,NORMAL,0
2026-09-20 11:24:57,DT-001,NORMAL,44.39,43.87,42.71,99.23,11.23,NORMAL,0
2026-09-20 11:24:58,DT-001,NORMAL,42.12,42.65,42.27,99.22,9.61,NORMAL,0
2026-09-20 11:24:59,DT-001,NORMAL,41.22,41.86,41.33,99.22,11.95,NORMAL,0
2026-09-20 11:25:00,DT-001,NORMAL,41.76,41.03,41.68,99.22,13.94,NORMAL,0
2026-09-20 11:25:01,DT-001,NORMAL,41.5,40.02,41.75,99.21,12.1,NORMAL,0
2026-09-20 11:25:02,DT-001,NORMAL,40.2,38.4,40.87,99.2,14.66,NORMAL,0
2026-09-20 11:25:03,DT-001,FAULT,45.25,37.18,91.29,99.2,16.61,HIGH_TEMPERATURE,1
2026-09-20 11:25:04,DT-001,FAULT,47.81,36.31,86.42,99.2,15.37,HIGH_TEMPERATURE,1
2026-09-20 11:25:05,DT-001,FAULT,49.47,37.53,89.97,99.2,18.08,HIGH_TEMPERATURE,1
2026-09-20 11:25:06,DT-001,FAULT,50.71,38.24,89.89,99.2,17.97,HIGH_TEMPERATURE,1
2026-09-20 11:25:07,DT-001,FAULT,51.22,38.81,93.23,99.19,17.54,HIGH_TEMPERATURE,1
2026-09-20 11:25:08,DT-001,FAULT,48.46,37.86,79.22,99.18,15.8,HIGH_TEMPERATURE,1
2026-09-20 11:25:09,DT-001,FAULT,53.08,37.35,79.18,99.18,16.26,HIGH_TEMPERATURE,1
2026-09-20 11:25:10,DT-001,FAULT,53.39,35.97,99.31,99.17,16.54,HIGH_TEMPERATURE,1
2026-09-20 11:25:11,DT-001,FAULT,52.68,37.02,96.46,99.16,14.69,HIGH_TEMPERATURE,1
2026-09-20 11:25:12,DT-001,FAULT,51.84,39.04,96.84,99.16,13.6,HIGH_TEMPERATURE,1
2026-09-20 11:25:13,DT-001,FAULT,49.87,37.7,79.04,99.16,13.36,HIGH_TEMPERATURE,1
2026-09-20 11:25:14,DT-001,FAULT,49.62,36.8,84.5,99.15,13.51,HIGH_TEMPERATURE,1
2026-09-20 11:25:15,DT-001,FAULT,48.68,38.88,88.35,99.15,14.7,HIGH_TEMPERATURE,1
2026-09-20 11:25:16,DT-001,FAULT,46.98,38.17,99.09,99.15,16.45,HIGH_TEMPERATURE,1
2026-09-20 11:25:17,DT-001,FAULT,49.2,39.76,79.76,99.14,18.94,HIGH_TEMPERATURE,1
2026-09-20 11:25:18,DT-001,NORMAL,48.61,40.95,75.89,99.13,19.46,NORMAL,0
2026-09-20 11:25:19,DT-001,NORMAL,48.33,41.95,73.01,99.13,19.01,NORMAL,0
2026-09-20 11:25:20,DT-001,NORMAL,47.59,42.03,70.32,99.13,21.69,NORMAL,0
2026-09-20 11:25:21,DT-001,NORMAL,45.21,42.69,67.0,99.12,21.44,NORMAL,0
2026-09-20 11:25:22,DT-001,NORMAL,43.41,41.4,64.14,99.12,20.38,NORMAL,0
2026-09-20 11:25:23,DT-001,NORMAL,41.49,39.61,61.58,99.12,17.69,NORMAL,0
2026-09-20 11:25:24,DT-001,NORMAL,41.59,41.04,58.83,99.11,16.66,NORMAL,0
2026-09-20 11:25:25,DT-001,FAULT,37.79,39.92,56.29,14.69,15.18,LOW_BATTERY,1
2026-09-20 11:25:26,DT-001,FAULT,35.59,38.23,54.46,3.69,14.38,LOW_BATTERY,1
2026-09-20 11:25:27,DT-001,FAULT,33.41,40.0,53.39,7.23,16.0,LOW_BATTERY,1
2026-09-20 11:25:28,DT-001,FAULT,35.0,40.27,52.52,11.6,13.93,LOW_BATTERY,1
2026-09-20 11:25:29,DT-001,FAULT,34.68,38.6,51.79,17.11,16.79,LOW_BATTERY,1
2026-09-20 11:25:30,DT-001,FAULT,36.56,39.32,50.26,17.18,17.81,LOW_BATTERY,1
2026-09-20 11:25:31,DT-001,FAULT,33.44,38.61,49.32,16.74,19.07,LOW_BATTERY,1
2026-09-20 11:25:32,DT-001,FAULT,31.61,37.28,48.47,10.32,17.12,LOW_BATTERY,1
2026-09-20 11:25:33,DT-001,NORMAL,32.15,37.66,47.31,100.0,16.24,NORMAL,0
2026-09-20 11:25:34,DT-001,NORMAL,34.53,36.66,46.1,99.99,15.92,NORMAL,0
2026-09-20 11:25:35,DT-001,NORMAL,34.71,35.38,45.78,99.99,14.89,NORMAL,0
2026-09-20 11:25:36,DT-001,NORMAL,32.09,35.55,44.68,99.98,12.87,NORMAL,0
2026-09-20 11:25:37,DT-001,FAULT,33.27,37.44,44.08,99.98,497.84,HIGH_NETWORK_LATENCY,1
2026-09-20 11:25:38,DT-001,FAULT,32.22,37.21,43.05,99.97,145.78,HIGH_NETWORK_LATENCY,1
2026-09-20 11:25:39,DT-001,FAULT,30.54,38.31,43.4,99.97,240.09,HIGH_NETWORK_LATENCY,1
2026-09-20 11:25:40,DT-001,FAULT,28.08,38.57,43.16,99.96,234.84,HIGH_NETWORK_LATENCY,1
2026-09-20 11:25:41,DT-001,FAULT,26.7,39.04,42.57,99.96,262.64,HIGH_NETWORK_LATENCY,1
2026-09-20 11:25:42,DT-001,FAULT,25.76,40.02,41.9,99.95,476.81,HIGH_NETWORK_LATENCY,1
2026-09-20 11:25:43,DT-001,FAULT,28.44,40.32,41.45,99.95,399.43,HIGH_NETWORK_LATENCY,1
2026-09-20 11:25:44,DT-001,FAULT,29.99,41.84,41.5,99.94,402.57,HIGH_NETWORK_LATENCY,1
2026-09-20 11:25:45,DT-001,FAULT,28.91,42.45,41.47,99.94,166.76,HIGH_NETWORK_LATENCY,1
2026-09-20 11:25:46,DT-001,NORMAL,31.08,42.97,41.31,99.93,152.41,NORMAL,0
2026-09-20 11:25:47,DT-001,NORMAL,33.43,42.22,41.14,99.92,141.71,NORMAL,0
2026-09-20 11:25:48,DT-001,NORMAL,34.13,43.25,41.46,99.92,128.27,NORMAL,0
2026-09-20 11:25:49,DT-001,NORMAL,35.37,41.49,40.86,99.92,116.69,NORMAL,0
2026-09-20 11:25:50,DT-001,NORMAL,33.31,42.6,40.26,99.92,108.09,NORMAL,0
2026-09-20 11:25:51,DT-001,NORMAL,33.96,41.3,40.95,99.91,97.98,NORMAL,0
2026-09-20 11:25:52,DT-001,NORMAL,33.89,39.85,40.48,99.91,89.61,NORMAL,0
2026-09-20 11:25:53,DT-001,NORMAL,36.01,39.42,40.95,99.9,81.35,NORMAL,0
2026-09-20 11:25:54,DT-001,NORMAL,37.67,39.91,41.16,99.9,75.4,NORMAL,0
2026-09-20 11:25:55,DT-001,NORMAL,34.96,38.61,41.31,99.9,67.67,NORMAL,0
2026-09-20 11:25:56,DT-001,NORMAL,31.77,38.48,40.73,99.89,61.15,NORMAL,0
2026-09-20 11:25:57,DT-001,NORMAL,29.64,40.29,40.65,99.89,57.52,NORMAL,0
2026-09-20 11:25:58,DT-001,NORMAL,30.26,41.34,40.56,99.88,55.73,NORMAL,0
2026-09-20 11:25:59,DT-001,NORMAL,28.98,40.64,41.08,99.88,54.45,NORMAL,0
2026-09-20 11:26:00,DT-001,NORMAL,29.45,40.97,40.35,99.88,49.5,NORMAL,0
2026-09-20 11:26:01,DT-001,FAULT,32.12,39.84,39.82,99.87,357.66,HIGH_NETWORK_LATENCY,1
2026-09-20 11:26:02,DT-001,FAULT,33.42,41.34,39.82,99.87,476.91,HIGH_NETWORK_LATENCY,1
2026-09-20 11:26:03,DT-001,FAULT,32.61,42.02,40.13,99.87,472.86,HIGH_NETWORK_LATENCY,1
2026-09-20 11:26:04,DT-001,FAULT,33.6,40.12,40.55,99.87,139.9,HIGH_NETWORK_LATENCY,1
2026-09-20 11:26:05,DT-001,FAULT,32.58,38.43,40.66,99.86,235.61,HIGH_NETWORK_LATENCY,1
2026-09-20 11:26:06,DT-001,FAULT,33.02,37.1,41.06,99.86,233.05,HIGH_NETWORK_LATENCY,1
2026-09-20 11:26:07,DT-001,FAULT,30.31,38.82,40.63,99.85,299.83,HIGH_NETWORK_LATENCY,1
2026-09-20 11:26:08,DT-001,FAULT,31.68,38.96,40.46,99.85,471.88,HIGH_NETWORK_LATENCY,1
2026-09-20 11:26:09,DT-001,FAULT,33.36,38.81,39.92,99.84,273.84,HIGH_NETWORK_LATENCY,1
2026-09-20 11:26:10,DT-001,FAULT,34.67,39.51,39.72,99.83,273.35,HIGH_NETWORK_LATENCY,1
2026-09-20 11:26:11,DT-001,FAULT,36.66,38.71,39.63,99.83,221.56,HIGH_NETWORK_LATENCY,1
2026-09-20 11:26:12,DT-001,FAULT,36.5,39.36,39.24,99.82,343.09,HIGH_NETWORK_LATENCY,1
2026-09-20 11:26:13,DT-001,FAULT,37.31,40.07,39.68,99.81,440.0,HIGH_NETWORK_LATENCY,1
2026-09-20 11:26:14,DT-001,FAULT,37.11,38.54,39.85,99.81,343.93,HIGH_NETWORK_LATENCY,1
2026-09-20 11:26:15,DT-001,NORMAL,35.4,38.02,40.39,99.8,313.16,NORMAL,0
2026-09-20 11:26:16,DT-001,NORMAL,36.61,39.21,40.26,99.8,281.85,NORMAL,0
2026-09-20 11:26:17,DT-001,NORMAL,36.44,40.7,39.66,99.8,256.85,NORMAL,0
2026-09-20 11:26:18,DT-001,NORMAL,38.14,40.75,39.91,99.79,235.38,NORMAL,0
2026-09-20 11:26:19,DT-001,NORMAL,36.18,42.23,39.53,99.79,214.92,NORMAL,0
2026-09-20 11:26:20,DT-001,NORMAL,35.3,42.88,40.28,99.78,193.47,NORMAL,0
2026-09-20 11:26:21,DT-001,NORMAL,35.26,42.7,40.85,99.77,175.04,NORMAL,0
2026-09-20 11:26:22,DT-001,NORMAL,37.05,41.22,40.62,99.77,159.56,NORMAL,0
2026-09-20 11:26:23,DT-001,NORMAL,38.22,42.08,40.59,99.76,143.6,NORMAL,0
2026-09-20 11:26:24,DT-001,NORMAL,38.17,42.41,39.9,99.75,133.79,NORMAL,0
2026-09-20 11:26:25,DT-001,NORMAL,36.75,40.55,40.19,99.74,120.79,NORMAL,0
2026-09-20 11:26:26,DT-001,NORMAL,36.48,40.02,39.89,99.74,111.12,NORMAL,0
2026-09-20 11:26:27,DT-001,NORMAL,37.83,39.2,39.22,99.73,102.09,NORMAL,0
2026-09-20 11:26:28,DT-001,NORMAL,37.72,39.52,39.73,99.73,94.84,NORMAL,0
2026-09-20 11:26:29,DT-001,NORMAL,34.26,40.0,40.36,99.73,86.79,NORMAL,0
2026-09-20 11:26:30,DT-001,NORMAL,35.67,38.42,40.87,99.72,79.49,NORMAL,0
2026-09-20 11:26:31,DT-001,NORMAL,32.94,37.94,41.36,99.71,74.53,NORMAL,0
2026-09-20 11:26:32,DT-001,NORMAL,31.44,38.14,41.84,99.7,68.12,NORMAL,0
2026-09-20 11:26:33,DT-001,NORMAL,30.54,38.3,41.08,99.7,61.99,NORMAL,0
2026-09-20 11:26:34,DT-001,NORMAL,27.81,36.86,41.0,99.69,59.34,NORMAL,0
2026-09-20 11:26:35,DT-001,NORMAL,28.2,35.85,41.17,99.69,54.94,NORMAL,0
2026-09-20 11:26:36,DT-001,NORMAL,27.43,35.02,41.61,99.68,50.15,NORMAL,0
2026-09-20 11:26:37,DT-001,NORMAL,28.17,35.42,41.16,99.68,49.02,NORMAL,0
2026-09-20 11:26:38,DT-001,NORMAL,28.51,37.36,41.76,99.68,47.6,NORMAL,0
2026-09-20 11:26:39,DT-001,NORMAL,30.39,38.95,41.92,99.67,47.32,NORMAL,0
2026-09-20 11:26:40,DT-001,NORMAL,27.9,39.49,42.17,99.67,46.83,NORMAL,0
2026-09-20 11:26:41,DT-001,NORMAL,27.63,38.37,42.38,99.67,41.71,NORMAL,0
2026-09-20 11:26:42,DT-001,NORMAL,28.05,36.84,42.3,99.66,40.87,NORMAL,0
2026-09-20 11:26:43,DT-001,NORMAL,29.15,35.4,42.46,99.65,40.53,NORMAL,0
2026-09-20 11:26:44,DT-001,NORMAL,29.16,37.1,42.68,99.65,38.41,NORMAL,0
2026-09-20 11:26:45,DT-001,NORMAL,28.36,36.14,42.08,99.64,35.97,NORMAL,0
2026-09-20 11:26:46,DT-001,NORMAL,25.89,35.87,41.21,99.64,35.74,NORMAL,0
2026-09-20 11:26:47,DT-001,NORMAL,27.34,35.56,41.1,99.63,34.56,NORMAL,0
2026-09-20 11:26:48,DT-001,NORMAL,28.36,35.01,40.63,99.63,32.23,NORMAL,0
2026-09-20 11:26:49,DT-001,NORMAL,29.93,33.87,40.8,99.63,29.21,NORMAL,0
2026-09-20 11:26:50,DT-001,NORMAL,28.7,35.02,41.16,99.63,26.85,NORMAL,0
2026-09-20 11:26:51,DT-001,NORMAL,31.05,35.88,41.42,99.62,24.98,NORMAL,0
2026-09-20 11:26:52,DT-001,NORMAL,28.34,35.18,41.01,99.62,22.3,NORMAL,0
2026-09-20 11:26:53,DT-001,NORMAL,29.4,35.56,40.96,99.62,22.66,NORMAL,0
2026-09-20 11:26:54,DT-001,NORMAL,27.37,35.32,40.88,99.62,21.14,NORMAL,0
2026-09-20 11:26:55,DT-001,NORMAL,27.76,34.56,40.08,99.61,22.24,NORMAL,0
2026-09-20 11:26:56,DT-001,NORMAL,27.01,35.61,40.61,99.6,23.67,NORMAL,0
2026-09-20 11:26:57,DT-001,NORMAL,27.69,34.82,40.76,99.6,25.84,NORMAL,0
2026-09-20 11:26:58,DT-001,NORMAL,29.2,34.84,40.75,99.59,26.64,NORMAL,0
2026-09-20 11:26:59,DT-001,NORMAL,28.85,35.28,41.29,99.59,27.87,NORMAL,0
2026-09-20 11:27:00,DT-001,NORMAL,30.04,35.34,40.71,99.59,27.93,NORMAL,0
2026-09-20 11:27:01,DT-001,NORMAL,31.02,35.34,41.33,99.58,29.26,NORMAL,0
2026-09-20 11:27:02,DT-001,NORMAL,30.75,35.81,40.9,99.58,27.69,NORMAL,0
2026-09-20 11:27:03,DT-001,NORMAL,29.81,35.55,40.99,99.57,24.35,NORMAL,0
2026-09-20 11:27:04,DT-001,NORMAL,27.95,34.68,41.21,99.57,23.77,NORMAL,0
2026-09-20 11:27:05,DT-001,NORMAL,28.17,35.5,41.78,99.56,21.93,NORMAL,0
2026-09-20 11:27:06,DT-001,NORMAL,28.75,34.28,42.06,99.55,21.35,NORMAL,0
2026-09-20 11:27:07,DT-001,NORMAL,30.89,35.62,42.03,99.55,22.14,NORMAL,0
2026-09-20 11:27:08,DT-001,NORMAL,32.47,37.8,41.95,99.54,19.61,NORMAL,0
2026-09-20 11:27:09,DT-001,NORMAL,31.8,37.35,41.32,99.54,22.28,NORMAL,0
2026-09-20 11:27:10,DT-001,NORMAL,31.86,38.06,40.53,99.53,20.49,NORMAL,0
2026-09-20 11:27:11,DT-001,NORMAL,30.88,36.69,40.47,99.53,20.88,NORMAL,0
2026-09-20 11:27:12,DT-001,NORMAL,33.42,37.97,40.6,99.53,22.56,NORMAL,0
2026-09-20 11:27:13,DT-001,NORMAL,31.8,38.21,40.42,99.53,24.25,NORMAL,0
2026-09-20 11:27:14,DT-001,NORMAL,32.62,38.03,39.87,99.52,24.8,NORMAL,0
2026-09-20 11:27:15,DT-001,NORMAL,34.71,39.25,40.03,99.51,23.43,NORMAL,0
2026-09-20 11:27:16,DT-001,NORMAL,36.29,39.5,39.53,99.51,24.65,NORMAL,0
2026-09-20 11:27:17,DT-001,NORMAL,35.05,40.11,39.96,99.5,22.2,NORMAL,0
2026-09-20 11:27:18,DT-001,NORMAL,35.35,40.06,40.56,99.5,23.39,NORMAL,0
2026-09-20 11:27:19,DT-001,NORMAL,32.31,38.68,40.44,99.5,22.95,NORMAL,0
2026-09-20 11:27:20,DT-001,NORMAL,32.37,38.4,40.55,99.49,21.44,NORMAL,0
2026-09-20 11:27:21,DT-001,NORMAL,33.02,39.82,40.73,99.49,21.05,NORMAL,0
2026-09-20 11:27:22,DT-001,NORMAL,33.87,38.2,40.64,99.48,21.56,NORMAL,0
2026-09-20 11:27:23,DT-001,NORMAL,35.01,39.69,41.29,99.48,20.62,NORMAL,0
2026-09-20 11:27:24,DT-001,NORMAL,36.13,39.52,41.51,99.47,22.39,NORMAL,0
2026-09-20 11:27:25,DT-001,NORMAL,37.57,38.12,41.11,99.47,23.13,NORMAL,0
2026-09-20 11:27:26,DT-001,NORMAL,36.49,39.77,40.79,99.46,22.95,NORMAL,0
2026-09-20 11:27:27,DT-001,NORMAL,36.79,40.65,40.74,99.45,21.47,NORMAL,0
2026-09-20 11:27:28,DT-001,NORMAL,35.39,40.62,40.25,99.44,20.3,NORMAL,0
2026-09-20 11:27:29,DT-001,NORMAL,34.76,38.94,40.83,99.44,18.4,NORMAL,0
2026-09-20 11:27:30,DT-001,NORMAL,35.09,38.41,40.09,99.44,21.2,NORMAL,0
2026-09-20 11:27:31,DT-001,NORMAL,35.27,38.19,40.71,99.43,18.79,NORMAL,0
2026-09-20 11:27:32,DT-001,NORMAL,35.49,39.73,40.57,99.43,16.5,NORMAL,0
2026-09-20 11:27:33,DT-001,NORMAL,33.5,41.46,40.95,99.42,16.08,NORMAL,0
2026-09-20 11:27:34,DT-001,NORMAL,31.87,43.03,40.96,99.42,18.71,NORMAL,0
2026-09-20 11:27:35,DT-001,NORMAL,33.41,42.45,41.38,99.41,20.54,NORMAL,0
2026-09-20 11:27:36,DT-001,NORMAL,31.54,40.89,40.98,99.41,20.47,NORMAL,0
2026-09-20 11:27:37,DT-001,NORMAL,33.38,40.28,41.52,99.41,21.54,NORMAL,0
2026-09-20 11:27:38,DT-001,NORMAL,35.26,40.86,41.6,99.4,21.44,NORMAL,0
2026-09-20 11:27:39,DT-001,NORMAL,36.21,39.73,40.78,99.4,19.07,NORMAL,0
2026-09-20 11:27:40,DT-001,NORMAL,37.87,40.34,40.91,99.39,17.69,NORMAL,0
2026-09-20 11:27:41,DT-001,NORMAL,34.87,41.58,41.16,99.39,17.09,NORMAL,0
2026-09-20 11:27:42,DT-001,NORMAL,34.58,41.72,41.47,99.39,17.2,NORMAL,0
2026-09-20 11:27:43,DT-001,NORMAL,33.0,41.13,41.28,99.38,15.74,NORMAL,0
2026-09-20 11:27:44,DT-001,NORMAL,34.01,41.28,41.22,99.38,18.44,NORMAL,0
2026-09-20 11:27:45,DT-001,NORMAL,34.91,42.67,41.25,99.37,18.28,NORMAL,0
2026-09-20 11:27:46,DT-001,NORMAL,36.84,43.84,40.52,99.37,17.94,NORMAL,0
2026-09-20 11:27:47,DT-001,NORMAL,36.94,45.05,41.03,99.37,19.7,NORMAL,0
2026-09-20 11:27:48,DT-001,NORMAL,35.03,44.47,41.21,99.37,20.22,NORMAL,0
2026-09-20 11:27:49,DT-001,NORMAL,32.92,43.98,41.02,99.36,22.88,NORMAL,0
2026-09-20 11:27:50,DT-001,NORMAL,33.81,42.23,40.78,99.36,25.27,NORMAL,0
2026-09-20 11:27:51,DT-001,NORMAL,34.89,40.31,40.2,99.35,25.47,NORMAL,0
2026-09-20 11:27:52,DT-001,NORMAL,35.75,40.55,40.39,99.34,26.65,NORMAL,0
2026-09-20 11:27:53,DT-001,NORMAL,37.28,40.19,40.28,99.34,27.31,NORMAL,0
2026-09-20 11:27:54,DT-001,NORMAL,36.09,41.8,39.54,99.33,27.91,NORMAL,0
2026-09-20 11:27:55,DT-001,NORMAL,34.28,42.74,40.19,99.33,29.01,NORMAL,0
2026-09-20 11:27:56,DT-001,NORMAL,34.83,44.19,39.84,99.33,25.62,NORMAL,0
2026-09-20 11:27:57,DT-001,NORMAL,32.77,43.55,39.74,99.32,24.63,NORMAL,0
2026-09-20 11:27:58,DT-001,NORMAL,33.79,41.73,40.29,99.32,23.24,NORMAL,0
2026-09-20 11:27:59,DT-001,NORMAL,32.2,41.21,39.94,99.32,21.1,NORMAL,0
2026-09-20 11:28:00,DT-001,NORMAL,33.92,39.52,39.66,99.31,20.24,NORMAL,0
2026-09-20 11:28:01,DT-001,NORMAL,31.58,40.68,40.15,99.31,19.58,NORMAL,0
2026-09-20 11:28:02,DT-001,NORMAL,29.42,39.59,40.23,99.3,18.85,NORMAL,0
2026-09-20 11:28:03,DT-001,NORMAL,28.83,40.04,39.97,99.3,17.12,NORMAL,0
2026-09-20 11:28:04,DT-001,NORMAL,29.95,39.59,40.52,99.29,16.32,NORMAL,0
2026-09-20 11:28:05,DT-001,NORMAL,28.42,40.92,40.89,99.28,15.73,NORMAL,0
2026-09-20 11:28:06,DT-001,NORMAL,29.89,40.23,40.17,99.28,14.59,NORMAL,0
2026-09-20 11:28:07,DT-001,NORMAL,32.43,41.21,40.77,99.27,15.39,NORMAL,0
2026-09-20 11:28:08,DT-001,NORMAL,30.47,42.57,40.3,99.27,15.69,NORMAL,0
2026-09-20 11:28:09,DT-001,NORMAL,28.98,41.42,40.07,99.27,17.41,NORMAL,0
2026-09-20 11:28:10,DT-001,NORMAL,30.09,40.53,40.54,99.27,15.47,NORMAL,0
2026-09-20 11:28:11,DT-001,NORMAL,31.6,40.33,40.51,99.26,14.93,NORMAL,0
2026-09-20 11:28:12,DT-001,NORMAL,33.47,38.53,39.76,99.26,14.06,NORMAL,0
2026-09-20 11:28:13,DT-001,NORMAL,32.77,37.21,39.34,99.25,16.29,NORMAL,0
2026-09-20 11:28:14,DT-001,NORMAL,30.12,38.3,39.46,99.24,14.43,NORMAL,0
2026-09-20 11:28:15,DT-001,NORMAL,27.86,37.0,38.89,99.24,14.88,NORMAL,0
2026-09-20 11:28:16,DT-001,NORMAL,28.78,38.9,38.3,99.23,13.11,NORMAL,0
2026-09-20 11:28:17,DT-001,NORMAL,26.45,39.63,38.66,99.23,12.73,NORMAL,0
2026-09-20 11:28:18,DT-001,NORMAL,26.56,38.06,39.0,99.22,10.77,NORMAL,0
2026-09-20 11:28:19,DT-001,NORMAL,28.64,38.81,38.73,99.21,9.38,NORMAL,0
2026-09-20 11:28:20,DT-001,NORMAL,27.04,39.81,38.15,99.21,8.74,NORMAL,0
2026-09-20 11:28:21,DT-001,NORMAL,29.82,39.58,38.1,99.21,12.26,NORMAL,0
2026-09-20 11:28:22,DT-001,NORMAL,27.24,39.0,38.77,99.21,14.33,NORMAL,0
2026-09-20 11:28:23,DT-001,NORMAL,29.07,37.4,38.76,99.21,13.9,NORMAL,0
2026-09-20 11:28:24,DT-001,NORMAL,30.45,37.9,38.19,99.2,13.98,NORMAL,0
2026-09-20 11:28:25,DT-001,NORMAL,28.82,38.97,37.85,99.19,12.62,NORMAL,0
2026-09-20 11:28:26,DT-001,NORMAL,31.59,38.11,38.76,99.19,14.25,NORMAL,0
2026-09-20 11:28:27,DT-001,NORMAL,30.77,38.86,38.3,99.19,15.44,NORMAL,0
2026-09-20 11:28:28,DT-001,NORMAL,28.4,39.9,38.12,99.18,14.4,NORMAL,0
2026-09-20 11:28:29,DT-001,NORMAL,27.09,38.74,37.85,99.18,17.51,NORMAL,0
2026-09-20 11:28:30,DT-001,NORMAL,25.54,39.7,37.71,99.17,17.29,NORMAL,0
2026-09-20 11:28:31,DT-001,NORMAL,23.96,39.03,37.94,99.17,19.2,NORMAL,0
2026-09-20 11:28:32,DT-001,NORMAL,24.18,37.34,37.8,99.16,18.9,NORMAL,0
2026-09-20 11:28:33,DT-001,NORMAL,26.09,38.44,38.14,99.16,18.67,NORMAL,0
2026-09-20 11:28:34,DT-001,NORMAL,27.4,39.04,38.86,99.16,19.68,NORMAL,0
2026-09-20 11:28:35,DT-001,NORMAL,28.33,37.98,38.93,99.15,19.2,NORMAL,0
2026-09-20 11:28:36,DT-001,NORMAL,27.61,37.02,38.87,99.14,18.58,NORMAL,0
2026-09-20 11:28:37,DT-001,NORMAL,29.72,36.48,39.36,99.14,16.87,NORMAL,0
2026-09-20 11:28:38,DT-001,NORMAL,31.76,36.87,39.6,99.14,16.11,NORMAL,0
2026-09-20 11:28:39,DT-001,NORMAL,33.11,36.71,39.28,99.13,17.56,NORMAL,0
2026-09-20 11:28:40,DT-001,NORMAL,34.84,38.04,40.0,99.12,17.23,NORMAL,0
2026-09-20 11:28:41,DT-001,NORMAL,35.26,37.65,40.09,99.11,18.59,NORMAL,0
2026-09-20 11:28:42,DT-001,NORMAL,36.15,39.26,40.19,99.1,20.07,NORMAL,0
2026-09-20 11:28:43,DT-001,NORMAL,33.93,40.81,40.54,99.1,22.35,NORMAL,0
2026-09-20 11:28:44,DT-001,NORMAL,31.39,40.64,39.99,99.09,22.9,NORMAL,0
2026-09-20 11:28:45,DT-001,NORMAL,33.69,41.46,40.06,99.09,21.37,NORMAL,0
2026-09-20 11:28:46,DT-001,NORMAL,32.17,41.49,40.05,99.09,22.15,NORMAL,0
2026-09-20 11:28:47,DT-001,FAULT,94.13,40.07,42.92,99.08,20.51,HIGH_CPU,1
2026-09-20 11:28:48,DT-001,FAULT,99.2,40.63,43.67,99.08,18.97,HIGH_CPU,1
2026-09-20 11:28:49,DT-001,FAULT,88.67,41.58,45.52,99.07,16.85,HIGH_CPU,1
2026-09-20 11:28:50,DT-001,FAULT,96.6,40.09,47.22,99.06,18.65,HIGH_CPU,1
2026-09-20 11:28:51,DT-001,FAULT,85.29,40.49,49.75,99.06,20.97,HIGH_CPU,1
2026-09-20 11:28:52,DT-001,FAULT,89.28,39.63,50.92,99.05,18.83,HIGH_CPU,1
2026-09-20 11:28:53,DT-001,FAULT,89.17,38.94,51.51,99.05,17.99,HIGH_CPU,1
2026-09-20 11:28:54,DT-001,FAULT,96.26,40.24,51.28,99.04,17.1,HIGH_CPU,1
2026-09-20 11:28:55,DT-001,FAULT,97.1,40.57,52.36,99.03,17.85,HIGH_CPU,1
2026-09-20 11:28:56,DT-001,FAULT,86.2,39.49,53.92,99.03,19.93,HIGH_CPU,1
2026-09-20 11:28:57,DT-001,FAULT,86.33,39.23,54.94,99.02,20.3,HIGH_CPU,1
2026-09-20 11:28:58,DT-001,FAULT,88.31,37.6,54.93,99.02,18.75,HIGH_CPU,1
2026-09-20 11:28:59,DT-001,FAULT,86.7,37.44,55.51,99.01,19.26,HIGH_CPU,1
2026-09-20 11:29:00,DT-001,FAULT,87.92,38.06,55.76,99.01,20.71,HIGH_CPU,1
2026-09-20 11:29:01,DT-001,FAULT,97.0,37.23,57.7,99.01,20.54,HIGH_CPU,1
2026-09-20 11:29:02,DT-001,FAULT,95.37,38.57,56.79,99.0,20.73,HIGH_CPU,1
2026-09-20 11:29:03,DT-001,FAULT,99.91,37.17,57.83,98.99,18.16,HIGH_CPU,1
2026-09-20 11:29:04,DT-001,NORMAL,92.38,39.16,56.16,98.98,19.23,NORMAL,0
2026-09-20 11:29:05,DT-001,NORMAL,83.58,40.5,54.77,98.98,21.43,NORMAL,0
2026-09-20 11:29:06,DT-001,NORMAL,78.38,41.64,53.18,98.97,19.23,NORMAL,0
2026-09-20 11:29:07,DT-001,NORMAL,76.24,42.37,51.24,98.97,16.82,NORMAL,0
2026-09-20 11:29:08,DT-001,NORMAL,69.57,43.38,49.69,98.96,18.45,NORMAL,0
2026-09-20 11:29:09,DT-001,NORMAL,65.9,44.44,49.43,98.96,16.97,NORMAL,0
2026-09-20 11:29:10,DT-001,NORMAL,63.37,44.23,48.74,98.95,19.64,NORMAL,0
2026-09-20 11:29:11,DT-001,NORMAL,58.44,43.96,47.23,98.95,19.58,NORMAL,0
2026-09-20 11:29:12,DT-001,NORMAL,57.67,44.61,45.95,98.94,21.14,NORMAL,0
2026-09-20 11:29:13,DT-001,NORMAL,55.88,45.69,45.81,98.93,19.97,NORMAL,0
2026-09-20 11:29:14,DT-001,NORMAL,55.28,43.9,45.86,98.93,20.81,NORMAL,0
2026-09-20 11:29:15,DT-001,NORMAL,50.7,44.73,45.21,98.92,19.74,NORMAL,0
2026-09-20 11:29:16,DT-001,NORMAL,50.97,42.73,45.31,98.92,19.42,NORMAL,0
2026-09-20 11:29:17,DT-001,NORMAL,48.16,42.03,45.3,98.92,17.17,NORMAL,0
2026-09-20 11:29:18,DT-001,NORMAL,48.85,40.16,44.96,98.91,19.99,NORMAL,0
2026-09-20 11:29:19,DT-001,NORMAL,46.31,41.16,45.19,98.91,20.76,NORMAL,0
2026-09-20 11:29:20,DT-001,NORMAL,43.51,39.42,44.97,98.91,19.79,NORMAL,0
2026-09-20 11:29:21,DT-001,NORMAL,41.68,40.06,45.14,98.91,17.47,NORMAL,0
2026-09-20 11:29:22,DT-001,NORMAL,42.21,39.47,45.35,98.91,18.57,NORMAL,0
2026-09-20 11:29:23,DT-001,NORMAL,43.11,37.73,45.0,98.9,19.9,NORMAL,0
2026-09-20 11:29:24,DT-001,NORMAL,42.92,38.26,44.64,98.9,20.02,NORMAL,0
2026-09-20 11:29:25,DT-001,NORMAL,40.87,38.04,43.87,98.89,22.45,NORMAL,0
2026-09-20 11:29:26,DT-001,NORMAL,37.4,37.76,43.61,98.89,23.45,NORMAL,0
2026-09-20 11:29:27,DT-001,NORMAL,35.84,38.58,43.11,98.88,24.61,NORMAL,0
2026-09-20 11:29:28,DT-001,NORMAL,33.34,40.48,42.72,98.87,23.91,NORMAL,0
2026-09-20 11:29:29,DT-001,NORMAL,31.02,40.99,42.31,98.87,22.88,NORMAL,0
2026-09-20 11:29:30,DT-001,FAULT,85.08,42.18,44.94,98.87,24.42,HIGH_CPU,1
2026-09-20 11:29:31,DT-001,FAULT,95.51,43.6,46.22,98.87,21.5,HIGH_CPU,1
2026-09-20 11:29:32,DT-001,FAULT,91.14,44.6,47.08,98.86,23.04,HIGH_CPU,1
2026-09-20 11:29:33,DT-001,FAULT,87.11,45.9,48.76,98.86,20.77,HIGH_CPU,1
2026-09-20 11:29:34,DT-001,FAULT,87.42,45.31,48.78,98.86,22.27,HIGH_CPU,1
2026-09-20 11:29:35,DT-001,FAULT,92.07,43.63,50.72,98.86,22.24,HIGH_CPU,1
2026-09-20 11:29:36,DT-001,NORMAL,85.09,43.65,49.78,98.86,20.79,NORMAL,0
2026-09-20 11:29:37,DT-001,NORMAL,80.94,42.45,48.96,98.85,20.02,NORMAL,0
2026-09-20 11:29:38,DT-001,NORMAL,76.95,43.78,47.84,98.85,21.93,NORMAL,0
2026-09-20 11:29:39,DT-001,NORMAL,70.6,45.08,47.69,98.84,19.92,NORMAL,0
2026-09-20 11:29:40,DT-001,NORMAL,67.04,46.1,46.22,98.84,18.79,NORMAL,0
2026-09-20 11:29:41,DT-001,NORMAL,65.69,44.98,45.58,98.83,19.45,NORMAL,0
2026-09-20 11:29:42,DT-001,NORMAL,60.72,43.14,45.08,98.82,16.93,NORMAL,0
2026-09-20 11:29:43,DT-001,NORMAL,58.31,44.3,44.88,98.81,16.17,NORMAL,0
2026-09-20 11:29:44,DT-001,NORMAL,57.48,42.53,44.77,98.81,14.37,NORMAL,0
2026-09-20 11:29:45,DT-001,NORMAL,53.59,42.48,44.72,98.8,17.0,NORMAL,0
2026-09-20 11:29:46,DT-001,NORMAL,48.73,40.73,44.26,98.8,17.9,NORMAL,0
2026-09-20 11:29:47,DT-001,FAULT,46.84,88.41,45.38,98.79,19.04,HIGH_MEMORY,1
2026-09-20 11:29:48,DT-001,FAULT,46.63,98.57,45.43,98.78,19.79,HIGH_MEMORY,1
2026-09-20 11:29:49,DT-001,FAULT,47.3,89.78,46.35,98.78,20.22,HIGH_MEMORY,1
2026-09-20 11:29:50,DT-001,FAULT,44.61,95.47,46.23,98.77,20.59,HIGH_MEMORY,1
2026-09-20 11:29:51,DT-001,FAULT,44.55,99.47,47.53,98.77,20.09,HIGH_MEMORY,1
2026-09-20 11:29:52,DT-001,FAULT,40.66,91.44,48.41,98.77,21.71,HIGH_MEMORY,1
2026-09-20 11:29:53,DT-001,FAULT,40.83,89.1,48.62,98.76,21.28,HIGH_MEMORY,1
2026-09-20 11:29:54,DT-001,FAULT,37.28,91.27,48.59,98.76,23.46,HIGH_MEMORY,1
2026-09-20 11:29:55,DT-001,FAULT,35.46,92.68,47.88,98.76,23.84,HIGH_MEMORY,1
2026-09-20 11:29:56,DT-001,FAULT,36.12,89.04,47.8,98.75,22.9,HIGH_MEMORY,1
2026-09-20 11:29:57,DT-001,FAULT,37.33,92.97,48.07,98.74,24.3,HIGH_MEMORY,1
2026-09-20 11:29:58,DT-001,FAULT,35.2,96.5,47.81,98.74,23.93,HIGH_MEMORY,1
2026-09-20 11:29:59,DT-001,FAULT,34.43,98.1,47.87,98.74,22.17,HIGH_MEMORY,1
2026-09-20 11:30:00,DT-001,FAULT,33.06,85.43,47.79,98.73,22.41,HIGH_MEMORY,1
2026-09-20 11:30:01,DT-001,FAULT,32.74,85.92,48.3,98.73,21.46,HIGH_MEMORY,1
2026-09-20 11:30:02,DT-001,FAULT,30.92,90.38,49.54,98.72,21.86,HIGH_MEMORY,1
2026-09-20 11:30:03,DT-001,NORMAL,29.87,85.48,49.04,98.72,20.19,NORMAL,0
2026-09-20 11:30:04,DT-001,NORMAL,32.1,79.64,48.04,98.72,22.23,NORMAL,0
2026-09-20 11:30:05,DT-001,NORMAL,29.68,74.44,47.21,98.71,22.55,NORMAL,0
2026-09-20 11:30:06,DT-001,NORMAL,27.16,69.51,46.44,98.7,20.55,NORMAL,0
2026-09-20 11:30:07,DT-001,NORMAL,28.44,66.88,46.37,98.69,18.93,NORMAL,0
2026-09-20 11:30:08,DT-001,NORMAL,30.4,63.82,46.44,98.68,20.4,NORMAL,0
2026-09-20 11:30:09,DT-001,NORMAL,28.31,60.47,45.3,98.68,20.53,NORMAL,0
2026-09-20 11:30:10,DT-001,NORMAL,27.72,57.29,44.11,98.68,20.93,NORMAL,0
2026-09-20 11:30:11,DT-001,NORMAL,26.54,54.64,43.52,98.68,21.4,NORMAL,0
2026-09-20 11:30:12,DT-001,NORMAL,24.52,51.58,42.48,98.67,22.06,NORMAL,0
2026-09-20 11:30:13,DT-001,NORMAL,24.4,49.29,42.0,98.67,22.81,NORMAL,0
2026-09-20 11:30:14,DT-001,NORMAL,22.61,49.22,41.59,98.66,19.84,NORMAL,0
2026-09-20 11:30:15,DT-001,NORMAL,26.03,49.42,40.92,98.66,21.45,NORMAL,0
2026-09-20 11:30:16,DT-001,NORMAL,28.07,47.46,41.18,98.66,20.68,NORMAL,0
2026-09-20 11:30:17,DT-001,NORMAL,28.08,47.73,41.44,98.66,19.95,NORMAL,0
2026-09-20 11:30:18,DT-001,NORMAL,27.12,46.04,40.6,98.65,20.57,NORMAL,0
2026-09-20 11:30:19,DT-001,NORMAL,26.62,46.08,40.83,98.65,18.25,NORMAL,0
2026-09-20 11:30:20,DT-001,NORMAL,26.95,47.16,41.05,98.65,17.59,NORMAL,0
2026-09-20 11:30:21,DT-001,NORMAL,28.05,47.38,40.32,98.65,18.23,NORMAL,0
2026-09-20 11:30:22,DT-001,NORMAL,29.98,47.17,40.25,98.64,19.29,NORMAL,0
2026-09-20 11:30:23,DT-001,NORMAL,30.66,45.22,39.86,98.64,18.77,NORMAL,0
2026-09-20 11:30:24,DT-001,NORMAL,31.56,44.48,39.71,98.63,19.61,NORMAL,0
2026-09-20 11:30:25,DT-001,NORMAL,30.04,42.78,40.01,98.63,18.87,NORMAL,0
2026-09-20 11:30:26,DT-001,NORMAL,32.03,42.06,40.2,98.62,19.78,NORMAL,0
2026-09-20 11:30:27,DT-001,NORMAL,30.31,41.85,39.58,98.61,20.37,NORMAL,0
2026-09-20 11:30:28,DT-001,NORMAL,27.8,43.25,39.26,98.6,21.81,NORMAL,0
2026-09-20 11:30:29,DT-001,NORMAL,29.38,43.15,39.61,98.6,22.72,NORMAL,0
2026-09-20 11:30:30,DT-001,NORMAL,27.52,42.61,39.8,98.59,24.35,NORMAL,0
2026-09-20 11:30:31,DT-001,NORMAL,26.19,44.05,40.18,98.58,22.61,NORMAL,0
2026-09-20 11:30:32,DT-001,NORMAL,26.86,44.73,40.16,98.58,20.03,NORMAL,0
2026-09-20 11:30:33,DT-001,NORMAL,29.31,45.76,39.62,98.58,21.54,NORMAL,0
2026-09-20 11:30:34,DT-001,NORMAL,26.85,44.78,39.45,98.57,20.8,NORMAL,0
2026-09-20 11:30:35,DT-001,NORMAL,26.86,45.36,39.1,98.56,18.37,NORMAL,0
2026-09-20 11:30:36,DT-001,NORMAL,25.47,44.03,39.83,98.56,20.19,NORMAL,0
2026-09-20 11:30:37,DT-001,NORMAL,28.35,43.14,39.69,98.55,19.56,NORMAL,0
2026-09-20 11:30:38,DT-001,NORMAL,28.03,42.93,39.74,98.55,17.76,NORMAL,0
2026-09-20 11:30:39,DT-001,NORMAL,29.86,41.88,39.57,98.55,16.94,NORMAL,0
2026-09-20 11:30:40,DT-001,NORMAL,28.88,43.34,39.73,98.54,16.81,NORMAL,0
2026-09-20 11:30:41,DT-001,NORMAL,31.3,44.3,39.24,98.53,19.11,NORMAL,0
2026-09-20 11:30:42,DT-001,NORMAL,32.53,45.22,39.62,98.53,21.6,NORMAL,0
2026-09-20 11:30:43,DT-001,NORMAL,33.37,45.11,39.78,98.52,22.44,NORMAL,0
2026-09-20 11:30:44,DT-001,NORMAL,31.08,43.27,39.24,98.52,23.72,NORMAL,0
2026-09-20 11:30:45,DT-001,NORMAL,28.29,41.67,38.88,98.51,23.14,NORMAL,0
2026-09-20 11:30:46,DT-001,NORMAL,29.49,42.78,39.23,98.5,21.67,NORMAL,0
2026-09-20 11:30:47,DT-001,NORMAL,29.5,42.75,39.83,98.5,19.43,NORMAL,0
2026-09-20 11:30:48,DT-001,NORMAL,30.62,40.86,39.16,98.5,20.09,NORMAL,0
2026-09-20 11:30:49,DT-001,NORMAL,29.44,40.97,39.73,98.49,22.5,NORMAL,0
2026-09-20 11:30:50,DT-001,NORMAL,27.84,41.4,40.31,98.48,24.55,NORMAL,0
2026-09-20 11:30:51,DT-001,NORMAL,26.81,39.69,40.89,98.48,25.53,NORMAL,0
2026-09-20 11:30:52,DT-001,NORMAL,26.56,39.38,40.39,98.48,26.94,NORMAL,0
2026-09-20 11:30:53,DT-001,NORMAL,27.02,38.37,39.8,98.47,28.31,NORMAL,0
2026-09-20 11:30:54,DT-001,NORMAL,24.76,40.15,39.17,98.46,28.43,NORMAL,0
2026-09-20 11:30:55,DT-001,NORMAL,27.54,38.79,39.71,98.45,29.59,NORMAL,0
2026-09-20 11:30:56,DT-001,NORMAL,30.45,37.87,40.24,98.44,27.98,NORMAL,0
2026-09-20 11:30:57,DT-001,NORMAL,30.46,39.67,40.49,98.44,27.18,NORMAL,0
2026-09-20 11:30:58,DT-001,NORMAL,28.17,38.64,39.73,98.44,27.42,NORMAL,0
2026-09-20 11:30:59,DT-001,NORMAL,27.2,38.55,40.36,98.43,27.01,NORMAL,0
2026-09-20 11:31:00,DT-001,NORMAL,27.05,38.94,40.81,98.43,24.63,NORMAL,0
2026-09-20 11:31:01,DT-001,NORMAL,26.64,40.36,41.31,98.42,23.48,NORMAL,0
2026-09-20 11:31:02,DT-001,NORMAL,29.51,41.68,40.57,98.41,22.01,NORMAL,0
2026-09-20 11:31:03,DT-001,NORMAL,28.72,42.95,40.83,98.41,22.58,NORMAL,0
2026-09-20 11:31:04,DT-001,NORMAL,26.41,44.28,41.08,98.4,23.71,NORMAL,0
2026-09-20 11:31:05,DT-001,NORMAL,25.61,44.35,40.34,98.4,21.95,NORMAL,0
2026-09-20 11:31:06,DT-001,NORMAL,25.43,43.95,39.7,98.4,20.83,NORMAL,0
2026-09-20 11:31:07,DT-001,NORMAL,26.72,42.74,39.94,98.39,20.52,NORMAL,0
2026-09-20 11:31:08,DT-001,NORMAL,24.62,40.82,40.14,98.39,19.95,NORMAL,0
2026-09-20 11:31:09,DT-001,NORMAL,24.52,40.55,40.11,98.38,20.22,NORMAL,0
2026-09-20 11:31:10,DT-001,NORMAL,27.56,40.88,39.6,98.38,22.42,NORMAL,0
2026-09-20 11:31:11,DT-001,NORMAL,29.95,40.89,39.73,98.37,22.09,NORMAL,0
2026-09-20 11:31:12,DT-001,NORMAL,27.76,40.32,40.37,98.37,23.5,NORMAL,0
2026-09-20 11:31:13,DT-001,NORMAL,25.89,40.53,40.29,98.36,22.81,NORMAL,0
2026-09-20 11:31:14,DT-001,NORMAL,27.45,39.41,39.83,98.35,22.41,NORMAL,0
2026-09-20 11:31:15,DT-001,NORMAL,26.74,37.77,40.52,98.35,21.49,NORMAL,0
2026-09-20 11:31:16,DT-001,NORMAL,27.84,36.43,40.25,98.35,22.45,NORMAL,0
2026-09-20 11:31:17,DT-001,NORMAL,26.69,38.42,40.93,98.34,22.71,NORMAL,0
2026-09-20 11:31:18,DT-001,NORMAL,25.2,37.35,40.69,98.34,22.27,NORMAL,0
2026-09-20 11:31:19,DT-001,NORMAL,25.59,37.83,40.0,98.34,23.74,NORMAL,0
2026-09-20 11:31:20,DT-001,NORMAL,25.64,37.99,40.53,98.34,25.39,NORMAL,0
2026-09-20 11:31:21,DT-001,NORMAL,24.19,38.25,40.05,98.33,24.64,NORMAL,0
2026-09-20 11:31:22,DT-001,NORMAL,24.15,38.75,40.49,98.32,23.19,NORMAL,0
2026-09-20 11:31:23,DT-001,NORMAL,26.41,39.64,39.96,98.32,22.97,NORMAL,0
2026-09-20 11:31:24,DT-001,NORMAL,26.37,41.36,39.25,98.32,24.39,NORMAL,0
2026-09-20 11:31:25,DT-001,NORMAL,24.08,42.72,39.94,98.32,25.15,NORMAL,0
2026-09-20 11:31:26,DT-001,FAULT,24.97,43.22,39.46,98.31,293.23,HIGH_NETWORK_LATENCY,1
2026-09-20 11:31:27,DT-001,FAULT,26.81,43.82,38.97,98.3,241.23,HIGH_NETWORK_LATENCY,1
2026-09-20 11:31:28,DT-001,FAULT,28.17,43.37,39.08,98.3,348.96,HIGH_NETWORK_LATENCY,1
2026-09-20 11:31:29,DT-001,FAULT,25.7,44.5,38.66,98.3,445.87,HIGH_NETWORK_LATENCY,1
2026-09-20 11:31:30,DT-001,FAULT,24.19,43.31,38.49,98.3,139.7,HIGH_NETWORK_LATENCY,1
2026-09-20 11:31:31,DT-001,FAULT,26.06,42.92,39.11,98.29,155.7,HIGH_NETWORK_LATENCY,1
2026-09-20 11:31:32,DT-001,FAULT,27.1,44.17,39.5,98.29,340.26,HIGH_NETWORK_LATENCY,1
2026-09-20 11:31:33,DT-001,FAULT,28.09,42.34,39.36,98.28,271.53,HIGH_NETWORK_LATENCY,1
2026-09-20 11:31:34,DT-001,FAULT,29.74,41.77,38.76,98.27,319.13,HIGH_NETWORK_LATENCY,1
2026-09-20 11:31:35,DT-001,FAULT,28.33,40.83,38.55,98.27,177.89,HIGH_NETWORK_LATENCY,1
2026-09-20 11:31:36,DT-001,FAULT,30.86,41.97,39.33,98.26,390.81,HIGH_NETWORK_LATENCY,1
2026-09-20 11:31:37,DT-001,FAULT,29.13,41.62,38.97,98.26,153.53,HIGH_NETWORK_LATENCY,1
2026-09-20 11:31:38,DT-001,NORMAL,27.91,43.21,39.36,98.25,139.43,NORMAL,0
2026-09-20 11:31:39,DT-001,NORMAL,29.05,42.6,39.81,98.25,129.05,NORMAL,0
2026-09-20 11:31:40,DT-001,NORMAL,26.89,43.94,39.16,98.24,115.68,NORMAL,0
2026-09-20 11:31:41,DT-001,NORMAL,28.98,42.29,38.54,98.24,104.14,NORMAL,0
2026-09-20 11:31:42,DT-001,NORMAL,29.47,41.02,38.34,98.23,94.84,NORMAL,0
2026-09-20 11:31:43,DT-001,NORMAL,29.82,42.19,38.1,98.23,87.36,NORMAL,0
2026-09-20 11:31:44,DT-001,NORMAL,29.8,40.49,37.84,98.23,80.1,NORMAL,0
2026-09-20 11:31:45,DT-001,NORMAL,31.54,40.03,38.73,98.22,76.38,NORMAL,0
2026-09-20 11:31:46,DT-001,NORMAL,30.77,39.24,39.34,98.21,68.17,NORMAL,0
2026-09-20 11:31:47,DT-001,NORMAL,33.09,40.94,39.68,98.2,62.85,NORMAL,0
2026-09-20 11:31:48,DT-001,NORMAL,34.28,39.56,39.56,98.2,60.5,NORMAL,0
2026-09-20 11:31:49,DT-001,NORMAL,32.05,40.39,39.85,98.2,53.96,NORMAL,0
2026-09-20 11:31:50,DT-001,NORMAL,33.9,40.99,39.35,98.19,51.45,NORMAL,0
2026-09-20 11:31:51,DT-001,NORMAL,34.41,40.44,38.72,98.19,45.74,NORMAL,0
2026-09-20 11:31:52,DT-001,NORMAL,32.78,41.57,38.84,98.19,45.62,NORMAL,0
2026-09-20 11:31:53,DT-001,NORMAL,30.11,41.93,39.28,98.18,42.08,NORMAL,0
2026-09-20 11:31:54,DT-001,NORMAL,30.94,40.72,39.49,98.17,42.02,NORMAL,0
2026-09-20 11:31:55,DT-001,NORMAL,28.63,39.06,39.86,98.17,39.96,NORMAL,0
2026-09-20 11:31:56,DT-001,NORMAL,27.33,39.34,39.91,98.16,39.63,NORMAL,0
2026-09-20 11:31:57,DT-001,NORMAL,29.35,41.09,39.45,98.15,40.09,NORMAL,0
2026-09-20 11:31:58,DT-001,NORMAL,31.85,39.41,39.57,98.14,39.47,NORMAL,0
2026-09-20 11:31:59,DT-001,NORMAL,29.24,40.33,38.96,98.14,36.01,NORMAL,0
2026-09-20 11:32:00,DT-001,NORMAL,28.91,39.37,38.95,98.14,36.66,NORMAL,0
2026-09-20 11:32:01,DT-001,FAULT,97.98,40.06,41.09,98.14,36.9,HIGH_CPU,1
2026-09-20 11:32:02,DT-001,FAULT,98.08,41.48,44.5,98.13,37.08,HIGH_CPU,1
2026-09-20 11:32:03,DT-001,FAULT,95.21,43.11,47.47,98.13,37.96,HIGH_CPU,1
2026-09-20 11:32:04,DT-001,FAULT,88.04,43.67,47.91,98.12,36.15,HIGH_CPU,1
2026-09-20 11:32:05,DT-001,FAULT,89.63,45.02,48.87,98.12,32.51,HIGH_CPU,1
2026-09-20 11:32:06,DT-001,FAULT,96.36,44.43,49.06,98.11,32.06,HIGH_CPU,1
2026-09-20 11:32:07,DT-001,FAULT,90.97,43.72,51.22,98.11,30.82,HIGH_CPU,1
2026-09-20 11:32:08,DT-001,FAULT,93.17,43.5,53.57,98.1,28.32,HIGH_CPU,1
2026-09-20 11:32:09,DT-001,FAULT,94.6,41.44,54.46,98.1,28.98,HIGH_CPU,1
2026-09-20 11:32:10,DT-001,NORMAL,88.64,40.16,52.92,98.1,29.86,NORMAL,0
2026-09-20 11:32:11,DT-001,NORMAL,83.15,40.82,51.55,98.09,31.31,NORMAL,0
2026-09-20 11:32:12,DT-001,NORMAL,76.89,39.61,51.0,98.09,32.29,NORMAL,0
2026-09-20 11:32:13,DT-001,NORMAL,72.79,39.52,50.01,98.08,30.08,NORMAL,0
2026-09-20 11:32:14,DT-001,NORMAL,66.54,39.0,48.98,98.08,28.71,NORMAL,0
2026-09-20 11:32:15,DT-001,NORMAL,64.7,38.67,47.4,98.07,30.07,NORMAL,0
2026-09-20 11:32:16,DT-001,NORMAL,62.54,37.09,45.98,98.07,30.2,NORMAL,0
2026-09-20 11:32:17,DT-001,NORMAL,57.26,37.17,45.95,98.06,28.26,NORMAL,0
2026-09-20 11:32:18,DT-001,NORMAL,52.85,35.9,45.82,98.06,29.86,NORMAL,0
2026-09-20 11:32:19,DT-001,NORMAL,50.01,37.4,45.28,98.05,29.67,NORMAL,0
2026-09-20 11:32:20,DT-001,NORMAL,46.97,37.4,44.12,98.05,30.18,NORMAL,0
2026-09-20 11:32:21,DT-001,FAULT,43.99,38.0,43.9,15.2,28.88,LOW_BATTERY,1
2026-09-20 11:32:22,DT-001,FAULT,42.54,38.7,44.22,14.16,28.76,LOW_BATTERY,1
2026-09-20 11:32:23,DT-001,FAULT,41.77,37.1,43.23,1.22,27.02,LOW_BATTERY,1
2026-09-20 11:32:24,DT-001,FAULT,41.37,37.0,43.08,13.82,24.54,LOW_BATTERY,1
2026-09-20 11:32:25,DT-001,FAULT,37.66,37.88,42.92,4.86,22.37,LOW_BATTERY,1
2026-09-20 11:32:26,DT-001,FAULT,35.21,38.47,43.09,3.86,19.51,LOW_BATTERY,1
2026-09-20 11:32:27,DT-001,FAULT,32.22,39.64,42.78,14.81,21.94,LOW_BATTERY,1
2026-09-20 11:32:28,DT-001,FAULT,33.54,41.13,42.72,14.68,20.45,LOW_BATTERY,1
2026-09-20 11:32:29,DT-001,FAULT,32.92,40.08,43.09,1.42,19.26,LOW_BATTERY,1
2026-09-20 11:32:30,DT-001,FAULT,34.3,40.05,43.19,5.71,20.1,LOW_BATTERY,1
2026-09-20 11:32:31,DT-001,NORMAL,34.75,40.4,43.45,100.0,22.3,NORMAL,0
2026-09-20 11:32:32,DT-001,NORMAL,35.46,40.51,43.09,100.0,22.85,NORMAL,0
2026-09-20 11:32:33,DT-001,NORMAL,34.23,39.58,43.1,100.0,23.41,NORMAL,0
2026-09-20 11:32:34,DT-001,NORMAL,36.37,40.2,42.68,99.99,23.14,NORMAL,0
2026-09-20 11:32:35,DT-001,NORMAL,37.75,40.21,42.82,99.98,24.75,NORMAL,0
2026-09-20 11:32:36,DT-001,NORMAL,39.28,40.75,43.18,99.97,26.19,NORMAL,0
2026-09-20 11:32:37,DT-001,NORMAL,36.82,42.39,43.34,99.97,24.17,NORMAL,0
2026-09-20 11:32:38,DT-001,FAULT,35.4,42.05,43.61,99.96,180.45,HIGH_NETWORK_LATENCY,1
2026-09-20 11:32:39,DT-001,FAULT,36.94,41.52,43.69,99.95,366.55,HIGH_NETWORK_LATENCY,1
2026-09-20 11:32:40,DT-001,FAULT,35.17,42.7,43.65,99.94,449.28,HIGH_NETWORK_LATENCY,1
2026-09-20 11:32:41,DT-001,FAULT,32.12,40.72,43.61,99.94,257.25,HIGH_NETWORK_LATENCY,1
2026-09-20 11:32:42,DT-001,FAULT,33.1,40.99,43.29,99.94,432.64,HIGH_NETWORK_LATENCY,1
2026-09-20 11:32:43,DT-001,FAULT,30.37,39.8,42.49,99.93,194.54,HIGH_NETWORK_LATENCY,1
2026-09-20 11:32:44,DT-001,FAULT,27.88,39.7,41.85,99.92,440.92,HIGH_NETWORK_LATENCY,1
2026-09-20 11:32:45,DT-001,FAULT,28.58,38.9,42.08,99.92,380.54,HIGH_NETWORK_LATENCY,1
2026-09-20 11:32:46,DT-001,FAULT,27.32,40.54,41.24,99.92,253.44,HIGH_NETWORK_LATENCY,1
2026-09-20 11:32:47,DT-001,FAULT,26.81,41.13,41.39,99.91,250.53,HIGH_NETWORK_LATENCY,1
2026-09-20 11:32:48,DT-001,FAULT,27.98,42.67,40.67,99.91,144.6,HIGH_NETWORK_LATENCY,1
2026-09-20 11:32:49,DT-001,FAULT,30.39,42.75,40.99,99.9,433.26,HIGH_NETWORK_LATENCY,1
2026-09-20 11:32:50,DT-001,FAULT,31.7,42.91,41.37,99.9,394.19,HIGH_NETWORK_LATENCY,1
2026-09-20 11:32:51,DT-001,FAULT,33.72,41.22,40.86,99.89,497.63,HIGH_NETWORK_LATENCY,1
2026-09-20 11:32:52,DT-001,FAULT,31.55,40.59,41.33,99.88,284.97,HIGH_NETWORK_LATENCY,1
2026-09-20 11:32:53,DT-001,FAULT,32.34,41.99,41.64,99.88,318.96,HIGH_NETWORK_LATENCY,1
2026-09-20 11:32:54,DT-001,FAULT,32.09,41.89,41.55,99.87,250.04,HIGH_NETWORK_LATENCY,1
2026-09-20 11:32:55,DT-001,FAULT,29.61,42.18,41.3,99.87,465.37,HIGH_NETWORK_LATENCY,1
2026-09-20 11:32:56,DT-001,FAULT,27.39,41.0,40.58,99.87,235.69,HIGH_NETWORK_LATENCY,1
2026-09-20 11:32:57,DT-001,FAULT,29.42,40.22,40.79,99.86,471.05,HIGH_NETWORK_LATENCY,1
2026-09-20 11:32:58,DT-001,NORMAL,29.34,40.36,40.14,99.86,424.58,NORMAL,0
2026-09-20 11:32:59,DT-001,NORMAL,27.22,41.56,40.63,99.85,385.9,NORMAL,0
2026-09-20 11:33:00,DT-001,NORMAL,27.09,42.2,41.1,99.85,348.91,NORMAL,0
2026-09-20 11:33:01,DT-001,NORMAL,25.62,41.71,41.01,99.84,316.08,NORMAL,0
2026-09-20 11:33:02,DT-001,NORMAL,25.74,40.31,41.04,99.83,286.06,NORMAL,0
2026-09-20 11:33:03,DT-001,NORMAL,26.73,40.04,40.24,99.83,261.74,NORMAL,0
2026-09-20 11:33:04,DT-001,NORMAL,29.48,39.8,40.21,99.83,236.68,NORMAL,0
2026-09-20 11:33:05,DT-001,NORMAL,30.73,40.98,40.24,99.82,212.98,NORMAL,0
2026-09-20 11:33:06,DT-001,NORMAL,31.86,40.67,40.47,99.82,191.92,NORMAL,0
2026-09-20 11:33:07,DT-001,NORMAL,30.49,39.62,40.82,99.81,174.89,NORMAL,0
2026-09-20 11:33:08,DT-001,NORMAL,30.45,40.92,40.15,99.8,157.53,NORMAL,0
2026-09-20 11:33:09,DT-001,NORMAL,30.99,39.9,39.85,99.8,144.74,NORMAL,0
2026-09-20 11:33:10,DT-001,NORMAL,32.43,38.97,39.5,99.8,131.52,NORMAL,0
2026-09-20 11:33:11,DT-001,NORMAL,31.53,37.94,39.7,99.8,119.46,NORMAL,0
2026-09-20 11:33:12,DT-001,NORMAL,32.72,38.61,39.29,99.8,111.41,NORMAL,0
2026-09-20 11:33:13,DT-001,NORMAL,31.36,38.51,39.53,99.8,103.86,NORMAL,0
2026-09-20 11:33:14,DT-001,NORMAL,32.23,39.94,39.81,99.79,95.39,NORMAL,0
2026-09-20 11:33:15,DT-001,NORMAL,29.89,38.21,39.32,99.79,90.27,NORMAL,0
2026-09-20 11:33:16,DT-001,NORMAL,30.46,37.99,39.8,99.78,80.89,NORMAL,0
2026-09-20 11:33:17,DT-001,NORMAL,32.35,38.22,40.31,99.78,75.42,NORMAL,0
2026-09-20 11:33:18,DT-001,NORMAL,33.36,38.36,40.74,99.78,67.71,NORMAL,0
2026-09-20 11:33:19,DT-001,NORMAL,32.47,39.97,41.08,99.78,63.91,NORMAL,0
2026-09-20 11:33:20,DT-001,NORMAL,32.14,40.95,40.77,99.77,60.5,NORMAL,0
2026-09-20 11:33:21,DT-001,NORMAL,31.61,40.11,41.2,99.76,58.29,NORMAL,0
2026-09-20 11:33:22,DT-001,NORMAL,33.41,38.5,40.75,99.76,56.13,NORMAL,0
2026-09-20 11:33:23,DT-001,NORMAL,31.08,39.18,41.03,99.76,52.84,NORMAL,0
2026-09-20 11:33:24,DT-001,NORMAL,28.45,38.23,41.56,99.75,51.61,NORMAL,0
2026-09-20 11:33:25,DT-001,NORMAL,27.62,38.04,41.78,99.75,49.25,NORMAL,0
2026-09-20 11:33:26,DT-001,NORMAL,25.2,39.25,42.01,99.75,47.33,NORMAL,0
2026-09-20 11:33:27,DT-001,NORMAL,24.86,39.78,41.87,99.74,43.19,NORMAL,0
2026-09-20 11:33:28,DT-001,NORMAL,25.4,38.16,42.24,99.73,41.76,NORMAL,0
2026-09-20 11:33:29,DT-001,NORMAL,23.55,39.68,41.75,99.73,38.4,NORMAL,0
2026-09-20 11:33:30,DT-001,NORMAL,24.44,38.49,40.86,99.73,37.41,NORMAL,0
2026-09-20 11:33:31,DT-001,NORMAL,26.59,37.46,41.16,99.72,36.67,NORMAL,0
2026-09-20 11:33:32,DT-001,NORMAL,28.3,37.31,40.5,99.71,34.52,NORMAL,0
2026-09-20 11:33:33,DT-001,NORMAL,25.82,37.71,40.7,99.7,33.87,NORMAL,0
2026-09-20 11:33:34,DT-001,NORMAL,28.88,38.8,40.78,99.7,32.54,NORMAL,0
2026-09-20 11:33:35,DT-001,NORMAL,29.79,38.66,40.25,99.7,30.5,NORMAL,0
2026-09-20 11:33:36,DT-001,NORMAL,30.89,37.36,39.57,99.69,26.79,NORMAL,0
2026-09-20 11:33:37,DT-001,NORMAL,29.4,37.84,40.15,99.69,26.95,NORMAL,0
2026-09-20 11:33:38,DT-001,NORMAL,30.04,36.63,39.73,99.69,25.56,NORMAL,0
2026-09-20 11:33:39,DT-001,NORMAL,32.1,37.27,39.15,99.69,25.77,NORMAL,0
2026-09-20 11:33:40,DT-001,NORMAL,34.24,37.26,39.2,99.69,24.35,NORMAL,0
2026-09-20 11:33:41,DT-001,NORMAL,31.73,36.4,39.17,99.68,23.59,NORMAL,0
2026-09-20 11:33:42,DT-001,NORMAL,33.24,37.44,39.51,99.68,24.58,NORMAL,0
2026-09-20 11:33:43,DT-001,NORMAL,31.51,37.17,38.99,99.67,25.55,NORMAL,0
2026-09-20 11:33:44,DT-001,NORMAL,32.85,37.61,39.73,99.67,24.97,NORMAL,0
2026-09-20 11:33:45,DT-001,NORMAL,30.92,39.09,39.79,99.66,26.22,NORMAL,0
2026-09-20 11:33:46,DT-001,NORMAL,32.07,38.17,40.03,99.65,28.05,NORMAL,0
2026-09-20 11:33:47,DT-001,NORMAL,34.36,37.64,40.44,99.65,25.5,NORMAL,0
2026-09-20 11:33:48,DT-001,NORMAL,35.15,36.08,41.05,99.64,26.6,NORMAL,0
2026-09-20 11:33:49,DT-001,NORMAL,32.46,35.74,41.13,99.64,24.24,NORMAL,0
2026-09-20 11:33:50,DT-001,NORMAL,30.12,35.8,41.06,99.64,25.91,NORMAL,0
2026-09-20 11:33:51,DT-001,NORMAL,30.0,37.45,40.79,99.63,27.89,NORMAL,0
2026-09-20 11:33:52,DT-001,NORMAL,30.05,37.64,40.03,99.63,27.42,NORMAL,0
2026-09-20 11:33:53,DT-001,NORMAL,27.36,37.08,39.62,99.62,28.95,NORMAL,0
2026-09-20 11:33:54,DT-001,NORMAL,28.86,38.06,39.05,99.62,30.62,NORMAL,0
2026-09-20 11:33:55,DT-001,NORMAL,27.06,39.89,39.85,99.61,30.43,NORMAL,0
2026-09-20 11:33:56,DT-001,NORMAL,29.7,39.48,40.0,99.61,26.92,NORMAL,0
2026-09-20 11:33:57,DT-001,NORMAL,29.07,41.1,39.49,99.61,26.46,NORMAL,0
2026-09-20 11:33:58,DT-001,NORMAL,29.24,40.2,39.0,99.61,23.59,NORMAL,0
2026-09-20 11:33:59,DT-001,NORMAL,30.37,41.16,39.74,99.6,25.11,NORMAL,0
2026-09-20 11:34:00,DT-001,NORMAL,31.29,41.14,40.1,99.59,24.71,NORMAL,0
2026-09-20 11:34:01,DT-001,NORMAL,31.58,42.45,40.21,99.59,24.78,NORMAL,0
2026-09-20 11:34:02,DT-001,NORMAL,33.74,40.89,40.17,99.59,24.55,NORMAL,0
2026-09-20 11:34:03,DT-001,NORMAL,32.48,40.5,40.18,99.59,24.74,NORMAL,0
2026-09-20 11:34:04,DT-001,NORMAL,34.9,41.86,39.46,99.59,22.71,NORMAL,0
2026-09-20 11:34:05,DT-001,NORMAL,36.33,42.99,39.24,99.58,20.25,NORMAL,0
2026-09-20 11:34:06,DT-001,NORMAL,37.47,41.5,39.26,99.57,22.02,NORMAL,0
2026-09-20 11:34:07,DT-001,NORMAL,34.98,42.67,39.21,99.56,20.77,NORMAL,0
2026-09-20 11:34:08,DT-001,NORMAL,34.42,42.62,38.67,99.56,22.81,NORMAL,0
2026-09-20 11:34:09,DT-001,NORMAL,35.0,42.68,38.92,99.55,21.94,NORMAL,0
2026-09-20 11:34:10,DT-001,NORMAL,32.7,40.78,39.41,99.55,19.12,NORMAL,0
2026-09-20 11:34:11,DT-001,NORMAL,35.09,40.16,39.89,99.54,17.13,NORMAL,0
2026-09-20 11:34:12,DT-001,NORMAL,37.19,39.04,40.51,99.53,16.02,NORMAL,0
2026-09-20 11:34:13,DT-001,NORMAL,38.42,38.52,40.57,99.52,13.96,NORMAL,0
2026-09-20 11:34:14,DT-001,NORMAL,39.38,37.74,40.76,99.52,15.92,NORMAL,0
2026-09-20 11:34:15,DT-001,NORMAL,39.94,37.98,40.46,99.51,18.85,NORMAL,0
2026-09-20 11:34:16,DT-001,NORMAL,39.92,39.69,40.48,99.51,17.09,NORMAL,0
2026-09-20 11:34:17,DT-001,NORMAL,41.62,38.7,40.62,99.5,16.42,NORMAL,0
2026-09-20 11:34:18,DT-001,NORMAL,39.61,38.61,40.23,99.5,17.86,NORMAL,0
2026-09-20 11:34:19,DT-001,NORMAL,38.96,40.11,40.4,99.49,20.25,NORMAL,0
2026-09-20 11:34:20,DT-001,NORMAL,39.85,41.42,40.93,99.48,18.1,NORMAL,0
2026-09-20 11:34:21,DT-001,NORMAL,37.15,40.16,41.29,99.48,18.52,NORMAL,0
2026-09-20 11:34:22,DT-001,NORMAL,36.97,39.63,40.58,99.48,20.14,NORMAL,0
2026-09-20 11:34:23,DT-001,NORMAL,34.83,39.0,40.11,99.47,18.73,NORMAL,0
2026-09-20 11:34:24,DT-001,NORMAL,35.98,39.45,40.13,99.47,20.35,NORMAL,0
2026-09-20 11:34:25,DT-001,NORMAL,36.19,39.25,40.35,99.46,21.87,NORMAL,0
2026-09-20 11:34:26,DT-001,NORMAL,33.6,38.52,40.65,99.46,23.03,NORMAL,0
2026-09-20 11:34:27,DT-001,NORMAL,31.49,37.26,40.56,99.45,21.04,NORMAL,0
2026-09-20 11:34:28,DT-001,NORMAL,32.75,36.07,40.36,99.45,22.97,NORMAL,0
2026-09-20 11:34:29,DT-001,NORMAL,33.13,35.35,40.22,99.45,23.72,NORMAL,0
2026-09-20 11:34:30,DT-001,NORMAL,33.67,36.56,40.88,99.44,21.62,NORMAL,0
2026-09-20 11:34:31,DT-001,NORMAL,31.53,35.72,41.3,99.44,22.47,NORMAL,0
2026-09-20 11:34:32,DT-001,NORMAL,32.95,36.94,41.62,99.44,23.16,NORMAL,0
2026-09-20 11:34:33,DT-001,NORMAL,33.92,37.01,41.18,99.44,24.96,NORMAL,0
2026-09-20 11:34:34,DT-001,NORMAL,35.1,36.56,40.58,99.43,24.75,NORMAL,0
2026-09-20 11:34:35,DT-001,NORMAL,32.72,38.65,39.85,99.42,22.9,NORMAL,0
2026-09-20 11:34:36,DT-001,NORMAL,31.74,39.49,39.59,99.42,23.7,NORMAL,0
2026-09-20 11:34:37,DT-001,NORMAL,29.5,40.39,39.52,99.42,22.44,NORMAL,0
2026-09-20 11:34:38,DT-001,NORMAL,26.9,41.44,39.26,99.42,21.4,NORMAL,0
2026-09-20 11:34:39,DT-001,NORMAL,27.85,39.73,38.89,99.42,20.24,NORMAL,0
2026-09-20 11:34:40,DT-001,NORMAL,26.99,39.13,38.42,99.41,17.81,NORMAL,0
2026-09-20 11:34:41,DT-001,NORMAL,25.56,40.51,38.82,99.4,15.71,NORMAL,0
2026-09-20 11:34:42,DT-001,NORMAL,25.02,39.81,38.6,99.39,16.65,NORMAL,0
2026-09-20 11:34:43,DT-001,NORMAL,26.24,38.66,38.71,99.39,16.62,NORMAL,0
2026-09-20 11:34:44,DT-001,NORMAL,29.31,39.15,39.24,99.38,15.52,NORMAL,0
2026-09-20 11:34:45,DT-001,NORMAL,27.19,38.34,39.79,99.37,16.19,NORMAL,0
2026-09-20 11:34:46,DT-001,NORMAL,28.05,36.76,39.99,99.37,18.16,NORMAL,0
2026-09-20 11:34:47,DT-001,NORMAL,29.08,38.38,39.69,99.37,19.28,NORMAL,0
2026-09-20 11:34:48,DT-001,NORMAL,27.49,38.22,39.3,99.37,19.45,NORMAL,0
2026-09-20 11:34:49,DT-001,NORMAL,30.18,37.52,39.33,99.36,21.97,NORMAL,0
2026-09-20 11:34:50,DT-001,NORMAL,29.82,38.17,39.73,99.36,23.26,NORMAL,0
2026-09-20 11:34:51,DT-001,NORMAL,28.69,37.58,40.08,99.36,25.33,NORMAL,0
2026-09-20 11:34:52,DT-001,NORMAL,29.12,37.26,40.0,99.36,26.54,NORMAL,0
2026-09-20 11:34:53,DT-001,FAULT,34.81,38.8,99.75,99.35,27.54,HIGH_TEMPERATURE,1
2026-09-20 11:34:54,DT-001,FAULT,40.9,40.44,87.39,99.34,25.43,HIGH_TEMPERATURE,1
2026-09-20 11:34:55,DT-001,FAULT,43.85,40.11,96.96,99.33,22.71,HIGH_TEMPERATURE,1
2026-09-20 11:34:56,DT-001,FAULT,44.0,39.95,94.76,99.33,19.76,HIGH_TEMPERATURE,1
2026-09-20 11:34:57,DT-001,FAULT,45.43,38.65,99.69,99.32,22.13,HIGH_TEMPERATURE,1
2026-09-20 11:34:58,DT-001,FAULT,47.54,38.43,90.96,99.32,21.54,HIGH_TEMPERATURE,1
2026-09-20 11:34:59,DT-001,FAULT,48.84,36.84,92.13,99.31,23.29,HIGH_TEMPERATURE,1
2026-09-20 11:35:00,DT-001,FAULT,49.34,36.92,97.98,99.3,23.62,HIGH_TEMPERATURE,1
2026-09-20 11:35:01,DT-001,FAULT,52.15,36.2,98.51,99.29,25.69,HIGH_TEMPERATURE,1
2026-09-20 11:35:02,DT-001,FAULT,49.44,36.51,92.36,99.29,24.18,HIGH_TEMPERATURE,1
2026-09-20 11:35:03,DT-001,NORMAL,47.07,35.13,86.54,99.28,22.64,NORMAL,0
2026-09-20 11:35:04,DT-001,NORMAL,46.57,34.47,81.58,99.28,24.89,NORMAL,0
2026-09-20 11:35:05,DT-001,NORMAL,45.67,34.79,77.44,99.28,26.98,NORMAL,0
2026-09-20 11:35:06,DT-001,NORMAL,43.15,36.78,73.91,99.27,25.78,NORMAL,0
2026-09-20 11:35:07,DT-001,NORMAL,43.41,36.13,70.29,99.27,26.96,NORMAL,0
2026-09-20 11:35:08,DT-001,NORMAL,40.79,35.36,67.35,99.27,28.05,NORMAL,0
2026-09-20 11:35:09,DT-001,NORMAL,37.92,35.21,64.54,99.27,24.73,NORMAL,0
2026-09-20 11:35:10,DT-001,NORMAL,34.73,37.0,62.6,99.27,26.26,NORMAL,0
2026-09-20 11:35:11,DT-001,NORMAL,33.87,36.12,60.16,99.26,25.71,NORMAL,0
2026-09-20 11:35:12,DT-001,NORMAL,34.18,37.44,57.79,99.25,25.53,NORMAL,0
2026-09-20 11:35:13,DT-001,NORMAL,33.26,37.91,55.36,99.25,24.02,NORMAL,0
2026-09-20 11:35:14,DT-001,NORMAL,30.34,39.35,53.14,99.25,25.05,NORMAL,0
2026-09-20 11:35:15,DT-001,NORMAL,30.72,39.77,51.22,99.24,25.35,NORMAL,0
2026-09-20 11:35:16,DT-001,FAULT,28.99,41.12,94.7,99.23,24.94,HIGH_TEMPERATURE,1
2026-09-20 11:35:17,DT-001,FAULT,29.08,40.39,82.74,99.22,25.78,HIGH_TEMPERATURE,1
2026-09-20 11:35:18,DT-001,FAULT,31.58,40.81,94.44,99.22,25.73,HIGH_TEMPERATURE,1
2026-09-20 11:35:19,DT-001,FAULT,32.09,40.87,87.67,99.22,23.66,HIGH_TEMPERATURE,1
2026-09-20 11:35:20,DT-001,FAULT,33.99,42.01,80.73,99.21,21.78,HIGH_TEMPERATURE,1
2026-09-20 11:35:21,DT-001,FAULT,34.34,41.3,97.58,99.21,22.55,HIGH_TEMPERATURE,1
2026-09-20 11:35:22,DT-001,FAULT,40.88,40.97,98.01,99.21,22.91,HIGH_TEMPERATURE,1
2026-09-20 11:35:23,DT-001,FAULT,41.72,42.0,86.24,99.2,24.1,HIGH_TEMPERATURE,1
2026-09-20 11:35:24,DT-001,FAULT,43.64,40.86,90.92,99.2,22.79,HIGH_TEMPERATURE,1
2026-09-20 11:35:25,DT-001,FAULT,43.18,40.63,94.57,99.19,19.96,HIGH_TEMPERATURE,1
2026-09-20 11:35:26,DT-001,FAULT,45.6,40.28,78.5,99.19,21.97,HIGH_TEMPERATURE,1
2026-09-20 11:35:27,DT-001,FAULT,45.2,39.73,79.94,99.19,20.16,HIGH_TEMPERATURE,1
2026-09-20 11:35:28,DT-001,FAULT,46.74,38.7,95.35,99.18,20.62,HIGH_TEMPERATURE,1
2026-09-20 11:35:29,DT-001,FAULT,45.15,40.1,85.86,99.18,19.87,HIGH_TEMPERATURE,1
2026-09-20 11:35:30,DT-001,FAULT,45.52,39.33,95.61,99.17,22.49,HIGH_TEMPERATURE,1
2026-09-20 11:35:31,DT-001,FAULT,45.61,38.49,80.86,99.16,24.21,HIGH_TEMPERATURE,1
2026-09-20 11:35:32,DT-001,NORMAL,44.75,40.13,77.02,99.16,26.26,NORMAL,0
2026-09-20 11:35:33,DT-001,NORMAL,40.73,41.92,73.66,99.16,26.91,NORMAL,0
2026-09-20 11:35:34,DT-001,NORMAL,40.12,42.64,70.1,99.16,23.94,NORMAL,0
2026-09-20 11:35:35,DT-001,NORMAL,39.64,42.62,67.43,99.15,26.21,NORMAL,0
2026-09-20 11:35:36,DT-001,NORMAL,36.52,43.75,64.69,99.14,25.31,NORMAL,0
2026-09-20 11:35:37,DT-001,NORMAL,35.34,41.85,62.55,99.14,24.38,NORMAL,0
2026-09-20 11:35:38,DT-001,NORMAL,35.58,42.2,60.31,99.13,22.75,NORMAL,0
2026-09-20 11:35:39,DT-001,NORMAL,35.47,41.62,58.5,99.12,21.85,NORMAL,0
2026-09-20 11:35:40,DT-001,NORMAL,36.05,39.71,56.46,99.12,21.15,NORMAL,0
2026-09-20 11:35:41,DT-001,NORMAL,35.91,38.0,55.02,99.12,22.21,NORMAL,0
2026-09-20 11:35:42,DT-001,NORMAL,36.35,36.41,53.06,99.12,21.97,NORMAL,0
2026-09-20 11:35:43,DT-001,NORMAL,37.64,36.11,52.24,99.11,22.44,NORMAL,0
2026-09-20 11:35:44,DT-001,NORMAL,39.11,34.94,50.38,99.11,24.22,NORMAL,0
2026-09-20 11:35:45,DT-001,NORMAL,37.53,34.76,49.06,99.1,22.25,NORMAL,0
2026-09-20 11:35:46,DT-001,NORMAL,34.57,35.11,48.5,99.1,20.74,NORMAL,0
2026-09-20 11:35:47,DT-001,NORMAL,33.04,34.26,47.2,99.09,19.49,NORMAL,0
2026-09-20 11:35:48,DT-001,FAULT,34.27,98.74,47.61,99.09,17.28,HIGH_MEMORY,1
2026-09-20 11:35:49,DT-001,FAULT,35.22,89.54,47.38,99.08,17.54,HIGH_MEMORY,1
2026-09-20 11:35:50,DT-001,FAULT,37.23,90.33,47.09,99.07,15.13,HIGH_MEMORY,1
2026-09-20 11:35:51,DT-001,FAULT,35.25,90.24,48.19,99.07,17.32,HIGH_MEMORY,1
2026-09-20 11:35:52,DT-001,FAULT,37.08,93.26,48.17,99.07,15.53,HIGH_MEMORY,1
2026-09-20 11:35:53,DT-001,FAULT,38.41,98.29,48.41,99.06,14.91,HIGH_MEMORY,1
2026-09-20 11:35:54,DT-001,FAULT,35.28,97.11,50.04,99.05,14.51,HIGH_MEMORY,1
2026-09-20 11:35:55,DT-001,FAULT,37.3,93.07,50.9,99.04,13.31,HIGH_MEMORY,1
2026-09-20 11:35:56,DT-001,FAULT,34.4,98.37,51.5,99.03,11.78,HIGH_MEMORY,1
2026-09-20 11:35:57,DT-001,FAULT,35.21,90.78,51.9,99.03,11.3,HIGH_MEMORY,1
2026-09-20 11:35:58,DT-001,FAULT,35.79,94.12,51.3,99.02,10.02,HIGH_MEMORY,1
2026-09-20 11:35:59,DT-001,FAULT,35.01,96.03,51.51,99.02,12.86,HIGH_MEMORY,1
2026-09-20 11:36:00,DT-001,NORMAL,33.51,90.33,49.92,99.01,11.34,NORMAL,0
2026-09-20 11:36:01,DT-001,NORMAL,30.93,84.39,48.68,99.01,11.46,NORMAL,0
2026-09-20 11:36:02,DT-001,NORMAL,33.28,79.31,47.15,99.01,11.28,NORMAL,0
2026-09-20 11:36:03,DT-001,FAULT,33.88,73.94,45.78,99.0,257.01,HIGH_NETWORK_LATENCY,1
2026-09-20 11:36:04,DT-001,FAULT,33.76,71.13,44.94,98.99,389.01,HIGH_NETWORK_LATENCY,1
2026-09-20 11:36:05,DT-001,FAULT,31.96,69.1,44.19,98.98,332.18,HIGH_NETWORK_LATENCY,1
2026-09-20 11:36:06,DT-001,FAULT,34.33,66.54,43.19,98.98,463.84,HIGH_NETWORK_LATENCY,1
2026-09-20 11:36:07,DT-001,FAULT,32.63,62.64,42.75,98.97,468.6,HIGH_NETWORK_LATENCY,1
2026-09-20 11:36:08,DT-001,FAULT,34.01,58.66,43.16,98.96,493.24,HIGH_NETWORK_LATENCY,1
2026-09-20 11:36:09,DT-001,FAULT,32.96,57.21,42.15,98.95,442.93,HIGH_NETWORK_LATENCY,1
2026-09-20 11:36:10,DT-001,NORMAL,33.41,54.26,41.57,98.95,398.61,NORMAL,0
2026-09-20 11:36:11,DT-001,NORMAL,32.62,52.85,40.88,98.94,361.46,NORMAL,0
2026-09-20 11:36:12,DT-001,NORMAL,34.67,51.21,41.01,98.94,327.96,NORMAL,0
2026-09-20 11:36:13,DT-001,NORMAL,36.66,48.4,40.46,98.93,297.55,NORMAL,0
2026-09-20 11:36:14,DT-001,NORMAL,33.76,45.77,40.19,98.93,270.67,NORMAL,0
2026-09-20 11:36:15,DT-001,NORMAL,35.66,46.81,39.96,98.93,243.62,NORMAL,0
2026-09-20 11:36:16,DT-001,NORMAL,32.66,45.05,39.46,98.93,222.05,NORMAL,0
2026-09-20 11:36:17,DT-001,NORMAL,34.26,44.76,39.68,98.92,200.51,NORMAL,0
2026-09-20 11:36:18,DT-001,NORMAL,33.63,42.92,39.87,98.92,181.57,NORMAL,0
2026-09-20 11:36:19,DT-001,NORMAL,34.95,42.02,40.59,98.91,167.05,NORMAL,0
2026-09-20 11:36:20,DT-001,FAULT,31.84,97.48,41.12,98.91,153.92,HIGH_MEMORY,1
2026-09-20 11:36:21,DT-001,FAULT,31.22,97.07,42.26,98.91,140.26,HIGH_MEMORY,1
2026-09-20 11:36:22,DT-001,FAULT,31.67,94.52,44.31,98.91,130.24,HIGH_MEMORY,1
2026-09-20 11:36:23,DT-001,FAULT,31.96,86.41,44.81,98.9,117.61,HIGH_MEMORY,1
2026-09-20 11:36:24,DT-001,FAULT,32.45,92.96,46.65,98.9,108.17,HIGH_MEMORY,1
2026-09-20 11:36:25,DT-001,FAULT,31.9,94.2,47.51,98.89,101.58,HIGH_MEMORY,1
2026-09-20 11:36:26,DT-001,FAULT,29.41,98.91,49.19,98.89,91.41,HIGH_MEMORY,1
2026-09-20 11:36:27,DT-001,FAULT,26.89,90.73,49.57,98.88,82.61,HIGH_MEMORY,1
2026-09-20 11:36:28,DT-001,FAULT,27.11,96.3,50.28,98.88,78.42,HIGH_MEMORY,1
2026-09-20 11:36:29,DT-001,FAULT,25.85,97.85,50.29,98.87,73.82,HIGH_MEMORY,1
2026-09-20 11:36:30,DT-001,FAULT,27.87,93.54,50.55,98.86,70.87,HIGH_MEMORY,1
2026-09-20 11:36:31,DT-001,FAULT,28.57,99.36,50.0,98.85,67.03,HIGH_MEMORY,1
2026-09-20 11:36:32,DT-001,FAULT,28.39,91.13,49.95,98.85,64.8,HIGH_MEMORY,1
2026-09-20 11:36:33,DT-001,FAULT,26.16,92.4,51.0,98.84,61.56,HIGH_MEMORY,1
2026-09-20 11:36:34,DT-001,FAULT,25.22,96.55,51.67,98.84,57.56,HIGH_MEMORY,1
2026-09-20 11:36:35,DT-001,FAULT,24.79,94.95,51.49,98.83,53.09,HIGH_MEMORY,1
2026-09-20 11:36:36,DT-001,FAULT,26.19,98.52,51.49,98.82,50.95,HIGH_MEMORY,1
2026-09-20 11:36:37,DT-001,NORMAL,25.05,91.75,49.93,98.81,47.91,NORMAL,0
2026-09-20 11:36:38,DT-001,NORMAL,25.74,85.85,49.57,98.81,47.31,NORMAL,0
2026-09-20 11:36:39,DT-001,NORMAL,26.18,81.66,48.47,98.81,44.86,NORMAL,0
2026-09-20 11:36:40,DT-001,NORMAL,25.31,76.71,47.37,98.8,41.48,NORMAL,0
2026-09-20 11:36:41,DT-001,NORMAL,25.01,71.96,47.26,98.8,38.5,NORMAL,0
2026-09-20 11:36:42,DT-001,NORMAL,24.59,69.22,47.15,98.79,36.58,NORMAL,0
2026-09-20 11:36:43,DT-001,NORMAL,24.9,65.5,47.1,98.79,35.66,NORMAL,0
2026-09-20 11:36:44,DT-001,NORMAL,24.79,64.34,47.01,98.78,33.14,NORMAL,0
2026-09-20 11:36:45,DT-001,NORMAL,26.65,60.53,46.48,98.78,30.51,NORMAL,0
2026-09-20 11:36:46,DT-001,NORMAL,27.6,57.96,45.57,98.77,30.97,NORMAL,0
2026-09-20 11:36:47,DT-001,NORMAL,29.93,56.56,44.93,98.77,28.45,NORMAL,0
2026-09-20 11:36:48,DT-001,NORMAL,32.17,53.29,45.09,98.76,27.63,NORMAL,0
2026-09-20 11:36:49,DT-001,NORMAL,33.76,51.58,44.14,98.76,28.27,NORMAL,0
2026-09-20 11:36:50,DT-001,NORMAL,33.25,50.93,43.25,98.76,25.42,NORMAL,0
2026-09-20 11:36:51,DT-001,NORMAL,33.15,50.72,42.65,98.75,23.08,NORMAL,0
2026-09-20 11:36:52,DT-001,NORMAL,33.12,49.89,42.41,98.75,23.61,NORMAL,0
2026-09-20 11:36:53,DT-001,NORMAL,30.56,49.38,42.18,98.75,20.59,NORMAL,0
2026-09-20 11:36:54,DT-001,NORMAL,32.72,48.64,41.34,98.74,22.53,NORMAL,0
2026-09-20 11:36:55,DT-001,NORMAL,31.05,48.83,41.25,98.74,23.61,NORMAL,0
2026-09-20 11:36:56,DT-001,NORMAL,30.11,47.09,41.0,98.74,21.88,NORMAL,0
2026-09-20 11:36:57,DT-001,NORMAL,29.52,46.8,40.81,98.73,24.02,NORMAL,0
2026-09-20 11:36:58,DT-001,NORMAL,29.05,46.84,40.73,98.73,22.71,NORMAL,0
2026-09-20 11:36:59,DT-001,NORMAL,31.44,47.42,40.36,98.72,20.32,NORMAL,0
2026-09-20 11:37:00,DT-001,NORMAL,32.43,47.84,40.11,98.72,20.97,NORMAL,0
2026-09-20 11:37:01,DT-001,NORMAL,33.83,46.56,39.44,98.71,22.92,NORMAL,0
2026-09-20 11:37:02,DT-001,NORMAL,35.98,46.71,40.0,98.7,23.48,NORMAL,0
2026-09-20 11:37:03,DT-001,NORMAL,37.33,46.66,39.93,98.69,23.39,NORMAL,0
2026-09-20 11:37:04,DT-001,NORMAL,34.75,44.85,39.59,98.68,22.36,NORMAL,0
2026-09-20 11:37:05,DT-001,NORMAL,34.34,43.61,39.48,98.68,22.71,NORMAL,0
2026-09-20 11:37:06,DT-001,NORMAL,35.7,44.44,38.93,98.67,22.78,NORMAL,0
2026-09-20 11:37:07,DT-001,NORMAL,32.97,44.01,38.98,98.67,20.17,NORMAL,0
2026-09-20 11:37:08,DT-001,NORMAL,33.69,42.88,39.5,98.66,18.35,NORMAL,0
2026-09-20 11:37:09,DT-001,NORMAL,31.16,44.1,39.72,98.66,19.91,NORMAL,0
2026-09-20 11:37:10,DT-001,NORMAL,31.14,44.21,39.99,98.66,19.6,NORMAL,0
2026-09-20 11:37:11,DT-001,NORMAL,30.37,43.14,40.56,98.65,18.89,NORMAL,0
2026-09-20 11:37:12,DT-001,NORMAL,30.94,43.36,40.81,98.64,17.95,NORMAL,0
2026-09-20 11:37:13,DT-001,NORMAL,30.48,42.92,40.71,98.64,17.67,NORMAL,0
2026-09-20 11:37:14,DT-001,NORMAL,32.87,43.44,41.12,98.64,18.51,NORMAL,0
2026-09-20 11:37:15,DT-001,NORMAL,32.51,44.7,41.29,98.63,16.57,NORMAL,0
2026-09-20 11:37:16,DT-001,NORMAL,32.76,44.11,41.87,98.63,14.81,NORMAL,0
2026-09-20 11:37:17,DT-001,NORMAL,33.26,43.57,42.2,98.62,15.94,NORMAL,0
2026-09-20 11:37:18,DT-001,NORMAL,33.82,44.36,42.21,98.61,16.26,NORMAL,0
2026-09-20 11:37:19,DT-001,NORMAL,35.83,43.81,41.99,98.61,14.5,NORMAL,0
2026-09-20 11:37:20,DT-001,NORMAL,36.04,44.26,41.77,98.61,15.23,NORMAL,0
2026-09-20 11:37:21,DT-001,NORMAL,34.76,42.8,41.83,98.61,17.66,NORMAL,0
2026-09-20 11:37:22,DT-001,NORMAL,36.8,41.98,40.95,98.6,19.24,NORMAL,0
2026-09-20 11:37:23,DT-001,NORMAL,37.94,41.73,41.0,98.59,18.57,NORMAL,0
2026-09-20 11:37:24,DT-001,NORMAL,37.98,41.21,40.4,98.58,18.88,NORMAL,0
2026-09-20 11:37:25,DT-001,NORMAL,37.87,39.71,39.92,98.58,17.44,NORMAL,0
2026-09-20 11:37:26,DT-001,NORMAL,38.63,40.24,39.85,98.58,17.51,NORMAL,0
2026-09-20 11:37:27,DT-001,NORMAL,39.43,42.0,39.78,98.57,16.43,NORMAL,0
2026-09-20 11:37:28,DT-001,NORMAL,39.4,41.76,40.25,98.56,15.42,NORMAL,0
2026-09-20 11:37:29,DT-001,NORMAL,38.76,42.36,40.33,98.55,15.97,NORMAL,0
2026-09-20 11:37:30,DT-001,NORMAL,40.26,41.66,40.68,98.55,16.17,NORMAL,0
2026-09-20 11:37:31,DT-001,NORMAL,40.98,40.06,40.0,98.55,17.51,NORMAL,0
2026-09-20 11:37:32,DT-001,NORMAL,37.4,38.63,40.36,98.54,17.54,NORMAL,0
2026-09-20 11:37:33,DT-001,NORMAL,35.41,37.09,40.39,98.53,16.05,NORMAL,0
2026-09-20 11:37:34,DT-001,NORMAL,33.87,35.93,40.93,98.53,17.79,NORMAL,0
2026-09-20 11:37:35,DT-001,NORMAL,35.16,35.39,40.91,98.52,18.47,NORMAL,0
2026-09-20 11:37:36,DT-001,NORMAL,35.6,35.32,40.38,98.52,21.33,NORMAL,0
2026-09-20 11:37:37,DT-001,NORMAL,35.97,35.27,40.38,98.51,21.13,NORMAL,0
2026-09-20 11:37:38,DT-001,NORMAL,33.39,35.88,40.02,98.51,19.47,NORMAL,0
2026-09-20 11:37:39,DT-001,NORMAL,34.78,37.21,40.18,98.51,17.85,NORMAL,0
2026-09-20 11:37:40,DT-001,NORMAL,36.52,36.8,40.15,98.51,18.68,NORMAL,0
2026-09-20 11:37:41,DT-001,NORMAL,37.77,38.64,39.86,98.5,20.04,NORMAL,0
2026-09-20 11:37:42,DT-001,NORMAL,38.44,40.16,40.53,98.5,22.54,NORMAL,0
2026-09-20 11:37:43,DT-001,NORMAL,39.04,41.85,40.72,98.49,24.52,NORMAL,0
2026-09-20 11:37:44,DT-001,NORMAL,36.67,41.18,40.83,98.48,24.4,NORMAL,0
2026-09-20 11:37:45,DT-001,NORMAL,37.76,41.11,41.43,98.48,26.38,NORMAL,0
2026-09-20 11:37:46,DT-001,NORMAL,35.56,41.82,41.73,98.47,26.86,NORMAL,0
2026-09-20 11:37:47,DT-001,NORMAL,33.07,41.66,41.94,98.47,28.55,NORMAL,0
2026-09-20 11:37:48,DT-001,NORMAL,34.44,42.12,42.4,98.46,25.89,NORMAL,0
2026-09-20 11:37:49,DT-001,NORMAL,34.85,41.27,41.67,98.46,27.59,NORMAL,0
2026-09-20 11:37:50,DT-001,NORMAL,35.93,41.31,41.95,98.45,25.93,NORMAL,0
2026-09-20 11:37:51,DT-001,NORMAL,34.29,42.89,42.12,98.45,24.06,NORMAL,0
2026-09-20 11:37:52,DT-001,NORMAL,33.2,42.14,41.5,98.45,25.38,NORMAL,0
2026-09-20 11:37:53,DT-001,NORMAL,35.17,40.52,40.77,98.44,25.01,NORMAL,0
2026-09-20 11:37:54,DT-001,NORMAL,36.84,39.9,40.28,98.43,22.83,NORMAL,0
2026-09-20 11:37:55,DT-001,NORMAL,37.17,38.63,39.83,98.42,23.32,NORMAL,0
2026-09-20 11:37:56,DT-001,NORMAL,36.95,38.57,40.5,98.42,21.91,NORMAL,0
2026-09-20 11:37:57,DT-001,NORMAL,37.76,37.92,40.44,98.42,21.08,NORMAL,0
2026-09-20 11:37:58,DT-001,NORMAL,34.44,36.6,40.63,98.41,19.59,NORMAL,0
2026-09-20 11:37:59,DT-001,NORMAL,31.61,35.49,40.11,98.41,18.05,NORMAL,0
2026-09-20 11:38:00,DT-001,NORMAL,29.81,35.97,40.65,98.41,17.11,NORMAL,0
2026-09-20 11:38:01,DT-001,NORMAL,27.38,36.63,41.29,98.4,17.31,NORMAL,0
2026-09-20 11:38:02,DT-001,NORMAL,27.87,37.96,40.98,98.39,16.89,NORMAL,0
2026-09-20 11:38:03,DT-001,NORMAL,28.92,38.85,40.26,98.39,19.68,NORMAL,0
2026-09-20 11:38:04,DT-001,NORMAL,26.55,39.13,40.73,98.39,17.28,NORMAL,0
2026-09-20 11:38:05,DT-001,NORMAL,26.9,40.34,40.26,98.38,19.32,NORMAL,0
2026-09-20 11:38:06,DT-001,NORMAL,29.08,40.86,40.66,98.38,19.0,NORMAL,0
2026-09-20 11:38:07,DT-001,NORMAL,29.65,39.28,39.93,98.37,20.1,NORMAL,0
2026-09-20 11:38:08,DT-001,NORMAL,30.66,38.94,40.53,98.37,20.46,NORMAL,0
2026-09-20 11:38:09,DT-001,NORMAL,31.78,39.95,40.68,98.36,18.42,NORMAL,0
2026-09-20 11:38:10,DT-001,NORMAL,34.29,40.69,40.75,98.36,16.55,NORMAL,0
2026-09-20 11:38:11,DT-001,NORMAL,35.83,40.84,40.1,98.35,17.14,NORMAL,0
2026-09-20 11:38:12,DT-001,NORMAL,35.05,38.99,39.77,98.35,16.52,NORMAL,0
2026-09-20 11:38:13,DT-001,NORMAL,35.08,39.59,39.65,98.35,18.89,NORMAL,0
2026-09-20 11:38:14,DT-001,NORMAL,34.04,37.84,39.21,98.35,20.27,NORMAL,0
2026-09-20 11:38:15,DT-001,NORMAL,33.91,38.09,39.1,98.34,17.6,NORMAL,0
2026-09-20 11:38:16,DT-001,NORMAL,35.83,37.32,39.58,98.34,16.38,NORMAL,0
2026-09-20 11:38:17,DT-001,NORMAL,34.15,38.24,39.8,98.34,16.25,NORMAL,0
2026-09-20 11:38:18,DT-001,NORMAL,35.82,37.79,39.22,98.34,18.88,NORMAL,0
2026-09-20 11:38:19,DT-001,NORMAL,33.71,38.7,39.08,98.34,17.17,NORMAL,0
2026-09-20 11:38:20,DT-001,NORMAL,30.9,39.94,38.58,98.33,16.08,NORMAL,0
2026-09-20 11:38:21,DT-001,NORMAL,29.89,39.99,38.91,98.32,16.83,NORMAL,0
2026-09-20 11:38:22,DT-001,FAULT,31.57,97.86,40.5,98.31,17.11,HIGH_MEMORY,1
2026-09-20 11:38:23,DT-001,FAULT,29.75,89.55,41.15,98.31,19.52,HIGH_MEMORY,1
2026-09-20 11:38:24,DT-001,FAULT,31.99,93.11,41.17,98.3,18.99,HIGH_MEMORY,1
2026-09-20 11:38:25,DT-001,FAULT,32.51,88.88,42.43,98.3,18.47,HIGH_MEMORY,1
2026-09-20 11:38:26,DT-001,FAULT,32.01,85.91,43.2,98.29,18.27,HIGH_MEMORY,1
2026-09-20 11:38:27,DT-001,FAULT,30.32,96.99,44.72,98.28,20.77,HIGH_MEMORY,1
2026-09-20 11:38:28,DT-001,FAULT,31.02,88.55,45.58,98.28,20.55,HIGH_MEMORY,1
2026-09-20 11:38:29,DT-001,FAULT,29.17,90.0,46.54,98.27,21.71,HIGH_MEMORY,1
2026-09-20 11:38:30,DT-001,FAULT,29.26,89.53,47.52,98.27,23.05,HIGH_MEMORY,1
2026-09-20 11:38:31,DT-001,FAULT,29.51,97.03,48.25,98.26,22.41,HIGH_MEMORY,1
2026-09-20 11:38:32,DT-001,FAULT,29.78,87.43,47.84,98.25,24.03,HIGH_MEMORY,1
2026-09-20 11:38:33,DT-001,FAULT,30.31,98.35,49.32,98.25,24.06,HIGH_MEMORY,1
2026-09-20 11:38:34,DT-001,FAULT,29.82,92.09,48.79,98.24,26.32,HIGH_MEMORY,1
2026-09-20 11:38:35,DT-001,FAULT,29.56,92.68,49.94,98.24,25.48,HIGH_MEMORY,1
2026-09-20 11:38:36,DT-001,FAULT,27.72,99.15,50.58,98.23,24.05,HIGH_MEMORY,1
2026-09-20 11:38:37,DT-001,NORMAL,28.38,93.63,49.17,98.23,23.8,NORMAL,0
2026-09-20 11:38:38,DT-001,NORMAL,28.1,89.5,48.08,98.22,23.95,NORMAL,0
2026-09-20 11:38:39,DT-001,NORMAL,30.74,85.33,47.14,98.22,21.57,NORMAL,0
2026-09-20 11:38:40,DT-001,NORMAL,30.92,79.12,46.81,98.21,21.09,NORMAL,0
2026-09-20 11:38:41,DT-001,NORMAL,31.35,75.09,46.5,98.21,21.33,NORMAL,0
2026-09-20 11:38:42,DT-001,NORMAL,29.29,70.59,45.81,98.21,22.52,NORMAL,0
2026-09-20 11:38:43,DT-001,NORMAL,29.06,68.14,44.63,98.2,23.67,NORMAL,0
2026-09-20 11:38:44,DT-001,NORMAL,27.12,65.52,44.05,98.2,24.89,NORMAL,0
2026-09-20 11:38:45,DT-001,NORMAL,29.93,63.52,43.17,98.2,22.95,NORMAL,0
2026-09-20 11:38:46,DT-001,NORMAL,31.43,59.55,42.34,98.19,24.97,NORMAL,0
2026-09-20 11:38:47,DT-001,NORMAL,30.63,58.63,42.55,98.18,26.28,NORMAL,0
2026-09-20 11:38:48,DT-001,NORMAL,29.91,58.52,41.95,98.18,27.91,NORMAL,0
2026-09-20 11:38:49,DT-001,NORMAL,29.08,55.33,41.53,98.17,26.53,NORMAL,0
2026-09-20 11:38:50,DT-001,NORMAL,29.7,52.33,41.38,98.17,27.04,NORMAL,0
2026-09-20 11:38:51,DT-001,NORMAL,31.27,52.4,40.91,98.17,28.11,NORMAL,0
2026-09-20 11:38:52,DT-001,NORMAL,31.32,52.16,40.59,98.17,29.79,NORMAL,0
2026-09-20 11:38:53,DT-001,NORMAL,32.61,51.02,39.82,98.16,28.0,NORMAL,0
2026-09-20 11:38:54,DT-001,NORMAL,30.43,51.01,39.59,98.15,26.72,NORMAL,0
2026-09-20 11:38:55,DT-001,NORMAL,32.92,49.42,40.06,98.15,27.99,NORMAL,0
2026-09-20 11:38:56,DT-001,NORMAL,32.91,48.97,39.98,98.15,28.15,NORMAL,0
2026-09-20 11:38:57,DT-001,NORMAL,33.81,49.7,39.5,98.14,25.04,NORMAL,0
2026-09-20 11:38:58,DT-001,NORMAL,35.6,47.26,40.23,98.13,24.87,NORMAL,0
2026-09-20 11:38:59,DT-001,NORMAL,37.32,48.16,40.6,98.13,24.59,NORMAL,0
2026-09-20 11:39:00,DT-001,NORMAL,36.72,47.29,41.15,98.12,22.53,NORMAL,0
2026-09-20 11:39:01,DT-001,NORMAL,33.76,47.65,41.47,98.12,23.88,NORMAL,0
2026-09-20 11:39:02,DT-001,NORMAL,35.1,46.79,41.56,98.11,22.42,NORMAL,0
2026-09-20 11:39:03,DT-001,NORMAL,33.16,47.04,41.47,98.11,22.02,NORMAL,0
2026-09-20 11:39:04,DT-001,FAULT,87.21,46.3,42.41,98.11,24.19,HIGH_CPU,1
2026-09-20 11:39:05,DT-001,FAULT,90.5,46.57,43.11,98.1,23.02,HIGH_CPU,1
2026-09-20 11:39:06,DT-001,FAULT,85.83,46.02,45.75,98.09,23.77,HIGH_CPU,1
2026-09-20 11:39:07,DT-001,FAULT,86.47,44.1,46.46,98.08,20.79,HIGH_CPU,1
2026-09-20 11:39:08,DT-001,FAULT,98.02,43.94,47.26,98.08,18.29,HIGH_CPU,1
2026-09-20 11:39:09,DT-001,FAULT,97.08,45.02,47.71,98.08,20.79,HIGH_CPU,1
2026-09-20 11:39:10,DT-001,NORMAL,89.68,46.15,46.42,98.07,21.01,NORMAL,0
2026-09-20 11:39:11,DT-001,NORMAL,84.83,43.77,45.13,98.07,19.61,NORMAL,0
2026-09-20 11:39:12,DT-001,NORMAL,79.86,42.42,44.47,98.07,20.96,NORMAL,0
2026-09-20 11:39:13,DT-001,NORMAL,74.87,40.73,44.22,98.07,20.13,NORMAL,0
2026-09-20 11:39:14,DT-001,NORMAL,70.74,40.65,44.49,98.06,21.03,NORMAL,0
2026-09-20 11:39:15,DT-001,FAULT,64.36,95.81,44.18,98.06,21.2,HIGH_MEMORY,1
2026-09-20 11:39:16,DT-001,FAULT,59.45,93.63,45.64,98.05,22.87,HIGH_MEMORY,1
2026-09-20 11:39:17,DT-001,FAULT,57.88,93.03,46.99,98.04,20.44,HIGH_MEMORY,1
2026-09-20 11:39:18,DT-001,FAULT,57.3,97.03,48.2,98.04,22.24,HIGH_MEMORY,1
2026-09-20 11:39:19,DT-001,FAULT,52.32,97.46,49.25,98.03,21.84,HIGH_MEMORY,1
2026-09-20 11:39:20,DT-001,FAULT,51.14,93.42,49.95,98.03,19.95,HIGH_MEMORY,1
2026-09-20 11:39:21,DT-001,FAULT,47.61,98.89,49.65,98.03,17.68,HIGH_MEMORY,1
2026-09-20 11:39:22,DT-001,FAULT,43.53,92.05,49.97,98.02,19.49,HIGH_MEMORY,1
2026-09-20 11:39:23,DT-001,FAULT,43.58,96.27,50.21,98.01,17.77,HIGH_MEMORY,1
2026-09-20 11:39:24,DT-001,FAULT,42.95,91.94,50.99,98.0,18.65,HIGH_MEMORY,1
2026-09-20 11:39:25,DT-001,FAULT,42.22,96.29,51.47,98.0,20.97,HIGH_MEMORY,1
2026-09-20 11:39:26,DT-001,FAULT,39.5,98.74,51.15,98.0,19.02,HIGH_MEMORY,1
2026-09-20 11:39:27,DT-001,FAULT,40.2,89.4,51.45,98.0,18.02,HIGH_MEMORY,1
2026-09-20 11:39:28,DT-001,FAULT,38.74,94.02,50.76,98.0,17.07,HIGH_MEMORY,1
2026-09-20 11:39:29,DT-001,FAULT,37.08,90.73,51.23,98.0,15.57,HIGH_MEMORY,1
2026-09-20 11:39:30,DT-001,FAULT,37.42,88.31,51.59,97.99,18.29,HIGH_MEMORY,1
2026-09-20 11:39:31,DT-001,NORMAL,37.19,81.99,51.09,97.98,19.16,NORMAL,0
2026-09-20 11:39:32,DT-001,NORMAL,34.32,77.18,49.93,97.98,20.39,NORMAL,0
2026-09-20 11:39:33,DT-001,NORMAL,32.18,72.32,48.66,97.98,20.3,NORMAL,0
2026-09-20 11:39:34,DT-001,NORMAL,31.54,70.78,47.1,97.98,17.93,NORMAL,0
2026-09-20 11:39:35,DT-001,NORMAL,33.64,68.77,45.98,97.98,18.28,NORMAL,0
2026-09-20 11:39:36,DT-001,NORMAL,33.0,65.2,44.89,97.97,17.06,NORMAL,0
2026-09-20 11:39:37,DT-001,NORMAL,34.11,63.62,44.57,97.96,19.58,NORMAL,0
2026-09-20 11:39:38,DT-001,NORMAL,33.57,62.82,44.81,97.96,20.13,NORMAL,0
2026-09-20 11:39:39,DT-001,NORMAL,31.41,61.51,43.84,97.96,21.36,NORMAL,0
2026-09-20 11:39:40,DT-001,NORMAL,30.33,57.71,43.03,97.95,18.61,NORMAL,0
2026-09-20 11:39:41,DT-001,NORMAL,32.84,54.34,42.44,97.95,16.41,NORMAL,0
2026-09-20 11:39:42,DT-001,NORMAL,31.54,51.63,42.2,97.95,18.05,NORMAL,0
2026-09-20 11:39:43,DT-001,NORMAL,30.09,52.05,42.29,97.94,19.01,NORMAL,0
2026-09-20 11:39:44,DT-001,NORMAL,30.72,51.2,42.38,97.94,20.38,NORMAL,0
2026-09-20 11:39:45,DT-001,NORMAL,29.91,51.38,42.79,97.93,18.7,NORMAL,0
2026-09-20 11:39:46,DT-001,NORMAL,30.92,49.89,41.82,97.93,17.27,NORMAL,0
2026-09-20 11:39:47,DT-001,NORMAL,31.31,47.76,42.34,97.93,17.62,NORMAL,0
2026-09-20 11:39:48,DT-001,NORMAL,29.68,46.83,41.74,97.92,17.92,NORMAL,0
2026-09-20 11:39:49,DT-001,NORMAL,28.34,47.71,41.19,97.92,18.82,NORMAL,0
2026-09-20 11:39:50,DT-001,NORMAL,26.93,45.79,40.68,97.91,20.8,NORMAL,0
2026-09-20 11:39:51,DT-001,NORMAL,28.63,46.77,39.92,97.91,20.04,NORMAL,0
2026-09-20 11:39:52,DT-001,NORMAL,28.55,44.49,39.54,97.91,22.29,NORMAL,0
2026-09-20 11:39:53,DT-001,NORMAL,26.67,45.2,39.34,97.9,21.99,NORMAL,0
2026-09-20 11:39:54,DT-001,NORMAL,29.42,44.05,39.92,97.9,22.26,NORMAL,0
2026-09-20 11:39:55,DT-001,NORMAL,30.2,44.35,39.6,97.9,22.83,NORMAL,0
2026-09-20 11:39:56,DT-001,NORMAL,29.09,43.35,39.36,97.9,23.2,NORMAL,0
2026-09-20 11:39:57,DT-001,NORMAL,28.5,41.53,39.17,97.89,24.57,NORMAL,0
2026-09-20 11:39:58,DT-001,NORMAL,30.11,39.85,38.66,97.89,26.69,NORMAL,0
2026-09-20 11:39:59,DT-001,NORMAL,29.26,38.14,39.11,97.89,27.04,NORMAL,0
2026-09-20 11:40:00,DT-001,NORMAL,28.01,39.27,38.57,97.88,26.18,NORMAL,0
2026-09-20 11:40:01,DT-001,NORMAL,28.19,40.26,38.51,97.87,27.69,NORMAL,0
2026-09-20 11:40:02,DT-001,NORMAL,29.98,39.06,38.68,97.86,29.51,NORMAL,0
2026-09-20 11:40:03,DT-001,NORMAL,27.37,40.18,38.27,97.86,30.43,NORMAL,0
2026-09-20 11:40:04,DT-001,NORMAL,28.55,40.29,38.25,97.85,29.02,NORMAL,0
2026-09-20 11:40:05,DT-001,NORMAL,26.05,41.27,38.36,97.84,27.11,NORMAL,0
2026-09-20 11:40:06,DT-001,NORMAL,24.04,41.53,38.75,97.83,25.63,NORMAL,0
2026-09-20 11:40:07,DT-001,NORMAL,25.15,41.23,38.27,97.83,23.53,NORMAL,0
2026-09-20 11:40:08,DT-001,NORMAL,23.07,42.67,37.78,97.82,20.69,NORMAL,0
2026-09-20 11:40:09,DT-001,NORMAL,26.01,43.36,37.89,97.82,18.19,NORMAL,0
2026-09-20 11:40:10,DT-001,NORMAL,24.51,44.21,38.13,97.82,18.57,NORMAL,0
2026-09-20 11:40:11,DT-001,NORMAL,23.88,45.5,38.16,97.82,21.08,NORMAL,0
2026-09-20 11:40:12,DT-001,NORMAL,22.4,46.63,38.31,97.81,20.18,NORMAL,0
2026-09-20 11:40:13,DT-001,NORMAL,24.16,47.52,39.1,97.81,19.35,NORMAL,0
2026-09-20 11:40:14,DT-001,NORMAL,25.24,46.17,39.04,97.81,20.81,NORMAL,0
2026-09-20 11:40:15,DT-001,NORMAL,23.97,43.88,39.11,97.8,20.67,NORMAL,0
2026-09-20 11:40:16,DT-001,NORMAL,25.78,45.23,38.64,97.8,22.57,NORMAL,0
2026-09-20 11:40:17,DT-001,NORMAL,26.92,44.56,38.56,97.79,22.13,NORMAL,0
2026-09-20 11:40:18,DT-001,NORMAL,28.44,45.11,39.37,97.79,23.37,NORMAL,0
2026-09-20 11:40:19,DT-001,NORMAL,31.03,44.68,39.57,97.79,23.41,NORMAL,0
2026-09-20 11:40:20,DT-001,NORMAL,29.61,45.93,39.77,97.78,22.86,NORMAL,0
2026-09-20 11:40:21,DT-001,NORMAL,29.04,44.48,39.12,97.78,22.72,NORMAL,0
2026-09-20 11:40:22,DT-001,NORMAL,28.86,42.48,39.3,97.77,24.57,NORMAL,0
2026-09-20 11:40:23,DT-001,NORMAL,27.92,41.98,39.16,97.77,23.39,NORMAL,0
2026-09-20 11:40:24,DT-001,NORMAL,30.81,40.88,39.6,97.76,25.29,NORMAL,0
2026-09-20 11:40:25,DT-001,NORMAL,29.16,42.35,38.94,97.76,23.95,NORMAL,0
2026-09-20 11:40:26,DT-001,NORMAL,28.42,41.51,39.47,97.76,23.39,NORMAL,0
2026-09-20 11:40:27,DT-001,NORMAL,30.16,39.62,39.09,97.75,24.07,NORMAL,0
2026-09-20 11:40:28,DT-001,NORMAL,30.64,38.44,39.06,97.75,23.92,NORMAL,0
2026-09-20 11:40:29,DT-001,NORMAL,27.95,37.17,38.81,97.75,25.98,NORMAL,0
2026-09-20 11:40:30,DT-001,NORMAL,27.02,36.81,39.16,97.74,24.28,NORMAL,0
2026-09-20 11:40:31,DT-001,NORMAL,27.36,38.01,38.58,97.73,26.11,NORMAL,0
2026-09-20 11:40:32,DT-001,NORMAL,27.99,38.19,38.91,97.73,25.55,NORMAL,0
2026-09-20 11:40:33,DT-001,NORMAL,27.53,37.98,38.31,97.72,26.46,NORMAL,0
2026-09-20 11:40:34,DT-001,NORMAL,26.26,38.8,37.8,97.72,24.69,NORMAL,0
2026-09-20 11:40:35,DT-001,NORMAL,27.26,39.35,37.63,97.72,25.26,NORMAL,0
2026-09-20 11:40:36,DT-001,NORMAL,25.41,41.18,37.96,97.71,23.73,NORMAL,0
2026-09-20 11:40:37,DT-001,NORMAL,27.24,39.81,38.34,97.7,22.59,NORMAL,0
2026-09-20 11:40:38,DT-001,NORMAL,29.13,38.6,38.27,97.7,21.4,NORMAL,0
2026-09-20 11:40:39,DT-001,NORMAL,26.54,37.4,37.77,97.7,23.71,NORMAL,0
2026-09-20 11:40:40,DT-001,NORMAL,26.25,37.54,38.51,97.69,21.19,NORMAL,0
2026-09-20 11:40:41,DT-001,NORMAL,27.48,37.85,39.0,97.68,18.93,NORMAL,0
2026-09-20 11:40:42,DT-001,NORMAL,28.43,39.05,39.11,97.67,18.15,NORMAL,0
2026-09-20 11:40:43,DT-001,NORMAL,28.22,39.9,39.63,97.66,16.81,NORMAL,0
2026-09-20 11:40:44,DT-001,NORMAL,28.54,39.17,39.34,97.66,14.61,NORMAL,0
2026-09-20 11:40:45,DT-001,NORMAL,30.31,38.95,39.16,97.65,15.75,NORMAL,0
2026-09-20 11:40:46,DT-001,NORMAL,31.95,40.33,38.93,97.65,13.56,NORMAL,0
2026-09-20 11:40:47,DT-001,NORMAL,34.33,41.0,38.53,97.64,16.02,NORMAL,0
2026-09-20 11:40:48,DT-001,NORMAL,31.58,42.22,38.3,97.64,15.7,NORMAL,0
2026-09-20 11:40:49,DT-001,NORMAL,29.12,43.21,37.9,97.64,17.18,NORMAL,0
2026-09-20 11:40:50,DT-001,NORMAL,28.56,43.2,37.57,97.63,15.42,NORMAL,0
2026-09-20 11:40:51,DT-001,NORMAL,29.62,42.55,37.64,97.63,15.63,NORMAL,0
2026-09-20 11:40:52,DT-001,NORMAL,27.46,42.3,38.36,97.63,13.92,NORMAL,0
2026-09-20 11:40:53,DT-001,NORMAL,29.33,40.72,38.26,97.62,16.99,NORMAL,0
2026-09-20 11:40:54,DT-001,NORMAL,27.47,39.95,38.41,97.62,18.21,NORMAL,0
2026-09-20 11:40:55,DT-001,NORMAL,25.37,38.31,38.23,97.61,16.75,NORMAL,0
2026-09-20 11:40:56,DT-001,NORMAL,23.69,40.08,39.12,97.61,14.94,NORMAL,0
2026-09-20 11:40:57,DT-001,FAULT,26.93,39.11,92.71,97.61,17.46,HIGH_TEMPERATURE,1
2026-09-20 11:40:58,DT-001,FAULT,31.97,39.2,79.05,97.6,16.5,HIGH_TEMPERATURE,1
2026-09-20 11:40:59,DT-001,FAULT,32.15,37.84,79.52,97.6,16.99,HIGH_TEMPERATURE,1
2026-09-20 11:41:00,DT-001,FAULT,34.48,39.17,80.75,97.59,16.29,HIGH_TEMPERATURE,1
2026-09-20 11:41:01,DT-001,FAULT,33.94,39.83,93.96,97.59,14.26,HIGH_TEMPERATURE,1
2026-09-20 11:41:02,DT-001,FAULT,36.85,41.62,91.5,97.59,15.52,HIGH_TEMPERATURE,1
2026-09-20 11:41:03,DT-001,FAULT,40.74,41.84,86.65,97.58,17.09,HIGH_TEMPERATURE,1
2026-09-20 11:41:04,DT-001,NORMAL,37.45,42.79,81.85,97.58,14.71,NORMAL,0
2026-09-20 11:41:05,DT-001,NORMAL,35.21,42.25,78.11,97.58,17.61,NORMAL,0
2026-09-20 11:41:06,DT-001,NORMAL,35.0,41.47,74.91,97.57,15.63,NORMAL,0
2026-09-20 11:41:07,DT-001,NORMAL,32.24,43.11,71.57,97.57,14.96,NORMAL,0
2026-09-20 11:41:08,DT-001,NORMAL,30.21,41.81,67.74,97.56,12.88,NORMAL,0
2026-09-20 11:41:09,DT-001,NORMAL,29.06,41.71,64.92,97.55,13.92,NORMAL,0
2026-09-20 11:41:10,DT-001,NORMAL,29.89,42.68,62.56,97.55,14.62,NORMAL,0
2026-09-20 11:41:11,DT-001,NORMAL,32.05,41.5,60.74,97.55,12.75,NORMAL,0
2026-09-20 11:41:12,DT-001,NORMAL,33.45,39.56,58.05,97.54,15.93,NORMAL,0
2026-09-20 11:41:13,DT-001,NORMAL,33.94,38.93,56.83,97.54,18.01,NORMAL,0
2026-09-20 11:41:14,DT-001,NORMAL,35.89,38.84,54.58,97.53,15.91,NORMAL,0
2026-09-20 11:41:15,DT-001,NORMAL,36.4,38.68,52.48,97.53,16.94,NORMAL,0
2026-09-20 11:41:16,DT-001,NORMAL,33.56,38.04,50.63,97.52,16.47,NORMAL,0
2026-09-20 11:41:17,DT-001,NORMAL,32.79,37.44,49.18,97.51,16.93,NORMAL,0
2026-09-20 11:41:18,DT-001,NORMAL,33.75,39.44,48.88,97.51,15.41,NORMAL,0
2026-09-20 11:41:19,DT-001,NORMAL,31.27,40.49,47.31,97.5,14.43,NORMAL,0
2026-09-20 11:41:20,DT-001,NORMAL,28.45,42.02,45.94,97.5,16.59,NORMAL,0
2026-09-20 11:41:21,DT-001,NORMAL,27.98,41.47,45.13,97.49,18.11,NORMAL,0
2026-09-20 11:41:22,DT-001,NORMAL,28.79,41.85,44.55,97.49,18.05,NORMAL,0
2026-09-20 11:41:23,DT-001,NORMAL,30.91,42.62,44.38,97.49,18.28,NORMAL,0
2026-09-20 11:41:24,DT-001,NORMAL,28.94,43.86,44.36,97.48,20.2,NORMAL,0
2026-09-20 11:41:25,DT-001,NORMAL,28.38,42.86,44.16,97.47,18.31,NORMAL,0
2026-09-20 11:41:26,DT-001,NORMAL,30.22,42.77,43.98,97.47,16.2,NORMAL,0
2026-09-20 11:41:27,DT-001,NORMAL,28.8,42.77,44.0,97.46,16.48,NORMAL,0
2026-09-20 11:41:28,DT-001,NORMAL,28.6,40.81,42.89,97.46,17.59,NORMAL,0
2026-09-20 11:41:29,DT-001,NORMAL,27.28,40.08,42.75,97.46,19.01,NORMAL,0
2026-09-20 11:41:30,DT-001,NORMAL,26.68,39.69,42.93,97.45,17.42,NORMAL,0
2026-09-20 11:41:31,DT-001,NORMAL,28.36,39.33,42.49,97.44,17.87,NORMAL,0
2026-09-20 11:41:32,DT-001,NORMAL,25.91,40.98,42.48,97.44,17.15,NORMAL,0
2026-09-20 11:41:33,DT-001,NORMAL,28.19,39.91,42.54,97.43,15.45,NORMAL,0
2026-09-20 11:41:34,DT-001,NORMAL,30.98,40.73,42.99,97.43,17.24,NORMAL,0
2026-09-20 11:41:35,DT-001,NORMAL,30.14,39.31,43.17,97.42,16.59,NORMAL,0
2026-09-20 11:41:36,DT-001,NORMAL,28.36,41.12,42.14,97.42,18.47,NORMAL,0
2026-09-20 11:41:37,DT-001,NORMAL,26.42,41.99,41.29,97.41,18.21,NORMAL,0
2026-09-20 11:41:38,DT-001,NORMAL,28.65,41.64,41.25,97.4,20.92,NORMAL,0
2026-09-20 11:41:39,DT-001,NORMAL,29.47,39.97,41.77,97.39,18.13,NORMAL,0
2026-09-20 11:41:40,DT-001,NORMAL,29.83,38.68,41.97,97.39,17.25,NORMAL,0
2026-09-20 11:41:41,DT-001,NORMAL,31.64,39.26,42.15,97.38,19.63,NORMAL,0
2026-09-20 11:41:42,DT-001,NORMAL,31.8,38.99,41.4,97.37,18.15,NORMAL,0
2026-09-20 11:41:43,DT-001,NORMAL,32.51,39.2,41.25,97.36,20.92,NORMAL,0
2026-09-20 11:41:44,DT-001,NORMAL,30.89,41.05,41.64,97.35,23.36,NORMAL,0
2026-09-20 11:41:45,DT-001,NORMAL,28.48,39.64,42.18,97.35,23.19,NORMAL,0
2026-09-20 11:41:46,DT-001,NORMAL,26.68,39.36,42.32,97.34,25.48,NORMAL,0
2026-09-20 11:41:47,DT-001,NORMAL,24.97,39.0,42.29,97.34,26.11,NORMAL,0
2026-09-20 11:41:48,DT-001,NORMAL,23.61,38.79,42.44,97.33,25.16,NORMAL,0
2026-09-20 11:41:49,DT-001,NORMAL,24.29,38.25,42.38,97.32,24.18,NORMAL,0
2026-09-20 11:41:50,DT-001,NORMAL,23.64,39.64,41.63,97.31,24.66,NORMAL,0
2026-09-20 11:41:51,DT-001,NORMAL,25.54,40.25,42.16,97.31,26.35,NORMAL,0
2026-09-20 11:41:52,DT-001,NORMAL,28.07,41.32,42.38,97.3,23.96,NORMAL,0
2026-09-20 11:41:53,DT-001,NORMAL,26.87,41.49,42.29,97.3,22.6,NORMAL,0
2026-09-20 11:41:54,DT-001,NORMAL,29.53,40.67,42.65,97.29,21.03,NORMAL,0
2026-09-20 11:41:55,DT-001,NORMAL,29.69,41.54,42.02,97.28,21.62,NORMAL,0
2026-09-20 11:41:56,DT-001,NORMAL,30.96,41.15,41.26,97.27,19.39,NORMAL,0
2026-09-20 11:41:57,DT-001,NORMAL,33.41,40.03,41.03,97.27,20.57,NORMAL,0
2026-09-20 11:41:58,DT-001,FAULT,32.95,41.25,40.66,14.29,21.46,LOW_BATTERY,1
2026-09-20 11:41:59,DT-001,FAULT,30.26,41.63,40.44,10.02,22.82,LOW_BATTERY,1
2026-09-20 11:42:00,DT-001,FAULT,32.55,39.86,41.0,1.27,23.56,LOW_BATTERY,1
2026-09-20 11:42:01,DT-001,FAULT,33.54,41.51,41.55,4.04,21.13,LOW_BATTERY,1
2026-09-20 11:42:02,DT-001,FAULT,34.4,40.99,41.72,9.65,19.34,LOW_BATTERY,1
2026-09-20 11:42:03,DT-001,FAULT,31.65,41.95,41.08,11.02,20.26,LOW_BATTERY,1
2026-09-20 11:42:04,DT-001,FAULT,33.92,41.64,40.58,10.71,22.49,LOW_BATTERY,1
2026-09-20 11:42:05,DT-001,FAULT,34.08,40.97,40.51,2.15,23.66,LOW_BATTERY,1
2026-09-20 11:42:06,DT-001,FAULT,36.16,42.01,40.1,2.25,24.28,LOW_BATTERY,1
2026-09-20 11:42:07,DT-001,FAULT,35.44,40.79,39.94,13.08,21.22,LOW_BATTERY,1
2026-09-20 11:42:08,DT-001,FAULT,34.49,42.37,39.79,2.77,23.05,LOW_BATTERY,1
2026-09-20 11:42:09,DT-001,FAULT,32.21,43.75,39.51,1.52,21.16,LOW_BATTERY,1
2026-09-20 11:42:10,DT-001,FAULT,29.36,41.73,39.41,9.64,22.35,LOW_BATTERY,1
2026-09-20 11:42:11,DT-001,FAULT,27.52,43.23,39.66,9.69,22.43,LOW_BATTERY,1
2026-09-20 11:42:12,DT-001,FAULT,26.27,44.38,40.22,9.02,19.7,LOW_BATTERY,1
2026-09-20 11:42:13,DT-001,FAULT,27.81,44.03,39.59,8.25,18.27,LOW_BATTERY,1
2026-09-20 11:42:14,DT-001,FAULT,27.24,45.14,39.7,3.27,15.76,LOW_BATTERY,1
2026-09-20 11:42:15,DT-001,FAULT,25.16,44.44,39.04,5.31,16.43,LOW_BATTERY,1
2026-09-20 11:42:16,DT-001,FAULT,26.58,43.77,39.45,13.95,17.85,LOW_BATTERY,1
2026-09-20 11:42:17,DT-001,FAULT,25.35,43.02,38.88,7.01,19.31,LOW_BATTERY,1
2026-09-20 11:42:18,DT-001,NORMAL,26.95,40.98,38.79,100.0,19.45,NORMAL,0
2026-09-20 11:42:19,DT-001,NORMAL,28.27,41.85,39.22,100.0,21.54,NORMAL,0
2026-09-20 11:42:20,DT-001,NORMAL,26.0,40.62,38.59,99.99,19.39,NORMAL,0
2026-09-20 11:42:21,DT-001,NORMAL,24.53,41.11,38.34,99.99,17.78,NORMAL,0
2026-09-20 11:42:22,DT-001,NORMAL,23.15,42.15,38.19,99.98,17.09,NORMAL,0
2026-09-20 11:42:23,DT-001,NORMAL,21.75,41.7,38.47,99.97,17.7,NORMAL,0
2026-09-20 11:42:24,DT-001,NORMAL,20.48,41.23,38.48,99.97,19.77,NORMAL,0
2026-09-20 11:42:25,DT-001,NORMAL,22.04,42.31,38.59,99.96,17.14,NORMAL,0
2026-09-20 11:42:26,DT-001,NORMAL,20.14,41.63,39.32,99.96,14.83,NORMAL,0
2026-09-20 11:42:27,DT-001,NORMAL,20.54,41.75,38.67,99.95,14.2,NORMAL,0
2026-09-20 11:42:28,DT-001,NORMAL,20.57,39.88,38.56,99.95,14.72,NORMAL,0
2026-09-20 11:42:29,DT-001,NORMAL,21.95,39.58,38.98,99.94,15.72,NORMAL,0
2026-09-20 11:42:30,DT-001,NORMAL,20.7,37.84,39.54,99.93,18.65,NORMAL,0
2026-09-20 11:42:31,DT-001,NORMAL,22.02,38.79,39.01,99.93,17.14,NORMAL,0
2026-09-20 11:42:32,DT-001,NORMAL,21.0,38.31,38.62,99.93,15.61,NORMAL,0
2026-09-20 11:42:33,DT-001,NORMAL,24.49,40.05,38.5,99.92,14.39,NORMAL,0
2026-09-20 11:42:34,DT-001,NORMAL,24.74,39.34,38.44,99.91,12.56,NORMAL,0
2026-09-20 11:42:35,DT-001,NORMAL,26.42,39.39,38.46,99.9,14.63,NORMAL,0
2026-09-20 11:42:36,DT-001,NORMAL,27.29,37.82,38.04,99.9,14.25,NORMAL,0
2026-09-20 11:42:37,DT-001,NORMAL,26.62,38.06,38.15,99.9,14.53,NORMAL,0
2026-09-20 11:42:38,DT-001,NORMAL,27.16,37.9,37.93,99.89,13.87,NORMAL,0
2026-09-20 11:42:39,DT-001,NORMAL,29.98,36.38,38.73,99.89,16.65,NORMAL,0
2026-09-20 11:42:40,DT-001,NORMAL,30.02,37.49,38.99,99.89,17.22,NORMAL,0
2026-09-20 11:42:41,DT-001,NORMAL,32.12,38.98,39.56,99.89,18.09,NORMAL,0
2026-09-20 11:42:42,DT-001,NORMAL,31.2,39.81,40.26,99.88,19.15,NORMAL,0
2026-09-20 11:42:43,DT-001,NORMAL,33.12,38.19,40.58,99.87,18.73,NORMAL,0
2026-09-20 11:42:44,DT-001,NORMAL,32.79,38.76,41.03,99.87,17.18,NORMAL,0
2026-09-20 11:42:45,DT-001,NORMAL,33.01,39.06,40.23,99.87,16.55,NORMAL,0
2026-09-20 11:42:46,DT-001,NORMAL,30.78,40.5,39.96,99.86,14.75,NORMAL,0
2026-09-20 11:42:47,DT-001,NORMAL,28.01,40.7,40.53,99.86,15.44,NORMAL,0
2026-09-20 11:42:48,DT-001,NORMAL,30.63,41.7,39.91,99.85,18.21,NORMAL,0
2026-09-20 11:42:49,DT-001,NORMAL,28.49,40.47,39.75,99.85,19.89,NORMAL,0
2026-09-20 11:42:50,DT-001,NORMAL,30.89,39.33,39.71,99.84,17.58,NORMAL,0
2026-09-20 11:42:51,DT-001,NORMAL,31.53,40.79,39.86,99.84,15.16,NORMAL,0
2026-09-20 11:42:52,DT-001,NORMAL,31.35,40.32,39.31,99.83,14.27,NORMAL,0
2026-09-20 11:42:53,DT-001,NORMAL,31.78,40.79,39.49,99.83,15.36,NORMAL,0
2026-09-20 11:42:54,DT-001,NORMAL,32.32,42.25,39.82,99.82,18.05,NORMAL,0
2026-09-20 11:42:55,DT-001,NORMAL,30.58,42.1,39.82,99.81,18.34,NORMAL,0
2026-09-20 11:42:56,DT-001,NORMAL,32.3,41.94,40.18,99.8,18.84,NORMAL,0
2026-09-20 11:42:57,DT-001,NORMAL,31.51,42.29,40.22,99.79,20.45,NORMAL,0
2026-09-20 11:42:58,DT-001,NORMAL,31.18,42.77,39.56,99.78,20.77,NORMAL,0
2026-09-20 11:42:59,DT-001,NORMAL,30.9,42.48,39.29,99.78,21.3,NORMAL,0
2026-09-20 11:43:00,DT-001,NORMAL,32.05,43.4,39.77,99.78,22.16,NORMAL,0
2026-09-20 11:43:01,DT-001,NORMAL,30.5,44.14,39.47,99.77,19.48,NORMAL,0
2026-09-20 11:43:02,DT-001,NORMAL,32.64,42.54,39.42,99.76,20.99,NORMAL,0
2026-09-20 11:43:03,DT-001,NORMAL,33.21,41.56,39.4,99.76,21.26,NORMAL,0
2026-09-20 11:43:04,DT-001,NORMAL,30.36,42.48,39.12,99.76,21.96,NORMAL,0
2026-09-20 11:43:05,DT-001,NORMAL,32.6,42.29,39.86,99.75,23.72,NORMAL,0
2026-09-20 11:43:06,DT-001,NORMAL,32.13,42.44,40.28,99.74,22.61,NORMAL,0
2026-09-20 11:43:07,DT-001,NORMAL,31.65,43.12,40.86,99.74,21.9,NORMAL,0
2026-09-20 11:43:08,DT-001,NORMAL,31.77,42.37,40.81,99.73,20.19,NORMAL,0
2026-09-20 11:43:09,DT-001,NORMAL,29.1,43.36,41.01,99.72,19.86,NORMAL,0
2026-09-20 11:43:10,DT-001,NORMAL,30.85,44.25,40.86,99.72,21.93,NORMAL,0
2026-09-20 11:43:11,DT-001,NORMAL,32.7,43.16,40.09,99.71,21.69,NORMAL,0
2026-09-20 11:43:12,DT-001,NORMAL,31.83,41.61,39.64,99.71,21.53,NORMAL,0
2026-09-20 11:43:13,DT-001,NORMAL,30.22,40.33,39.79,99.7,19.38,NORMAL,0
2026-09-20 11:43:14,DT-001,NORMAL,31.18,38.65,39.36,99.7,22.14,NORMAL,0
2026-09-20 11:43:15,DT-001,NORMAL,32.8,39.87,39.16,99.7,20.51,NORMAL,0
2026-09-20 11:43:16,DT-001,NORMAL,33.66,41.0,38.93,99.69,19.17,NORMAL,0
2026-09-20 11:43:17,DT-001,NORMAL,31.61,42.58,38.67,99.69,16.96,NORMAL,0
2026-09-20 11:43:18,DT-001,NORMAL,32.06,43.72,38.93,99.68,16.26,NORMAL,0
2026-09-20 11:43:19,DT-001,NORMAL,31.59,45.1,39.63,99.68,14.16,NORMAL,0
2026-09-20 11:43:20,DT-001,NORMAL,30.09,43.49,40.35,99.68,17.08,NORMAL,0
2026-09-20 11:43:21,DT-001,NORMAL,28.86,43.04,40.16,99.67,15.25,NORMAL,0
2026-09-20 11:43:22,DT-001,NORMAL,31.28,43.08,40.8,99.67,16.68,NORMAL,0
2026-09-20 11:43:23,DT-001,NORMAL,28.53,42.48,40.04,99.66,14.87,NORMAL,0
2026-09-20 11:43:24,DT-001,NORMAL,30.67,43.7,40.1,99.66,16.52,NORMAL,0
2026-09-20 11:43:25,DT-001,FAULT,29.43,43.53,39.88,99.65,260.97,HIGH_NETWORK_LATENCY,1
2026-09-20 11:43:26,DT-001,FAULT,28.54,44.76,40.0,99.65,200.65,HIGH_NETWORK_LATENCY,1
2026-09-20 11:43:27,DT-001,FAULT,27.78,42.51,40.0,99.64,375.42,HIGH_NETWORK_LATENCY,1
2026-09-20 11:43:28,DT-001,FAULT,30.29,41.24,40.21,99.64,192.84,HIGH_NETWORK_LATENCY,1
2026-09-20 11:43:29,DT-001,FAULT,31.46,39.54,40.45,99.64,187.62,HIGH_NETWORK_LATENCY,1
2026-09-20 11:43:30,DT-001,FAULT,32.62,38.66,40.5,99.63,437.36,HIGH_NETWORK_LATENCY,1
2026-09-20 11:43:31,DT-001,FAULT,34.78,38.52,41.07,99.63,189.83,HIGH_NETWORK_LATENCY,1
2026-09-20 11:43:32,DT-001,FAULT,31.94,38.47,41.61,99.62,294.01,HIGH_NETWORK_LATENCY,1
2026-09-20 11:43:33,DT-001,FAULT,32.31,38.38,42.08,99.62,145.51,HIGH_NETWORK_LATENCY,1
2026-09-20 11:43:34,DT-001,FAULT,31.22,37.13,41.2,99.61,216.08,HIGH_NETWORK_LATENCY,1
2026-09-20 11:43:35,DT-001,FAULT,31.7,37.26,41.23,99.61,265.31,HIGH_NETWORK_LATENCY,1
2026-09-20 11:43:36,DT-001,FAULT,32.76,37.72,40.66,99.6,207.86,HIGH_NETWORK_LATENCY,1
2026-09-20 11:43:37,DT-001,FAULT,33.76,39.22,39.98,99.6,263.61,HIGH_NETWORK_LATENCY,1
2026-09-20 11:43:38,DT-001,FAULT,34.18,38.03,39.27,99.59,152.32,HIGH_NETWORK_LATENCY,1
2026-09-20 11:43:39,DT-001,NORMAL,33.32,39.54,39.91,99.59,137.17,NORMAL,0
2026-09-20 11:43:40,DT-001,NORMAL,32.79,40.49,39.46,99.59,124.46,NORMAL,0
2026-09-20 11:43:41,DT-001,NORMAL,31.56,41.28,39.57,99.58,112.21,NORMAL,0
2026-09-20 11:43:42,DT-001,NORMAL,29.49,40.8,39.11,99.57,103.09,NORMAL,0
2026-09-20 11:43:43,DT-001,NORMAL,30.85,42.37,39.89,99.57,97.35,NORMAL,0
2026-09-20 11:43:44,DT-001,NORMAL,32.93,41.27,40.19,99.57,90.04,NORMAL,0
2026-09-20 11:43:45,DT-001,NORMAL,34.7,41.11,39.47,99.56,84.76,NORMAL,0
2026-09-20 11:43:46,DT-001,NORMAL,35.02,42.39,40.18,99.56,79.34,NORMAL,0
2026-09-20 11:43:47,DT-001,NORMAL,36.23,41.58,39.96,99.56,73.67,NORMAL,0
2026-09-20 11:43:48,DT-001,NORMAL,35.44,41.59,40.02,99.56,65.63,NORMAL,0
2026-09-20 11:43:49,DT-001,NORMAL,35.47,41.13,39.98,99.55,63.05,NORMAL,0
2026-09-20 11:43:50,DT-001,NORMAL,32.69,42.48,40.0,99.55,61.19,NORMAL,0
2026-09-20 11:43:51,DT-001,NORMAL,31.37,41.87,39.37,99.54,57.14,NORMAL,0
2026-09-20 11:43:52,DT-001,NORMAL,33.36,42.35,38.82,99.53,52.77,NORMAL,0
2026-09-20 11:43:53,DT-001,NORMAL,30.47,41.55,39.46,99.53,49.58,NORMAL,0
2026-09-20 11:43:54,DT-001,NORMAL,29.53,42.22,39.37,99.53,48.21,NORMAL,0
2026-09-20 11:43:55,DT-001,NORMAL,31.41,42.5,39.26,99.52,47.92,NORMAL,0
2026-09-20 11:43:56,DT-001,NORMAL,30.55,40.68,39.28,99.51,47.28,NORMAL,0
2026-09-20 11:43:57,DT-001,NORMAL,31.91,42.4,38.83,99.51,43.14,NORMAL,0
2026-09-20 11:43:58,DT-001,NORMAL,32.72,40.66,38.8,99.5,41.24,NORMAL,0
2026-09-20 11:43:59,DT-001,NORMAL,33.08,41.25,39.0,99.5,36.43,NORMAL,0
2026-09-20 11:44:00,DT-001,NORMAL,32.62,41.81,39.5,99.49,34.71,NORMAL,0
2026-09-20 11:44:01,DT-001,NORMAL,31.64,39.97,39.5,99.49,35.66,NORMAL,0
2026-09-20 11:44:02,DT-001,NORMAL,30.31,39.2,39.16,99.48,34.52,NORMAL,0
2026-09-20 11:44:03,DT-001,NORMAL,30.81,39.11,38.74,99.47,32.6,NORMAL,0
2026-09-20 11:44:04,DT-001,NORMAL,29.79,37.65,38.2,99.46,33.63,NORMAL,0
2026-09-20 11:44:05,DT-001,NORMAL,29.65,39.02,38.37,99.46,29.72,NORMAL,0
2026-09-20 11:44:06,DT-001,NORMAL,28.99,37.85,38.77,99.45,26.93,NORMAL,0
2026-09-20 11:44:07,DT-001,NORMAL,29.78,38.8,39.06,99.45,23.6,NORMAL,0
2026-09-20 11:44:08,DT-001,NORMAL,30.45,40.3,38.96,99.45,23.8,NORMAL,0
2026-09-20 11:44:09,DT-001,NORMAL,30.19,40.97,39.3,99.44,24.18,NORMAL,0
2026-09-20 11:44:10,DT-001,NORMAL,29.75,41.21,39.73,99.43,22.73,NORMAL,0
2026-09-20 11:44:11,DT-001,NORMAL,27.98,39.84,39.99,99.42,23.88,NORMAL,0
2026-09-20 11:44:12,DT-001,NORMAL,28.98,38.26,39.39,99.42,22.68,NORMAL,0
2026-09-20 11:44:13,DT-001,NORMAL,28.76,36.77,39.88,99.41,21.69,NORMAL,0
2026-09-20 11:44:14,DT-001,NORMAL,31.56,36.15,40.52,99.4,22.96,NORMAL,0
2026-09-20 11:44:15,DT-001,NORMAL,32.97,37.6,40.32,99.4,24.2,NORMAL,0
2026-09-20 11:44:16,DT-001,NORMAL,32.02,36.46,40.54,99.4,26.03,NORMAL,0
2026-09-20 11:44:17,DT-001,NORMAL,30.85,36.8,39.89,99.39,24.35,NORMAL,0
2026-09-20 11:44:18,DT-001,NORMAL,32.38,37.19,40.07,99.38,23.97,NORMAL,0
2026-09-20 11:44:19,DT-001,NORMAL,32.62,35.8,39.43,99.37,25.17,NORMAL,0
2026-09-20 11:44:20,DT-001,NORMAL,30.58,37.06,39.73,99.37,23.39,NORMAL,0
2026-09-20 11:44:21,DT-001,FAULT,28.95,36.49,40.14,13.52,25.61,LOW_BATTERY,1
2026-09-20 11:44:22,DT-001,FAULT,26.95,38.28,39.54,9.81,27.27,LOW_BATTERY,1
2026-09-20 11:44:23,DT-001,FAULT,28.88,39.76,40.25,16.25,27.5,LOW_BATTERY,1
2026-09-20 11:44:24,DT-001,FAULT,29.58,40.39,40.55,2.3,28.47,LOW_BATTERY,1
2026-09-20 11:44:25,DT-001,FAULT,28.85,40.63,39.95,12.2,25.21,LOW_BATTERY,1
2026-09-20 11:44:26,DT-001,FAULT,30.17,39.48,39.63,15.92,24.86,LOW_BATTERY,1
2026-09-20 11:44:27,DT-001,FAULT,27.67,38.29,39.89,11.48,22.51,LOW_BATTERY,1
2026-09-20 11:44:28,DT-001,FAULT,30.32,39.05,39.37,10.29,21.35,LOW_BATTERY,1
2026-09-20 11:44:29,DT-001,FAULT,28.48,39.41,39.97,10.32,23.49,LOW_BATTERY,1
2026-09-20 11:44:30,DT-001,FAULT,26.48,39.87,40.65,9.0,24.78,LOW_BATTERY,1
2026-09-20 11:44:31,DT-001,FAULT,27.82,40.27,40.64,6.01,23.69,LOW_BATTERY,1
2026-09-20 11:44:32,DT-001,FAULT,28.49,41.81,41.24,5.29,23.58,LOW_BATTERY,1
2026-09-20 11:44:33,DT-001,FAULT,28.5,42.69,40.65,4.11,20.95,LOW_BATTERY,1
2026-09-20 11:44:34,DT-001,FAULT,27.77,40.79,40.26,16.25,21.51,LOW_BATTERY,1
2026-09-20 11:44:35,DT-001,FAULT,27.58,42.02,40.72,12.03,21.38,LOW_BATTERY,1
2026-09-20 11:44:36,DT-001,FAULT,27.58,43.6,40.68,5.74,20.32,LOW_BATTERY,1
2026-09-20 11:44:37,DT-001,FAULT,27.89,44.62,40.99,1.07,18.86,LOW_BATTERY,1
2026-09-20 11:44:38,DT-001,FAULT,30.36,45.69,40.36,17.72,21.63,LOW_BATTERY,1
2026-09-20 11:44:39,DT-001,NORMAL,32.43,43.33,40.08,100.0,19.75,NORMAL,0
2026-09-20 11:44:40,DT-001,NORMAL,33.07,41.43,40.36,100.0,19.11,NORMAL,0
2026-09-20 11:44:41,DT-001,NORMAL,33.32,39.89,40.81,99.99,19.35,NORMAL,0
2026-09-20 11:44:42,DT-001,NORMAL,32.87,38.97,41.05,99.98,18.91,NORMAL,0
2026-09-20 11:44:43,DT-001,NORMAL,30.26,38.57,41.02,99.98,20.13,NORMAL,0
2026-09-20 11:44:44,DT-001,NORMAL,28.83,40.14,41.59,99.97,17.57,NORMAL,0
2026-09-20 11:44:45,DT-001,NORMAL,29.56,40.19,41.96,99.96,15.66,NORMAL,0
2026-09-20 11:44:46,DT-001,NORMAL,30.72,39.99,42.37,99.96,13.68,NORMAL,0
2026-09-20 11:44:47,DT-001,NORMAL,33.13,38.83,42.69,99.95,15.67,NORMAL,0
2026-09-20 11:44:48,DT-001,NORMAL,33.02,39.43,41.93,99.95,18.11,NORMAL,0
2026-09-20 11:44:49,DT-001,NORMAL,31.03,37.91,42.18,99.95,16.01,NORMAL,0
2026-09-20 11:44:50,DT-001,NORMAL,28.31,38.28,41.51,99.94,16.63,NORMAL,0
2026-09-20 11:44:51,DT-001,NORMAL,30.67,38.15,41.1,99.93,16.13,NORMAL,0
2026-09-20 11:44:52,DT-001,NORMAL,29.69,37.98,40.6,99.93,17.65,NORMAL,0
2026-09-20 11:44:53,DT-001,NORMAL,29.85,36.49,40.73,99.92,18.0,NORMAL,0
2026-09-20 11:44:54,DT-001,NORMAL,27.57,35.66,40.89,99.91,17.56,NORMAL,0
2026-09-20 11:44:55,DT-001,NORMAL,30.04,35.43,41.45,99.91,18.29,NORMAL,0
2026-09-20 11:44:56,DT-001,NORMAL,30.17,35.2,41.36,99.9,21.12,NORMAL,0
2026-09-20 11:44:57,DT-001,NORMAL,32.8,35.5,40.56,99.9,19.62,NORMAL,0
2026-09-20 11:44:58,DT-001,NORMAL,34.36,34.75,40.67,99.89,21.84,NORMAL,0
2026-09-20 11:44:59,DT-001,NORMAL,35.18,36.59,40.18,99.89,19.05,NORMAL,0
2026-09-20 11:45:00,DT-001,NORMAL,37.06,37.01,40.86,99.89,18.84,NORMAL,0
2026-09-20 11:45:01,DT-001,NORMAL,36.25,36.91,40.67,99.89,19.83,NORMAL,0
2026-09-20 11:45:02,DT-001,NORMAL,35.47,37.33,40.94,99.88,21.05,NORMAL,0
2026-09-20 11:45:03,DT-001,NORMAL,34.96,39.08,40.78,99.87,19.7,NORMAL,0
2026-09-20 11:45:04,DT-001,NORMAL,36.93,37.4,40.24,99.87,21.48,NORMAL,0
2026-09-20 11:45:05,DT-001,NORMAL,36.95,38.79,40.58,99.86,22.07,NORMAL,0
2026-09-20 11:45:06,DT-001,NORMAL,34.87,40.31,40.05,99.85,19.86,NORMAL,0
2026-09-20 11:45:07,DT-001,NORMAL,36.21,40.28,40.36,99.85,18.55,NORMAL,0
2026-09-20 11:45:08,DT-001,NORMAL,35.76,40.99,40.28,99.85,16.67,NORMAL,0
2026-09-20 11:45:09,DT-001,NORMAL,36.51,41.5,39.71,99.84,18.71,NORMAL,0
2026-09-20 11:45:10,DT-001,NORMAL,38.14,39.64,40.04,99.83,16.36,NORMAL,0
2026-09-20 11:45:11,DT-001,NORMAL,35.45,39.1,39.74,99.83,17.29,NORMAL,0
2026-09-20 11:45:12,DT-001,NORMAL,35.9,40.93,40.19,99.82,20.17,NORMAL,0
2026-09-20 11:45:13,DT-001,NORMAL,34.19,39.41,40.14,99.82,22.06,NORMAL,0
2026-09-20 11:45:14,DT-001,NORMAL,35.33,39.18,40.53,99.81,23.85,NORMAL,0
2026-09-20 11:45:15,DT-001,NORMAL,34.95,40.49,41.18,99.81,24.05,NORMAL,0
2026-09-20 11:45:16,DT-001,NORMAL,36.97,40.5,41.68,99.81,24.57,NORMAL,0
2026-09-20 11:45:17,DT-001,NORMAL,34.8,39.32,41.05,99.8,26.62,NORMAL,0
2026-09-20 11:45:18,DT-001,NORMAL,34.56,38.78,40.99,99.79,25.63,NORMAL,0
2026-09-20 11:45:19,DT-001,FAULT,32.7,39.32,41.53,99.78,439.91,HIGH_NETWORK_LATENCY,1
2026-09-20 11:45:20,DT-001,FAULT,34.9,39.1,40.7,99.78,345.96,HIGH_NETWORK_LATENCY,1
2026-09-20 11:45:21,DT-001,FAULT,32.83,37.7,41.27,99.78,213.08,HIGH_NETWORK_LATENCY,1
2026-09-20 11:45:22,DT-001,FAULT,32.61,38.63,40.77,99.77,449.52,HIGH_NETWORK_LATENCY,1
2026-09-20 11:45:23,DT-001,FAULT,31.68,38.92,40.33,99.77,241.78,HIGH_NETWORK_LATENCY,1
2026-09-20 11:45:24,DT-001,FAULT,33.6,40.02,39.68,99.76,164.45,HIGH_NETWORK_LATENCY,1
2026-09-20 11:45:25,DT-001,FAULT,34.96,38.96,39.4,99.75,294.19,HIGH_NETWORK_LATENCY,1
2026-09-20 11:45:26,DT-001,FAULT,32.46,39.63,39.45,99.75,499.23,HIGH_NETWORK_LATENCY,1
2026-09-20 11:45:27,DT-001,FAULT,34.52,39.18,39.4,99.74,468.28,HIGH_NETWORK_LATENCY,1
2026-09-20 11:45:28,DT-001,FAULT,34.97,38.53,40.13,99.74,336.62,HIGH_NETWORK_LATENCY,1
2026-09-20 11:45:29,DT-001,NORMAL,31.91,38.11,40.69,99.73,305.65,NORMAL,0
2026-09-20 11:45:30,DT-001,NORMAL,32.86,36.8,40.06,99.73,279.11,NORMAL,0
2026-09-20 11:45:31,DT-001,NORMAL,31.42,35.59,39.66,99.73,251.37,NORMAL,0
2026-09-20 11:45:32,DT-001,NORMAL,32.57,36.61,39.5,99.72,225.87,NORMAL,0
2026-09-20 11:45:33,DT-001,NORMAL,33.22,37.06,40.24,99.72,206.68,NORMAL,0
2026-09-20 11:45:34,DT-001,NORMAL,31.89,38.7,40.37,99.71,185.81,NORMAL,0
2026-09-20 11:45:35,DT-001,NORMAL,31.02,38.09,40.04,99.71,170.87,NORMAL,0
2026-09-20 11:45:36,DT-001,NORMAL,32.58,36.97,40.23,99.7,157.84,NORMAL,0
2026-09-20 11:45:37,DT-001,NORMAL,29.76,38.1,40.27,99.7,141.67,NORMAL,0
2026-09-20 11:45:38,DT-001,NORMAL,29.04,39.58,39.77,99.69,131.04,NORMAL,0
2026-09-20 11:45:39,DT-001,NORMAL,27.97,41.39,39.09,99.68,120.39,NORMAL,0
2026-09-20 11:45:40,DT-001,NORMAL,27.83,40.5,39.66,99.67,110.76,NORMAL,0
2026-09-20 11:45:41,DT-001,NORMAL,29.65,38.97,39.77,99.67,102.86,NORMAL,0
2026-09-20 11:45:42,DT-001,NORMAL,28.9,39.33,39.91,99.67,92.02,NORMAL,0
2026-09-20 11:45:43,DT-001,NORMAL,28.89,40.88,39.33,99.66,85.66,NORMAL,0
2026-09-20 11:45:44,DT-001,NORMAL,28.06,40.46,38.8,99.66,76.86,NORMAL,0
2026-09-20 11:45:45,DT-001,NORMAL,26.17,41.49,39.27,99.65,69.73,NORMAL,0
2026-09-20 11:45:46,DT-001,NORMAL,27.68,41.24,38.91,99.64,65.76,NORMAL,0
2026-09-20 11:45:47,DT-001,NORMAL,26.17,40.98,39.09,99.64,61.15,NORMAL,0
2026-09-20 11:45:48,DT-001,NORMAL,24.54,41.85,38.68,99.63,57.68,NORMAL,0
2026-09-20 11:45:49,DT-001,NORMAL,26.21,41.67,39.52,99.63,52.78,NORMAL,0
2026-09-20 11:45:50,DT-001,NORMAL,26.92,40.29,39.6,99.63,49.8,NORMAL,0
2026-09-20 11:45:51,DT-001,NORMAL,28.37,40.54,39.9,99.62,46.07,NORMAL,0
2026-09-20 11:45:52,DT-001,NORMAL,30.28,39.08,40.02,99.62,43.53,NORMAL,0
2026-09-20 11:45:53,DT-001,NORMAL,28.72,38.53,40.69,99.61,42.24,NORMAL,0
2026-09-20 11:45:54,DT-001,NORMAL,31.33,37.71,40.52,99.6,39.47,NORMAL,0
2026-09-20 11:45:55,DT-001,NORMAL,30.12,39.47,41.01,99.59,39.74,NORMAL,0
2026-09-20 11:45:56,DT-001,NORMAL,32.04,38.51,40.98,99.59,38.41,NORMAL,0
2026-09-20 11:45:57,DT-001,NORMAL,33.42,38.58,40.21,99.58,34.03,NORMAL,0
2026-09-20 11:45:58,DT-001,NORMAL,31.49,37.5,40.57,99.57,31.4,NORMAL,0
2026-09-20 11:45:59,DT-001,NORMAL,31.84,37.5,41.17,99.57,32.39,NORMAL,0
2026-09-20 11:46:00,DT-001,NORMAL,31.07,36.16,41.37,99.56,32.51,NORMAL,0
2026-09-20 11:46:01,DT-001,NORMAL,32.08,37.09,40.73,99.56,30.59,NORMAL,0
2026-09-20 11:46:02,DT-001,NORMAL,29.81,35.68,40.22,99.56,30.3,NORMAL,0
2026-09-20 11:46:03,DT-001,NORMAL,27.63,37.81,40.44,99.55,26.87,NORMAL,0
2026-09-20 11:46:04,DT-001,NORMAL,28.89,37.81,40.9,99.55,24.5,NORMAL,0
2026-09-20 11:46:05,DT-001,NORMAL,29.61,39.32,40.39,99.54,26.04,NORMAL,0
2026-09-20 11:46:06,DT-001,FAULT,32.7,39.74,83.4,99.54,26.45,HIGH_TEMPERATURE,1
2026-09-20 11:46:07,DT-001,FAULT,36.65,38.86,94.33,99.54,25.76,HIGH_TEMPERATURE,1
2026-09-20 11:46:08,DT-001,FAULT,40.5,39.99,92.43,99.53,22.84,HIGH_TEMPERATURE,1
2026-09-20 11:46:09,DT-001,FAULT,42.27,38.85,86.94,99.52,24.17,HIGH_TEMPERATURE,1
2026-09-20 11:46:10,DT-001,FAULT,46.92,38.22,82.24,99.52,23.9,HIGH_TEMPERATURE,1
2026-09-20 11:46:11,DT-001,FAULT,46.08,38.28,82.1,99.52,23.93,HIGH_TEMPERATURE,1
2026-09-20 11:46:12,DT-001,FAULT,50.29,39.94,98.8,99.51,22.85,HIGH_TEMPERATURE,1
2026-09-20 11:46:13,DT-001,FAULT,49.58,41.74,90.67,99.51,20.49,HIGH_TEMPERATURE,1
2026-09-20 11:46:14,DT-001,FAULT,47.53,40.54,83.17,99.5,21.94,HIGH_TEMPERATURE,1
2026-09-20 11:46:15,DT-001,FAULT,47.07,39.43,96.51,99.5,23.79,HIGH_TEMPERATURE,1
2026-09-20 11:46:16,DT-001,FAULT,50.4,39.6,87.66,99.49,22.93,HIGH_TEMPERATURE,1
2026-09-20 11:46:17,DT-001,FAULT,48.39,41.08,93.66,99.49,22.53,HIGH_TEMPERATURE,1
2026-09-20 11:46:18,DT-001,FAULT,49.55,41.93,85.32,99.48,20.14,HIGH_TEMPERATURE,1
2026-09-20 11:46:19,DT-001,NORMAL,47.49,40.07,80.45,99.48,17.46,NORMAL,0
2026-09-20 11:46:20,DT-001,NORMAL,47.08,39.23,76.83,99.47,15.97,NORMAL,0
2026-09-20 11:46:21,DT-001,NORMAL,44.36,38.28,72.98,99.47,15.91,NORMAL,0
2026-09-20 11:46:22,DT-001,NORMAL,40.77,38.04,69.0,99.47,15.65,NORMAL,0
2026-09-20 11:46:23,DT-001,NORMAL,40.28,37.88,66.46,99.46,15.23,NORMAL,0
2026-09-20 11:46:24,DT-001,NORMAL,38.01,39.79,64.4,99.46,15.15,NORMAL,0
2026-09-20 11:46:25,DT-001,NORMAL,36.56,40.72,62.58,99.45,18.18,NORMAL,0
2026-09-20 11:46:26,DT-001,NORMAL,35.9,39.17,59.98,99.45,17.23,NORMAL,0
2026-09-20 11:46:27,DT-001,NORMAL,34.08,39.92,57.67,99.45,17.87,NORMAL,0
2026-09-20 11:46:28,DT-001,NORMAL,35.23,38.23,55.51,99.45,15.85,NORMAL,0
2026-09-20 11:46:29,DT-001,NORMAL,34.24,40.14,53.46,99.44,18.73,NORMAL,0
2026-09-20 11:46:30,DT-001,NORMAL,33.15,40.44,52.7,99.43,19.88,NORMAL,0
2026-09-20 11:46:31,DT-001,NORMAL,34.06,41.35,51.78,99.43,19.3,NORMAL,0
2026-09-20 11:46:32,DT-001,NORMAL,33.84,41.78,51.14,99.42,18.43,NORMAL,0
2026-09-20 11:46:33,DT-001,NORMAL,33.19,43.33,50.15,99.41,20.1,NORMAL,0
2026-09-20 11:46:34,DT-001,NORMAL,30.63,43.66,49.72,99.41,18.0,NORMAL,0
2026-09-20 11:46:35,DT-001,NORMAL,32.21,44.34,49.26,99.41,20.62,NORMAL,0
2026-09-20 11:46:36,DT-001,NORMAL,33.7,44.37,48.43,99.4,21.88,NORMAL,0
2026-09-20 11:46:37,DT-001,NORMAL,33.13,42.19,47.47,99.4,24.0,NORMAL,0
2026-09-20 11:46:38,DT-001,NORMAL,33.68,41.38,47.02,99.39,21.88,NORMAL,0
2026-09-20 11:46:39,DT-001,NORMAL,31.99,41.64,46.16,99.39,20.58,NORMAL,0
2026-09-20 11:46:40,DT-001,NORMAL,34.39,42.39,45.51,99.38,23.06,NORMAL,0
2026-09-20 11:46:41,DT-001,NORMAL,31.96,41.58,44.96,99.37,20.66,NORMAL,0
2026-09-20 11:46:42,DT-001,NORMAL,33.07,43.21,45.08,99.36,21.39,NORMAL,0
2026-09-20 11:46:43,DT-001,NORMAL,31.53,42.75,44.81,99.36,22.61,NORMAL,0
2026-09-20 11:46:44,DT-001,NORMAL,29.94,43.1,44.78,99.35,22.62,NORMAL,0
2026-09-20 11:46:45,DT-001,NORMAL,29.53,44.26,44.33,99.35,20.15,NORMAL,0
2026-09-20 11:46:46,DT-001,NORMAL,31.48,42.23,43.81,99.34,22.65,NORMAL,0
2026-09-20 11:46:47,DT-001,NORMAL,32.32,42.45,43.63,99.34,21.88,NORMAL,0
2026-09-20 11:46:48,DT-001,NORMAL,33.37,40.55,42.94,99.33,24.1,NORMAL,0
2026-09-20 11:46:49,DT-001,NORMAL,33.36,39.02,43.25,99.33,24.37,NORMAL,0
2026-09-20 11:46:50,DT-001,NORMAL,34.9,40.2,42.65,99.32,22.04,NORMAL,0
2026-09-20 11:46:51,DT-001,NORMAL,36.1,40.33,42.59,99.32,22.78,NORMAL,0
2026-09-20 11:46:52,DT-001,NORMAL,36.64,41.59,42.56,99.31,22.8,NORMAL,0
2026-09-20 11:46:53,DT-001,NORMAL,33.54,40.13,42.86,99.31,23.26,NORMAL,0
2026-09-20 11:46:54,DT-001,NORMAL,33.04,41.3,42.34,99.3,25.0,NORMAL,0
2026-09-20 11:46:55,DT-001,NORMAL,30.38,41.26,42.81,99.3,22.0,NORMAL,0
2026-09-20 11:46:56,DT-001,NORMAL,31.91,40.33,43.15,99.29,21.74,NORMAL,0
2026-09-20 11:46:57,DT-001,NORMAL,29.65,40.0,42.23,99.28,20.26,NORMAL,0
2026-09-20 11:46:58,DT-001,NORMAL,30.49,41.68,42.72,99.27,18.83,NORMAL,0
2026-09-20 11:46:59,DT-001,NORMAL,30.21,42.59,41.98,99.26,20.96,NORMAL,0
2026-09-20 11:47:00,DT-001,NORMAL,32.67,43.46,42.03,99.25,22.8,NORMAL,0
2026-09-20 11:47:01,DT-001,NORMAL,34.94,41.98,41.82,99.25,22.43,NORMAL,0
2026-09-20 11:47:02,DT-001,NORMAL,35.39,43.48,41.63,99.25,22.02,NORMAL,0
2026-09-20 11:47:03,DT-001,NORMAL,32.81,41.86,41.1,99.24,19.63,NORMAL,0
2026-09-20 11:47:04,DT-001,NORMAL,33.33,42.65,41.46,99.24,17.85,NORMAL,0
2026-09-20 11:47:05,DT-001,NORMAL,32.91,44.08,40.68,99.23,17.55,NORMAL,0
2026-09-20 11:47:06,DT-001,NORMAL,30.72,43.42,41.2,99.23,18.06,NORMAL,0
2026-09-20 11:47:07,DT-001,NORMAL,31.03,44.87,41.03,99.22,17.73,NORMAL,0
2026-09-20 11:47:08,DT-001,NORMAL,31.09,46.1,41.31,99.22,15.33,NORMAL,0
2026-09-20 11:47:09,DT-001,NORMAL,32.3,43.72,41.55,99.22,18.41,NORMAL,0
2026-09-20 11:47:10,DT-001,NORMAL,33.75,43.3,41.79,99.21,18.64,NORMAL,0
2026-09-20 11:47:11,DT-001,NORMAL,35.64,43.71,41.52,99.2,19.21,NORMAL,0
2026-09-20 11:47:12,DT-001,NORMAL,35.07,44.57,41.73,99.2,21.79,NORMAL,0
2026-09-20 11:47:13,DT-001,NORMAL,33.13,44.13,41.69,99.19,22.65,NORMAL,0
2026-09-20 11:47:14,DT-001,NORMAL,31.76,43.5,41.39,99.19,23.01,NORMAL,0
2026-09-20 11:47:15,DT-001,NORMAL,33.49,44.22,41.5,99.19,21.84,NORMAL,0
2026-09-20 11:47:16,DT-001,NORMAL,31.16,43.7,41.15,99.18,23.13,NORMAL,0
2026-09-20 11:47:17,DT-001,NORMAL,31.05,43.13,41.16,99.18,23.24,NORMAL,0
2026-09-20 11:47:18,DT-001,FAULT,87.69,43.77,43.63,99.18,22.58,HIGH_CPU,1
2026-09-20 11:47:19,DT-001,FAULT,98.56,41.81,44.42,99.17,23.2,HIGH_CPU,1
2026-09-20 11:47:20,DT-001,FAULT,95.74,41.16,44.96,99.17,23.49,HIGH_CPU,1
2026-09-20 11:47:21,DT-001,FAULT,90.72,41.96,46.6,99.16,20.65,HIGH_CPU,1
2026-09-20 11:47:22,DT-001,FAULT,92.18,41.2,47.39,99.16,20.04,HIGH_CPU,1
2026-09-20 11:47:23,DT-001,FAULT,85.37,41.29,49.07,99.15,20.54,HIGH_CPU,1
2026-09-20 11:47:24,DT-001,FAULT,94.01,42.38,49.16,99.14,21.93,HIGH_CPU,1
2026-09-20 11:47:25,DT-001,FAULT,99.16,41.9,50.23,99.14,19.84,HIGH_CPU,1
2026-09-20 11:47:26,DT-001,FAULT,97.49,43.32,51.87,99.14,21.99,HIGH_CPU,1
2026-09-20 11:47:27,DT-001,FAULT,88.5,41.82,51.9,99.13,19.65,HIGH_CPU,1
2026-09-20 11:47:28,DT-001,FAULT,95.39,42.6,52.62,99.12,17.02,HIGH_CPU,1
2026-09-20 11:47:29,DT-001,NORMAL,87.51,43.77,50.94,99.12,16.06,NORMAL,0
2026-09-20 11:47:30,DT-001,NORMAL,83.85,42.3,49.3,99.11,18.54,NORMAL,0
2026-09-20 11:47:31,DT-001,NORMAL,78.64,41.59,48.56,99.1,16.68,NORMAL,0
2026-09-20 11:47:32,DT-001,NORMAL,75.89,41.88,47.01,99.1,16.69,NORMAL,0
2026-09-20 11:47:33,DT-001,NORMAL,72.93,42.21,46.12,99.09,17.98,NORMAL,0
2026-09-20 11:47:34,DT-001,NORMAL,68.21,42.56,45.57,99.08,19.0,NORMAL,0
2026-09-20 11:47:35,DT-001,NORMAL,63.68,43.04,44.73,99.07,20.14,NORMAL,0
2026-09-20 11:47:36,DT-001,NORMAL,60.26,43.45,44.68,99.07,21.03,NORMAL,0
2026-09-20 11:47:37,DT-001,NORMAL,54.69,42.04,43.7,99.06,19.3,NORMAL,0
2026-09-20 11:47:38,DT-001,NORMAL,54.75,41.58,43.37,99.05,18.09,NORMAL,0
2026-09-20 11:47:39,DT-001,NORMAL,52.42,41.63,43.23,99.05,16.77,NORMAL,0
2026-09-20 11:47:40,DT-001,NORMAL,52.39,41.35,43.51,99.04,19.05,NORMAL,0
2026-09-20 11:47:41,DT-001,NORMAL,47.89,40.76,42.78,99.04,19.2,NORMAL,0
2026-09-20 11:47:42,DT-001,NORMAL,47.85,40.4,42.28,99.03,17.02,NORMAL,0
2026-09-20 11:47:43,DT-001,NORMAL,43.53,39.75,41.9,99.03,19.54,NORMAL,0
2026-09-20 11:47:44,DT-001,NORMAL,41.66,40.39,41.04,99.02,18.09,NORMAL,0
2026-09-20 11:47:45,DT-001,NORMAL,40.05,38.89,40.65,99.02,19.24,NORMAL,0
2026-09-20 11:47:46,DT-001,NORMAL,37.11,39.3,40.91,99.02,20.57,NORMAL,0
2026-09-20 11:47:47,DT-001,NORMAL,35.51,38.69,41.33,99.01,18.63,NORMAL,0
2026-09-20 11:47:48,DT-001,NORMAL,35.31,38.46,41.78,99.01,17.18,NORMAL,0
2026-09-20 11:47:49,DT-001,NORMAL,34.32,38.96,41.26,99.01,17.99,NORMAL,0
2026-09-20 11:47:50,DT-001,FAULT,32.92,39.95,41.01,7.26,19.06,LOW_BATTERY,1
2026-09-20 11:47:51,DT-001,FAULT,30.33,38.36,40.89,15.49,17.27,LOW_BATTERY,1
2026-09-20 11:47:52,DT-001,FAULT,27.68,37.25,41.25,12.42,15.94,LOW_BATTERY,1
2026-09-20 11:47:53,DT-001,FAULT,26.41,38.4,40.64,8.84,17.19,LOW_BATTERY,1
2026-09-20 11:47:54,DT-001,FAULT,27.96,39.74,40.1,9.58,16.31,LOW_BATTERY,1
2026-09-20 11:47:55,DT-001,FAULT,26.91,38.73,40.78,14.55,16.1,LOW_BATTERY,1
2026-09-20 11:47:56,DT-001,FAULT,27.65,37.18,40.0,13.24,16.11,LOW_BATTERY,1
2026-09-20 11:47:57,DT-001,FAULT,29.11,38.35,39.58,6.26,14.63,LOW_BATTERY,1
2026-09-20 11:47:58,DT-001,FAULT,31.49,38.33,40.01,4.36,15.86,LOW_BATTERY,1
2026-09-20 11:47:59,DT-001,FAULT,31.17,37.98,39.81,17.86,14.07,LOW_BATTERY,1
2026-09-20 11:48:00,DT-001,FAULT,32.65,39.22,40.0,2.64,13.03,LOW_BATTERY,1
2026-09-20 11:48:01,DT-001,FAULT,31.92,40.79,40.39,17.14,13.0,LOW_BATTERY,1
2026-09-20 11:48:02,DT-001,FAULT,29.61,39.94,40.71,8.11,14.87,LOW_BATTERY,1
2026-09-20 11:48:03,DT-001,FAULT,32.14,41.15,40.29,17.33,13.83,LOW_BATTERY,1
2026-09-20 11:48:04,DT-001,FAULT,30.49,40.82,40.33,16.16,15.91,LOW_BATTERY,1
2026-09-20 11:48:05,DT-001,FAULT,31.58,39.41,40.93,8.42,15.41,LOW_BATTERY,1
2026-09-20 11:48:06,DT-001,NORMAL,29.2,38.36,40.9,100.0,17.17,NORMAL,0
2026-09-20 11:48:07,DT-001,NORMAL,29.78,40.04,40.87,100.0,17.16,NORMAL,0
2026-09-20 11:48:08,DT-001,NORMAL,28.53,38.4,41.24,99.99,18.08,NORMAL,0
2026-09-20 11:48:09,DT-001,NORMAL,28.11,39.45,40.48,99.99,18.34,NORMAL,0
2026-09-20 11:48:10,DT-001,NORMAL,28.8,40.12,40.12,99.98,20.94,NORMAL,0
2026-09-20 11:48:11,DT-001,NORMAL,31.24,39.38,40.64,99.98,21.0,NORMAL,0
2026-09-20 11:48:12,DT-001,NORMAL,29.37,38.05,41.04,99.97,20.3,NORMAL,0
2026-09-20 11:48:13,DT-001,NORMAL,29.46,36.67,40.97,99.97,19.36,NORMAL,0
2026-09-20 11:48:14,DT-001,NORMAL,30.17,36.58,40.15,99.97,21.05,NORMAL,0
2026-09-20 11:48:15,DT-001,NORMAL,29.63,36.71,40.08,99.96,21.39,NORMAL,0
2026-09-20 11:48:16,DT-001,NORMAL,31.72,36.77,39.62,99.96,20.38,NORMAL,0
2026-09-20 11:48:17,DT-001,NORMAL,30.13,37.36,39.92,99.95,22.93,NORMAL,0
2026-09-20 11:48:18,DT-001,NORMAL,29.63,37.64,40.54,99.95,22.98,NORMAL,0
2026-09-20 11:48:19,DT-001,NORMAL,27.19,39.06,39.94,99.95,21.18,NORMAL,0
2026-09-20 11:48:20,DT-001,NORMAL,25.48,39.31,40.26,99.94,18.37,NORMAL,0
2026-09-20 11:48:21,DT-001,NORMAL,26.02,38.71,39.51,99.93,16.73,NORMAL,0
2026-09-20 11:48:22,DT-001,NORMAL,28.33,37.74,39.59,99.93,19.09,NORMAL,0
2026-09-20 11:48:23,DT-001,NORMAL,26.79,37.22,39.42,99.93,21.68,NORMAL,0
2026-09-20 11:48:24,DT-001,NORMAL,26.44,35.9,39.83,99.92,19.3,NORMAL,0
2026-09-20 11:48:25,DT-001,NORMAL,27.16,36.59,39.4,99.92,20.91,NORMAL,0
2026-09-20 11:48:26,DT-001,NORMAL,29.48,36.34,39.57,99.91,22.11,NORMAL,0
2026-09-20 11:48:27,DT-001,NORMAL,31.33,36.98,39.66,99.91,21.54,NORMAL,0
2026-09-20 11:48:28,DT-001,NORMAL,28.92,35.51,38.99,99.9,23.8,NORMAL,0
2026-09-20 11:48:29,DT-001,NORMAL,27.43,34.75,39.58,99.9,23.74,NORMAL,0
2026-09-20 11:48:30,DT-001,NORMAL,29.2,36.84,39.42,99.89,25.59,NORMAL,0
2026-09-20 11:48:31,DT-001,NORMAL,28.86,35.91,39.61,99.89,23.09,NORMAL,0
2026-09-20 11:48:32,DT-001,NORMAL,27.79,35.79,40.32,99.89,24.79,NORMAL,0
2026-09-20 11:48:33,DT-001,NORMAL,29.67,34.56,39.64,99.88,22.76,NORMAL,0
2026-09-20 11:48:34,DT-001,NORMAL,27.4,36.65,39.67,99.87,21.67,NORMAL,0
2026-09-20 11:48:35,DT-001,NORMAL,27.38,37.13,39.54,99.87,22.53,NORMAL,0
2026-09-20 11:48:36,DT-001,NORMAL,30.25,38.88,40.0,99.86,23.47,NORMAL,0
2026-09-20 11:48:37,DT-001,NORMAL,32.47,40.77,40.14,99.86,25.51,NORMAL,0
2026-09-20 11:48:38,DT-001,NORMAL,32.17,39.23,39.56,99.85,22.52,NORMAL,0
2026-09-20 11:48:39,DT-001,NORMAL,32.18,40.74,39.85,99.85,23.18,NORMAL,0
2026-09-20 11:48:40,DT-001,NORMAL,30.51,41.31,40.36,99.84,21.22,NORMAL,0
2026-09-20 11:48:41,DT-001,NORMAL,29.69,42.53,40.33,99.83,22.29,NORMAL,0
2026-09-20 11:48:42,DT-001,NORMAL,29.33,41.02,39.74,99.83,22.94,NORMAL,0
2026-09-20 11:48:43,DT-001,NORMAL,29.7,41.59,40.06,99.82,24.35,NORMAL,0
2026-09-20 11:48:44,DT-001,NORMAL,31.79,42.17,40.25,99.82,23.4,NORMAL,0
2026-09-20 11:48:45,DT-001,NORMAL,34.13,41.45,40.0,99.82,21.12,NORMAL,0
2026-09-20 11:48:46,DT-001,NORMAL,32.19,41.02,40.02,99.81,19.79,NORMAL,0
2026-09-20 11:48:47,DT-001,NORMAL,32.99,41.12,39.32,99.81,21.41,NORMAL,0
2026-09-20 11:48:48,DT-001,NORMAL,30.22,41.16,38.78,99.8,23.46,NORMAL,0
2026-09-20 11:48:49,DT-001,NORMAL,31.84,41.23,38.52,99.8,22.18,NORMAL,0
2026-09-20 11:48:50,DT-001,NORMAL,33.69,39.41,38.53,99.79,23.64,NORMAL,0
2026-09-20 11:48:51,DT-001,NORMAL,35.09,40.95,38.01,99.78,24.32,NORMAL,0
2026-09-20 11:48:52,DT-001,NORMAL,33.72,40.62,38.29,99.78,24.63,NORMAL,0
2026-09-20 11:48:53,DT-001,NORMAL,32.53,41.11,38.44,99.78,26.77,NORMAL,0
2026-09-20 11:48:54,DT-001,NORMAL,30.35,41.42,37.9,99.77,25.85,NORMAL,0
2026-09-20 11:48:55,DT-001,NORMAL,31.13,42.75,37.65,99.76,26.21,NORMAL,0
2026-09-20 11:48:56,DT-001,NORMAL,29.87,42.14,37.73,99.76,26.13,NORMAL,0
2026-09-20 11:48:57,DT-001,NORMAL,27.42,41.53,38.47,99.76,23.57,NORMAL,0
2026-09-20 11:48:58,DT-001,NORMAL,27.15,41.27,38.32,99.75,25.32,NORMAL,0
2026-09-20 11:48:59,DT-001,NORMAL,29.63,39.83,38.9,99.74,22.78,NORMAL,0
2026-09-20 11:49:00,DT-001,NORMAL,32.13,38.35,39.38,99.74,23.96,NORMAL,0
2026-09-20 11:49:01,DT-001,NORMAL,31.57,39.48,39.17,99.73,22.32,NORMAL,0
2026-09-20 11:49:02,DT-001,NORMAL,33.45,39.87,39.44,99.73,21.62,NORMAL,0
2026-09-20 11:49:03,DT-001,NORMAL,31.08,39.41,39.0,99.72,21.41,NORMAL,0
2026-09-20 11:49:04,DT-001,NORMAL,28.51,37.9,38.91,99.71,23.71,NORMAL,0
2026-09-20 11:49:05,DT-001,NORMAL,29.83,36.84,38.51,99.71,21.73,NORMAL,0
2026-09-20 11:49:06,DT-001,NORMAL,31.62,36.76,37.99,99.71,22.88,NORMAL,0
2026-09-20 11:49:07,DT-001,NORMAL,32.1,37.45,38.73,99.7,20.48,NORMAL,0
2026-09-20 11:49:08,DT-001,NORMAL,29.5,38.68,38.15,99.7,21.68,NORMAL,0
2026-09-20 11:49:09,DT-001,NORMAL,27.92,37.33,38.65,99.69,20.82,NORMAL,0
2026-09-20 11:49:10,DT-001,NORMAL,27.21,39.26,38.96,99.69,18.85,NORMAL,0
2026-09-20 11:49:11,DT-001,NORMAL,28.71,40.09,38.36,99.69,17.05,NORMAL,0
2026-09-20 11:49:12,DT-001,NORMAL,27.6,39.21,38.87,99.68,18.93,NORMAL,0
2026-09-20 11:49:13,DT-001,NORMAL,28.91,40.36,38.67,99.68,21.22,NORMAL,0
2026-09-20 11:49:14,DT-001,NORMAL,28.94,39.33,39.08,99.67,19.46,NORMAL,0
2026-09-20 11:49:15,DT-001,NORMAL,28.86,40.6,39.31,99.67,20.53,NORMAL,0
2026-09-20 11:49:16,DT-001,NORMAL,30.36,39.09,38.82,99.66,18.57,NORMAL,0
2026-09-20 11:49:17,DT-001,NORMAL,30.28,40.76,39.47,99.65,18.81,NORMAL,0
2026-09-20 11:49:18,DT-001,NORMAL,31.08,42.34,39.96,99.64,17.04,NORMAL,0
2026-09-20 11:49:19,DT-001,NORMAL,33.53,41.55,39.91,99.64,18.71,NORMAL,0
2026-09-20 11:49:20,DT-001,NORMAL,31.65,40.79,39.92,99.63,17.67,NORMAL,0
2026-09-20 11:49:21,DT-001,NORMAL,30.65,39.37,39.52,99.62,17.91,NORMAL,0
2026-09-20 11:49:22,DT-001,NORMAL,28.67,40.33,40.27,99.62,16.23,NORMAL,0
2026-09-20 11:49:23,DT-001,NORMAL,30.14,38.96,39.99,99.61,14.27,NORMAL,0
2026-09-20 11:49:24,DT-001,NORMAL,30.27,39.27,39.54,99.61,12.39,NORMAL,0
2026-09-20 11:49:25,DT-001,NORMAL,29.36,38.37,39.93,99.61,15.65,NORMAL,0
2026-09-20 11:49:26,DT-001,NORMAL,32.05,38.32,39.89,99.61,15.43,NORMAL,0
2026-09-20 11:49:27,DT-001,NORMAL,29.84,38.66,39.9,99.6,16.95,NORMAL,0
2026-09-20 11:49:28,DT-001,NORMAL,27.58,39.38,39.27,99.6,15.67,NORMAL,0
2026-09-20 11:49:29,DT-001,NORMAL,29.56,40.23,39.18,99.6,14.43,NORMAL,0
2026-09-20 11:49:30,DT-001,NORMAL,30.95,38.89,38.73,99.59,12.47,NORMAL,0
2026-09-20 11:49:31,DT-001,NORMAL,32.0,40.59,38.51,99.58,11.71,NORMAL,0
2026-09-20 11:49:32,DT-001,NORMAL,29.76,41.63,38.05,99.57,11.76,NORMAL,0
2026-09-20 11:49:33,DT-001,NORMAL,31.77,41.04,37.97,99.56,11.57,NORMAL,0
2026-09-20 11:49:34,DT-001,NORMAL,30.04,41.28,38.33,99.56,14.09,NORMAL,0
2026-09-20 11:49:35,DT-001,NORMAL,29.3,40.17,38.13,99.56,15.12,NORMAL,0
2026-09-20 11:49:36,DT-001,NORMAL,30.03,41.38,38.27,99.55,16.95,NORMAL,0
2026-09-20 11:49:37,DT-001,NORMAL,31.6,40.54,38.15,99.55,17.24,NORMAL,0
2026-09-20 11:49:38,DT-001,NORMAL,31.67,39.96,38.41,99.54,15.19,NORMAL,0
2026-09-20 11:49:39,DT-001,NORMAL,31.54,41.18,38.53,99.54,18.09,NORMAL,0
2026-09-20 11:49:40,DT-001,NORMAL,33.05,39.74,38.49,99.53,18.27,NORMAL,0
2026-09-20 11:49:41,DT-001,NORMAL,32.51,41.48,38.23,99.53,20.62,NORMAL,0
2026-09-20 11:49:42,DT-001,NORMAL,29.8,42.84,38.0,99.53,18.87,NORMAL,0
2026-09-20 11:49:43,DT-001,NORMAL,28.86,42.76,38.82,99.53,17.84,NORMAL,0
2026-09-20 11:49:44,DT-001,NORMAL,26.91,41.81,39.57,99.52,20.24,NORMAL,0
2026-09-20 11:49:45,DT-001,NORMAL,26.66,41.5,39.56,99.51,20.19,NORMAL,0
2026-09-20 11:49:46,DT-001,FAULT,85.06,41.03,43.25,99.5,19.65,HIGH_CPU,1
2026-09-20 11:49:47,DT-001,FAULT,86.8,41.71,45.37,99.49,21.59,HIGH_CPU,1
2026-09-20 11:49:48,DT-001,FAULT,97.88,42.06,46.31,99.49,23.74,HIGH_CPU,1
2026-09-20 11:49:49,DT-001,FAULT,87.0,41.99,47.17,99.48,24.78,HIGH_CPU,1
2026-09-20 11:49:50,DT-001,FAULT,96.69,42.14,48.31,99.48,23.22,HIGH_CPU,1
2026-09-20 11:49:51,DT-001,FAULT,91.01,41.68,49.93,99.47,25.06,HIGH_CPU,1
2026-09-20 11:49:52,DT-001,FAULT,88.79,40.7,51.55,99.47,22.83,HIGH_CPU,1
2026-09-20 11:49:53,DT-001,FAULT,93.44,40.05,52.07,99.47,24.59,HIGH_CPU,1
2026-09-20 11:49:54,DT-001,FAULT,99.5,39.36,52.74,99.46,21.96,HIGH_CPU,1
2026-09-20 11:49:55,DT-001,FAULT,96.36,39.02,52.13,99.46,19.54,HIGH_CPU,1
2026-09-20 11:49:56,DT-001,FAULT,92.94,39.93,51.68,99.45,20.27,HIGH_CPU,1
2026-09-20 11:49:57,DT-001,FAULT,93.29,39.36,52.55,99.45,22.86,HIGH_CPU,1
2026-09-20 11:49:58,DT-001,NORMAL,89.29,38.22,51.47,99.45,23.95,NORMAL,0
2026-09-20 11:49:59,DT-001,NORMAL,81.79,39.67,49.88,99.44,22.67,NORMAL,0
2026-09-20 11:50:00,DT-001,NORMAL,76.55,39.56,48.92,99.43,21.68,NORMAL,0
2026-09-20 11:50:01,DT-001,NORMAL,73.45,39.34,47.61,99.43,19.3,NORMAL,0
2026-09-20 11:50:02,DT-001,NORMAL,69.62,39.71,46.45,99.42,19.67,NORMAL,0
2026-09-20 11:50:03,DT-001,NORMAL,66.48,40.82,45.34,99.41,21.62,NORMAL,0
2026-09-20 11:50:04,DT-001,NORMAL,63.42,38.98,45.25,99.4,19.38,NORMAL,0
2026-09-20 11:50:05,DT-001,NORMAL,57.55,37.55,44.33,99.4,18.4,NORMAL,0
2026-09-20 11:50:06,DT-001,NORMAL,53.76,36.66,43.46,99.39,18.56,NORMAL,0
2026-09-20 11:50:07,DT-001,NORMAL,49.09,38.77,43.27,99.39,20.67,NORMAL,0
2026-09-20 11:50:08,DT-001,NORMAL,46.61,39.97,42.77,99.38,22.35,NORMAL,0
2026-09-20 11:50:09,DT-001,NORMAL,46.05,38.24,42.99,99.37,22.97,NORMAL,0
2026-09-20 11:50:10,DT-001,NORMAL,42.23,40.15,42.66,99.37,24.95,NORMAL,0
2026-09-20 11:50:11,DT-001,NORMAL,41.61,40.39,42.34,99.36,24.2,NORMAL,0
2026-09-20 11:50:12,DT-001,NORMAL,40.91,39.98,41.45,99.36,22.12,NORMAL,0
2026-09-20 11:50:13,DT-001,NORMAL,38.77,40.61,40.67,99.36,21.3,NORMAL,0
2026-09-20 11:50:14,DT-001,NORMAL,40.49,41.97,41.19,99.35,21.0,NORMAL,0
2026-09-20 11:50:15,DT-001,NORMAL,40.8,41.28,41.67,99.35,19.26,NORMAL,0
2026-09-20 11:50:16,DT-001,NORMAL,39.66,39.38,40.95,99.34,20.29,NORMAL,0
2026-09-20 11:50:17,DT-001,NORMAL,41.21,40.08,40.43,99.34,21.51,NORMAL,0
2026-09-20 11:50:18,DT-001,NORMAL,37.41,41.75,40.28,99.33,21.4,NORMAL,0
2026-09-20 11:50:19,DT-001,NORMAL,38.66,42.25,40.14,99.33,23.57,NORMAL,0
2026-09-20 11:50:20,DT-001,NORMAL,38.73,41.93,40.76,99.33,25.84,NORMAL,0
2026-09-20 11:50:21,DT-001,NORMAL,39.64,43.25,40.81,99.32,27.68,NORMAL,0
2026-09-20 11:50:22,DT-001,NORMAL,41.33,42.6,40.4,99.31,25.12,NORMAL,0
2026-09-20 11:50:23,DT-001,NORMAL,40.15,43.56,40.59,99.3,26.04,NORMAL,0
2026-09-20 11:50:24,DT-001,NORMAL,38.56,44.55,40.19,99.3,25.14,NORMAL,0
2026-09-20 11:50:25,DT-001,NORMAL,37.08,43.23,40.29,99.3,24.31,NORMAL,0
2026-09-20 11:50:26,DT-001,NORMAL,35.58,43.37,40.61,99.3,23.58,NORMAL,0
2026-09-20 11:50:27,DT-001,NORMAL,34.05,41.36,40.75,99.29,24.7,NORMAL,0
2026-09-20 11:50:28,DT-001,NORMAL,33.62,41.58,39.96,99.29,25.2,NORMAL,0
2026-09-20 11:50:29,DT-001,NORMAL,33.86,40.76,39.57,99.28,23.78,NORMAL,0
2026-09-20 11:50:30,DT-001,FAULT,32.28,42.0,38.94,99.27,262.35,HIGH_NETWORK_LATENCY,1
2026-09-20 11:50:31,DT-001,FAULT,32.23,40.72,39.09,99.26,190.88,HIGH_NETWORK_LATENCY,1
2026-09-20 11:50:32,DT-001,FAULT,32.58,39.74,39.33,99.26,136.3,HIGH_NETWORK_LATENCY,1
2026-09-20 11:50:33,DT-001,FAULT,34.59,40.89,38.72,99.26,487.68,HIGH_NETWORK_LATENCY,1
2026-09-20 11:50:34,DT-001,FAULT,36.16,39.31,38.13,99.25,428.1,HIGH_NETWORK_LATENCY,1
2026-09-20 11:50:35,DT-001,FAULT,36.65,40.6,38.05,99.25,173.64,HIGH_NETWORK_LATENCY,1
2026-09-20 11:50:36,DT-001,FAULT,35.24,39.57,38.29,99.24,196.79,HIGH_NETWORK_LATENCY,1
2026-09-20 11:50:37,DT-001,FAULT,33.59,39.23,38.15,99.24,499.17,HIGH_NETWORK_LATENCY,1
2026-09-20 11:50:38,DT-001,FAULT,35.68,38.93,38.23,99.24,445.7,HIGH_NETWORK_LATENCY,1
2026-09-20 11:50:39,DT-001,FAULT,33.15,38.98,38.87,99.23,162.35,HIGH_NETWORK_LATENCY,1
2026-09-20 11:50:40,DT-001,FAULT,33.35,40.1,39.29,99.22,429.97,HIGH_NETWORK_LATENCY,1
2026-09-20 11:50:41,DT-001,FAULT,30.6,38.61,38.9,99.22,425.59,HIGH_NETWORK_LATENCY,1
2026-09-20 11:50:42,DT-001,FAULT,28.43,40.1,38.76,99.21,219.7,HIGH_NETWORK_LATENCY,1
2026-09-20 11:50:43,DT-001,FAULT,30.65,40.0,39.08,99.21,209.7,HIGH_NETWORK_LATENCY,1
2026-09-20 11:50:44,DT-001,FAULT,32.39,39.74,38.83,99.21,447.64,HIGH_NETWORK_LATENCY,1
2026-09-20 11:50:45,DT-001,FAULT,31.46,40.5,38.91,99.2,128.71,HIGH_NETWORK_LATENCY,1
2026-09-20 11:50:46,DT-001,NORMAL,30.47,41.38,39.22,99.2,115.31,NORMAL,0
2026-09-20 11:50:47,DT-001,NORMAL,27.88,40.9,39.34,99.2,107.16,NORMAL,0
2026-09-20 11:50:48,DT-001,NORMAL,25.85,42.05,39.69,99.19,96.39,NORMAL,0
2026-09-20 11:50:49,DT-001,NORMAL,24.55,43.23,39.58,99.19,87.23,NORMAL,0
2026-09-20 11:50:50,DT-001,NORMAL,23.41,42.77,39.42,99.18,80.62,NORMAL,0
2026-09-20 11:50:51,DT-001,NORMAL,25.0,43.21,40.15,99.17,73.2,NORMAL,0
2026-09-20 11:50:52,DT-001,NORMAL,25.5,41.12,40.74,99.17,70.47,NORMAL,0
2026-09-20 11:50:53,DT-001,NORMAL,23.61,39.37,41.1,99.17,66.19,NORMAL,0
2026-09-20 11:50:54,DT-001,NORMAL,21.71,39.17,40.33,99.17,61.32,NORMAL,0
2026-09-20 11:50:55,DT-001,NORMAL,22.74,39.78,40.21,99.16,57.26,NORMAL,0
2026-09-20 11:50:56,DT-001,NORMAL,20.82,38.92,40.68,99.15,51.98,NORMAL,0
2026-09-20 11:50:57,DT-001,NORMAL,20.82,38.25,40.87,99.15,50.82,NORMAL,0
2026-09-20 11:50:58,DT-001,NORMAL,21.62,38.47,40.95,99.14,49.72,NORMAL,0
2026-09-20 11:50:59,DT-001,NORMAL,24.18,37.71,41.09,99.14,49.38,NORMAL,0
2026-09-20 11:51:00,DT-001,NORMAL,27.19,37.68,41.33,99.14,47.11,NORMAL,0
2026-09-20 11:51:01,DT-001,NORMAL,29.89,39.69,41.76,99.13,45.26,NORMAL,0
2026-09-20 11:51:02,DT-001,NORMAL,32.58,40.04,40.9,99.12,45.28,NORMAL,0
2026-09-20 11:51:03,DT-001,NORMAL,33.0,39.57,40.09,99.11,41.9,NORMAL,0
2026-09-20 11:51:04,DT-001,NORMAL,33.38,38.01,40.43,99.11,41.51,NORMAL,0
2026-09-20 11:51:05,DT-001,NORMAL,35.2,38.59,40.53,99.11,38.72,NORMAL,0
2026-09-20 11:51:06,DT-001,NORMAL,37.16,39.89,40.0,99.1,38.73,NORMAL,0
2026-09-20 11:51:07,DT-001,NORMAL,35.17,38.12,39.63,99.1,37.63,NORMAL,0
2026-09-20 11:51:08,DT-001,NORMAL,33.86,39.4,40.16,99.09,36.85,NORMAL,0
2026-09-20 11:51:09,DT-001,NORMAL,31.66,38.09,40.67,99.09,34.4,NORMAL,0
2026-09-20 11:51:10,DT-001,NORMAL,34.06,37.65,39.92,99.08,30.68,NORMAL,0
2026-09-20 11:51:11,DT-001,NORMAL,31.71,36.23,40.64,99.08,31.95,NORMAL,0
2026-09-20 11:51:12,DT-001,NORMAL,33.75,35.89,41.11,99.07,28.23,NORMAL,0
2026-09-20 11:51:13,DT-001,NORMAL,35.9,37.77,40.78,99.06,28.54,NORMAL,0
2026-09-20 11:51:14,DT-001,NORMAL,35.4,37.79,41.17,99.06,29.76,NORMAL,0
2026-09-20 11:51:15,DT-001,NORMAL,34.99,38.91,40.72,99.05,29.53,NORMAL,0
2026-09-20 11:51:16,DT-001,NORMAL,34.64,37.59,41.17,99.04,28.5,NORMAL,0
2026-09-20 11:51:17,DT-001,NORMAL,32.49,37.89,40.53,99.03,29.55,NORMAL,0
2026-09-20 11:51:18,DT-001,NORMAL,34.23,36.66,40.25,99.03,27.87,NORMAL,0
2026-09-20 11:51:19,DT-001,NORMAL,33.36,37.09,40.26,99.02,26.2,NORMAL,0
2026-09-20 11:51:20,DT-001,NORMAL,30.55,35.77,40.26,99.01,26.81,NORMAL,0
2026-09-20 11:51:21,DT-001,NORMAL,31.15,37.44,39.89,99.01,25.52,NORMAL,0
2026-09-20 11:51:22,DT-001,NORMAL,30.16,38.86,40.28,99.0,23.79,NORMAL,0
2026-09-20 11:51:23,DT-001,NORMAL,32.22,40.22,40.59,99.0,21.45,NORMAL,0
2026-09-20 11:51:24,DT-001,NORMAL,31.5,39.44,40.15,98.99,21.0,NORMAL,0
2026-09-20 11:51:25,DT-001,NORMAL,31.87,39.0,40.55,98.99,22.52,NORMAL,0
2026-09-20 11:51:26,DT-001,NORMAL,30.97,38.5,40.51,98.98,22.31,NORMAL,0
2026-09-20 11:51:27,DT-001,NORMAL,31.76,38.46,40.85,98.98,23.52,NORMAL,0
2026-09-20 11:51:28,DT-001,NORMAL,31.56,38.59,40.58,98.97,22.47,NORMAL,0
2026-09-20 11:51:29,DT-001,NORMAL,29.34,37.71,40.45,98.96,23.5,NORMAL,0
2026-09-20 11:51:30,DT-001,NORMAL,28.05,38.28,40.57,98.96,20.79,NORMAL,0
2026-09-20 11:51:31,DT-001,NORMAL,27.33,37.97,41.21,98.95,19.68,NORMAL,0
2026-09-20 11:51:32,DT-001,NORMAL,27.14,39.6,41.7,98.95,17.59,NORMAL,0
2026-09-20 11:51:33,DT-001,NORMAL,25.8,39.87,41.94,98.94,17.76,NORMAL,0
2026-09-20 11:51:34,DT-001,NORMAL,25.48,38.87,42.33,98.93,19.48,NORMAL,0
2026-09-20 11:51:35,DT-001,NORMAL,24.66,39.83,41.4,98.93,21.06,NORMAL,0
2026-09-20 11:51:36,DT-001,NORMAL,27.81,39.81,41.52,98.92,19.32,NORMAL,0
2026-09-20 11:51:37,DT-001,NORMAL,26.86,39.36,40.81,98.92,18.18,NORMAL,0
2026-09-20 11:51:38,DT-001,NORMAL,29.49,40.57,40.09,98.91,17.63,NORMAL,0
2026-09-20 11:51:39,DT-001,NORMAL,31.11,39.98,40.26,98.91,19.65,NORMAL,0
2026-09-20 11:51:40,DT-001,NORMAL,32.63,41.64,40.12,98.9,22.22,NORMAL,0
2026-09-20 11:51:41,DT-001,NORMAL,31.68,43.16,40.34,98.9,23.95,NORMAL,0
2026-09-20 11:51:42,DT-001,NORMAL,31.56,43.07,40.71,98.89,20.9,NORMAL,0
2026-09-20 11:51:43,DT-001,NORMAL,32.72,41.29,40.64,98.89,18.38,NORMAL,0
2026-09-20 11:51:44,DT-001,NORMAL,32.3,40.69,40.33,98.88,17.58,NORMAL,0
2026-09-20 11:51:45,DT-001,NORMAL,32.75,40.91,40.42,98.88,18.12,NORMAL,0
2026-09-20 11:51:46,DT-001,NORMAL,33.98,41.24,41.05,98.87,19.22,NORMAL,0
2026-09-20 11:51:47,DT-001,NORMAL,33.71,42.75,41.5,98.86,19.55,NORMAL,0
2026-09-20 11:51:48,DT-001,NORMAL,30.77,40.99,41.16,98.85,19.87,NORMAL,0
2026-09-20 11:51:49,DT-001,NORMAL,28.5,40.43,40.62,98.85,19.38,NORMAL,0
2026-09-20 11:51:50,DT-001,NORMAL,29.25,39.27,40.81,98.85,17.91,NORMAL,0
2026-09-20 11:51:51,DT-001,NORMAL,27.93,39.65,40.28,98.85,19.03,NORMAL,0
2026-09-20 11:51:52,DT-001,NORMAL,28.47,39.5,39.77,98.84,21.57,NORMAL,0
2026-09-20 11:51:53,DT-001,NORMAL,29.24,39.65,39.48,98.83,21.52,NORMAL,0
2026-09-20 11:51:54,DT-001,NORMAL,28.84,39.52,39.4,98.83,20.14,NORMAL,0
2026-09-20 11:51:55,DT-001,NORMAL,26.99,37.79,39.07,98.82,17.93,NORMAL,0
2026-09-20 11:51:56,DT-001,NORMAL,28.6,37.67,38.87,98.82,19.37,NORMAL,0
2026-09-20 11:51:57,DT-001,NORMAL,27.52,36.21,38.93,98.81,20.87,NORMAL,0
2026-09-20 11:51:58,DT-001,NORMAL,29.18,36.95,38.94,98.81,21.29,NORMAL,0
2026-09-20 11:51:59,DT-001,NORMAL,29.37,37.91,39.12,98.81,23.08,NORMAL,0
2026-09-20 11:52:00,DT-001,NORMAL,29.79,37.44,39.24,98.8,21.72,NORMAL,0
2026-09-20 11:52:01,DT-001,NORMAL,29.18,38.09,40.01,98.79,22.65,NORMAL,0
2026-09-20 11:52:02,DT-001,NORMAL,30.94,37.67,39.92,98.79,20.46,NORMAL,0
2026-09-20 11:52:03,DT-001,NORMAL,28.2,36.65,39.76,98.78,21.81,NORMAL,0
2026-09-20 11:52:04,DT-001,NORMAL,30.75,38.09,39.45,98.77,21.03,NORMAL,0
2026-09-20 11:52:05,DT-001,NORMAL,33.35,38.35,40.16,98.77,23.55,NORMAL,0
2026-09-20 11:52:06,DT-001,NORMAL,31.07,39.53,39.64,98.77,24.01,NORMAL,0
2026-09-20 11:52:07,DT-001,NORMAL,31.75,38.73,39.76,98.76,25.78,NORMAL,0
2026-09-20 11:52:08,DT-001,NORMAL,30.0,38.81,39.87,98.76,27.8,NORMAL,0
2026-09-20 11:52:09,DT-001,NORMAL,27.64,38.98,39.87,98.76,29.09,NORMAL,0
2026-09-20 11:52:10,DT-001,NORMAL,26.94,39.09,39.24,98.76,27.26,NORMAL,0
2026-09-20 11:52:11,DT-001,NORMAL,28.26,40.67,39.06,98.75,27.42,NORMAL,0
2026-09-20 11:52:12,DT-001,NORMAL,29.33,41.65,38.97,98.74,26.69,NORMAL,0
2026-09-20 11:52:13,DT-001,NORMAL,26.71,42.88,38.84,98.73,24.03,NORMAL,0
2026-09-20 11:52:14,DT-001,NORMAL,28.38,43.13,38.61,98.73,24.18,NORMAL,0
